node :         Info Looking up installed tauri packages to check mismatched versions...
At line:1 char:43
+ ... u-desktop'; node 'node_modules\@tauri-apps\cli\tauri.js' build --debu ...
+                 ~~~~~~~~~~~~~~~~~~~~~~~~~~~~~~~~~~~~~~~~~~~~~~~~~~~~~~~~~
    + CategoryInfo          : NotSpecified: (        Info Lo...hed versions...:String) [], RemoteException
    + FullyQualifiedErrorId : NativeCommandError
 
     Running beforeBuildCommand `npm run build`

> alou-desktop@0.1.8 build
> vite build

[36mvite v7.3.0 [32mbuilding client environment for production...[36m[39m
transforming...
[33mnode_modules/ox/_esm/core/Base64.js (6:27): A comment

"/*#__PURE__*/"

in "node_modules/ox/_esm/core/Base64.js" contains an annotation that Rollup cannot interpret due to the position of the
 comment. The comment will be removed to avoid issues.[39m
[32m✓[39m 1587 modules transformed.
rendering chunks...
[33m[plugin vite:reporter] 
(!) D:/AI/alou-pay/aloupay/alou-desktop/src/services/api.js is dynamically imported by D:/AI/alou-pay/aloupay/alou-desk
top/src/components/AgentChat/useGroupChatRemoteControl.js but also statically imported by D:/AI/alou-pay/aloupay/alou-d
esktop/src/components/AgentChat/useAgentMessages.js, D:/AI/alou-pay/aloupay/alou-desktop/src/components/AgentChat/useGr
oupChat.js, D:/AI/alou-pay/aloupay/alou-desktop/src/components/ApiConfigModal.jsx, D:/AI/alou-pay/aloupay/alou-desktop/
src/services/agentResolverService.js, D:/AI/alou-pay/aloupay/alou-desktop/src/services/agentService.js, D:/AI/alou-pay/
aloupay/alou-desktop/src/services/asyncTaskService.js, D:/AI/alou-pay/aloupay/alou-desktop/src/services/authService.js,
 D:/AI/alou-pay/aloupay/alou-desktop/src/services/cliService.js, D:/AI/alou-pay/aloupay/alou-desktop/src/services/clust
erActionService.js, D:/AI/alou-pay/aloupay/alou-desktop/src/services/mcpUiService.js, D:/AI/alou-pay/aloupay/alou-deskt
op/src/services/userService.js, dynamic import will not move module into another chunk.
[39m
[33m[plugin vite:reporter] 
(!) D:/AI/alou-pay/aloupay/alou-desktop/node_modules/@tauri-apps/api/core.js is dynamically imported by D:/AI/alou-pay/
aloupay/alou-desktop/src/components/wallet/WalletConnectQR.jsx, D:/AI/alou-pay/aloupay/alou-desktop/src/routes/AppRoute
s.jsx, D:/AI/alou-pay/aloupay/alou-desktop/src/services/agentResolverService.js, D:/AI/alou-pay/aloupay/alou-desktop/sr
c/services/agentService.js, D:/AI/alou-pay/aloupay/alou-desktop/src/services/agentService.js, D:/AI/alou-pay/aloupay/al
ou-desktop/src/services/agentService.js, D:/AI/alou-pay/aloupay/alou-desktop/src/services/ipfsContentService.js, D:/AI/
alou-pay/aloupay/alou-desktop/src/services/walletSyncService.js, D:/AI/alou-pay/aloupay/alou-desktop/src/services/walle
tSyncService.js but also statically imported by D:/AI/alou-pay/aloupay/alou-desktop/node_modules/@tauri-apps/api/dpi.js
, D:/AI/alou-pay/aloupay/alou-desktop/node_modules/@tauri-apps/api/event.js, D:/AI/alou-pay/aloupay/alou-desktop/node_m
odules/@tauri-apps/api/image.js, D:/AI/alou-pay/aloupay/alou-desktop/node_modules/@tauri-apps/api/window.js, D:/AI/alou
-pay/aloupay/alou-desktop/src/components/SDKComponents.jsx, D:/AI/alou-pay/aloupay/alou-desktop/src/components/agent/Di
apIdentityPanel.jsx, D:/AI/alou-pay/aloupay/alou-desktop/src/services/agentAssetsService.js, D:/AI/alou-pay/aloupay/alo
u-desktop/src/services/desktopWalletService.js, D:/AI/alou-pay/aloupay/alou-desktop/src/services/diapService.js, D:/AI/
alou-pay/aloupay/alou-desktop/src/services/ipfsService.js, D:/AI/alou-pay/aloupay/alou-desktop/src/services/kiloCliServ
ice.js, D:/AI/alou-pay/aloupay/alou-desktop/src/services/lspService.js, D:/AI/alou-pay/aloupay/alou-desktop/src/service
s/pubsubService.js, D:/AI/alou-pay/aloupay/alou-desktop/src/services/specService.js, D:/AI/alou-pay/aloupay/alou-deskto
p/src/services/workflowService.js, dynamic import will not move module into another chunk.
[39m
[33m[plugin vite:reporter] 
(!) D:/AI/alou-pay/aloupay/alou-desktop/src/services/desktopWalletService.js is dynamically imported by D:/AI/alou-pay/
aloupay/alou-desktop/src/services/walletService.js but also statically imported by D:/AI/alou-pay/aloupay/alou-desktop/
src/components/wallet/LocalWalletForm.jsx, D:/AI/alou-pay/aloupay/alou-desktop/src/components/wallet/WalletConnectQR.js
x, D:/AI/alou-pay/aloupay/alou-desktop/src/views/LoginView.jsx, dynamic import will not move module into another chunk.
[39m
computing gzip size...
[2mdist/[22m[32mindex.html                               [39m[1m[2m    0.49 kB[22m[1m[22m[2m │ gzip:   0.32 kB[22m
[2mdist/[22m[32massets/设置 0.7-B7cfnK54.png               [39m[1m[2m    4.16 kB[22m[1m[22m
[2mdist/[22m[32massets/钱包0.3-uz_dx3EM.png                [39m[1m[2m    4.39 kB[22m[1m[22m
[2mdist/[22m[32massets/刷新0.2-Dngaj36O.png                [39m[1m[2m    4.57 kB[22m[1m[22m
[2mdist/[22m[32massets/icon_翻译-BGOgOenL.png              [39m[1m[2m    4.66 kB[22m[1m[22m
[2mdist/[22m[32massets/创建-P5XHfrUh.png                   [39m[1m[2m    4.82 kB[22m[1m[22m
[2mdist/[22m[32massets/关闭0.3-B0ij6vXB.png                [39m[1m[2m    4.86 kB[22m[1m[22m
[2mdist/[22m[32massets/加载0.2-D4wA2mqL.png                [39m[1m[2m    5.09 kB[22m[1m[22m
[2mdist/[22m[32massets/搜索-BqvwV6ic.png                   [39m[1m[2m    5.30 kB[22m[1m[22m
[2mdist/[22m[32massets/收缩6-1uov1L64.png                  [39m[1m[2m    5.33 kB[22m[1m[22m
[2mdist/[22m[32massets/登录-DWyJq7sS.png                   [39m[1m[2m    5.59 kB[22m[1m[22m
[2mdist/[22m[32massets/链接0.2-ILmol1oB.png                [39m[1m[2m    6.54 kB[22m[1m[22m
[2mdist/[22m[32massets/群组-8bPyGzcN.png                   [39m[1m[2m    6.72 kB[22m[1m[22m
[2mdist/[22m[32massets/设置0.3-CiIAR45n.png                [39m[1m[2m    8.67 kB[22m[1m[22m
[2mdist/[22m[35massets/index-B2iXpuh3.css                [39m[1m[2m  172.12 kB[22m[1m[22m[2m │ gzip:  26.70 kB[22m
[2mdist/[22m[36massets/PhCaretLeft-B7YLoNEF.js           [39m[1m[2m    1.88 kB[22m[1m[22m[2m │ gzip:   0.92 kB[22m
[2mdist/[22m[36massets/PhCaretDown-ddSjwcwm.js           [39m[1m[2m    1.94 kB[22m[1m[22m[2m │ gzip:   0.96 kB[22m
[2mdist/[22m[36massets/PhCaretRight-BY8D5MIg.js          [39m[1m[2m    1.96 kB[22m[1m[22m[2m │ gzip:   0.94 kB[22m
[2mdist/[22m[36massets/PhCaretUp-BG10nSut.js             [39m[1m[2m    2.02 kB[22m[1m[22m[2m │ gzip:   0.94 kB[22m
[2mdist/[22m[36massets/PhArrowUpRight-Bn-JhHsY.js        [39m[1m[2m    2.06 kB[22m[1m[22m[2m │ gzip:   1.02 kB[22m
[2mdist/[22m[36massets/PhArrowDown-CkoOD89h.js           [39m[1m[2m    2.10 kB[22m[1m[22m[2m │ gzip:   1.01 kB[22m
[2mdist/[22m[36massets/PhArrowRight-BI-V03Xf.js          [39m[1m[2m    2.11 kB[22m[1m[22m[2m │ gzip:   1.01 kB[22m
[2mdist/[22m[36massets/PhPlus-CBvZvLax.js                [39m[1m[2m    2.11 kB[22m[1m[22m[2m │ gzip:   0.97 kB[22m
[2mdist/[22m[36massets/PhCheck-DrKd7pBC.js               [39m[1m[2m    2.11 kB[22m[1m[22m[2m │ gzip:   0.99 kB[22m
[2mdist/[22m[36massets/PhArrowLeft-C0jlxVhM.js           [39m[1m[2m    2.12 kB[22m[1m[22m[2m │ gzip:   1.01 kB[22m
[2mdist/[22m[36massets/PhArrowUp-izKvURUW.js             [39m[1m[2m    2.17 kB[22m[1m[22m[2m │ gzip:   1.01 kB[22m
[2mdist/[22m[36massets/PhMagnifyingGlass-B6D0sWFL.js     [39m[1m[2m    2.21 kB[22m[1m[22m[2m │ gzip:   1.08 kB[22m
[2mdist/[22m[36massets/PhBrowser-BjzAmrHO.js             [39m[1m[2m    2.22 kB[22m[1m[22m[2m │ gzip:   0.97 kB[22m
[2mdist/[22m[36massets/PhDotsThree-CSAEcba1.js           [39m[1m[2m    2.25 kB[22m[1m[22m[2m │ gzip:   0.95 kB[22m
[2mdist/[22m[36massets/PhFunnelSimple-DKx35ITq.js        [39m[1m[2m    2.36 kB[22m[1m[22m[2m │ gzip:   1.00 kB[22m
[2mdist/[22m[36massets/PhCopy-rgttky8E.js                [39m[1m[2m    2.36 kB[22m[1m[22m[2m │ gzip:   1.01 kB[22m
[2mdist/[22m[36massets/PhClock-Sj17weCB.js               [39m[1m[2m    2.37 kB[22m[1m[22m[2m │ gzip:   1.03 kB[22m
[2mdist/[22m[36massets/PhWarningCircle-Cm58gXb9.js       [39m[1m[2m    2.43 kB[22m[1m[22m[2m │ gzip:   1.05 kB[22m
[2mdist/[22m[36massets/PhX-C3b4cCEy.js                   [39m[1m[2m    2.50 kB[22m[1m[22m[2m │ gzip:   1.06 kB[22m
[2mdist/[22m[36massets/PhDeviceMobile-CnybhXY-.js        [39m[1m[2m    2.57 kB[22m[1m[22m[2m │ gzip:   1.07 kB[22m
[2mdist/[22m[36massets/PhArrowClockwise-mOiWYLMV.js      [39m[1m[2m    2.59 kB[22m[1m[22m[2m │ gzip:   1.19 kB[22m
[2mdist/[22m[36massets/PhUser-A2fxqIV0.js                [39m[1m[2m    2.68 kB[22m[1m[22m[2m │ gzip:   1.26 kB[22m
[2mdist/[22m[36massets/PhEnvelope-SmaNeXoQ.js            [39m[1m[2m    2.68 kB[22m[1m[22m[2m │ gzip:   1.18 kB[22m
[2mdist/[22m[36massets/PhCircleHalf-Bk9C4DvT.js          [39m[1m[2m    2.71 kB[22m[1m[22m[2m │ gzip:   1.21 kB[22m
[2mdist/[22m[36massets/PhSignOut-Cq2PivQ6.js             [39m[1m[2m    2.77 kB[22m[1m[22m[2m │ gzip:   1.16 kB[22m
[2mdist/[22m[36massets/PhInfo-X33f06Ej.js                [39m[1m[2m    2.78 kB[22m[1m[22m[2m │ gzip:   1.22 kB[22m
[2mdist/[22m[36massets/PhPower-D8-AcNM6.js               [39m[1m[2m    2.78 kB[22m[1m[22m[2m │ gzip:   1.28 kB[22m
[2mdist/[22m[36massets/PhDesktop-BuCDXYJj.js             [39m[1m[2m    2.79 kB[22m[1m[22m[2m │ gzip:   1.12 kB[22m
[2mdist/[22m[36massets/PhArrowsLeftRight-CYsRQ2qh.js     [39m[1m[2m    2.80 kB[22m[1m[22m[2m │ gzip:   1.18 kB[22m
[2mdist/[22m[36massets/PhArrowCircleDown-BtlNV0TZ.js     [39m[1m[2m    2.81 kB[22m[1m[22m[2m │ gzip:   1.18 kB[22m
[2mdist/[22m[36massets/PhQuestionMark-W55Txvvb.js        [39m[1m[2m    2.84 kB[22m[1m[22m[2m │ gzip:   1.30 kB[22m
[2mdist/[22m[36massets/PhArrowSquareOut-DnQ7n_B4.js      [39m[1m[2m    2.93 kB[22m[1m[22m[2m │ gzip:   1.25 kB[22m
[2mdist/[22m[36massets/PhArrowsDownUp-PZosTqZG.js        [39m[1m[2m    2.93 kB[22m[1m[22m[2m │ gzip:   1.18 kB[22m
[2mdist/[22m[36massets/PhCreditCard-CZpdid2n.js          [39m[1m[2m    2.93 kB[22m[1m[22m[2m │ gzip:   1.16 kB[22m
[2mdist/[22m[36massets/PhBank-hhPAIPVb.js                [39m[1m[2m    2.94 kB[22m[1m[22m[2m │ gzip:   1.25 kB[22m
[2mdist/[22m[36massets/PhVault-B8m1usHw.js               [39m[1m[2m    2.97 kB[22m[1m[22m[2m │ gzip:   1.20 kB[22m
[2mdist/[22m[36massets/PhCompass-Df1ugFO-.js             [39m[1m[2m    2.98 kB[22m[1m[22m[2m │ gzip:   1.28 kB[22m
[2mdist/[22m[36massets/PhPaperPlaneRight-Dvo-nXr9.js     [39m[1m[2m    3.10 kB[22m[1m[22m[2m │ gzip:   1.42 kB[22m
[2mdist/[22m[36massets/PhTrash-BamrmMsN.js               [39m[1m[2m    3.12 kB[22m[1m[22m[2m │ gzip:   1.19 kB[22m
[2mdist/[22m[36massets/PhCurrencyDollar-B6IKKjue.js      [39m[1m[2m    3.24 kB[22m[1m[22m[2m │ gzip:   1.33 kB[22m
[2mdist/[22m[36massets/PhQuestion-rUoqC2sC.js            [39m[1m[2m    3.32 kB[22m[1m[22m[2m │ gzip:   1.45 kB[22m
[2mdist/[22m[36massets/PhImage-BYrKfN9k.js               [39m[1m[2m    3.44 kB[22m[1m[22m[2m │ gzip:   1.45 kB[22m
[2mdist/[22m[36massets/PhArrowsClockwise-Brtx2Re-.js     [39m[1m[2m    3.87 kB[22m[1m[22m[2m │ gzip:   1.59 kB[22m
[2mdist/[22m[36massets/PhWarning-CpkID9oi.js             [39m[1m[2m    3.91 kB[22m[1m[22m[2m │ gzip:   1.49 kB[22m
[2mdist/[22m[36massets/walletSyncService-DXe0zY8O.js     [39m[1m[2m    4.17 kB[22m[1m[22m[2m │ gzip:   1.72 kB[22m
[2mdist/[22m[36massets/PhIdentificationCard-BeLXJpfZ.js  [39m[1m[2m    4.22 kB[22m[1m[22m[2m │ gzip:   1.65 kB[22m
[2mdist/[22m[36massets/PhSpinner-CZMtAFdX.js             [39m[1m[2m    4.45 kB[22m[1m[22m[2m │ gzip:   1.65 kB[22m
[2mdist/[22m[36massets/PhLightbulb-DMZJsowR.js           [39m[1m[2m    4.92 kB[22m[1m[22m[2m │ gzip:   1.86 kB[22m
[2mdist/[22m[36massets/PhQrCode-uIXlI5ER.js              [39m[1m[2m    4.92 kB[22m[1m[22m[2m │ gzip:   1.47 kB[22m
[2mdist/[22m[36massets/PhPuzzlePiece-C-7mYqGO.js         [39m[1m[2m    5.37 kB[22m[1m[22m[2m │ gzip:   1.96 kB[22m
[2mdist/[22m[36massets/PhGlobe-q1mqj65V.js               [39m[1m[2m    5.72 kB[22m[1m[22m[2m │ gzip:   1.92 kB[22m
[2mdist/[22m[36massets/features-u9OlM8GJ.js              [39m[1m[2m    5.84 kB[22m[1m[22m[2m │ gzip:   2.30 kB[22m
[2mdist/[22m[36massets/PhSealCheck-BeVLq9PH.js           [39m[1m[2m   12.10 kB[22m[1m[22m[2m │ gzip:   4.02 kB[22m
[2mdist/[22m[36massets/window-DZZtwZoZ.js                [39m[1m[2m   14.24 kB[22m[1m[22m[2m │ gzip:   3.57 kB[22m
[2mdist/[22m[36massets/property-CnFDNXw5.js              [39m[1m[2m   17.20 kB[22m[1m[22m[2m │ gzip:   6.41 kB[22m
[2mdist/[22m[36massets/index-DQo684Il.js                 [39m[1m[2m   46.74 kB[22m[1m[22m[2m │ gzip:  15.07 kB[22m
[2mdist/[22m[36massets/w3m-modal-CnQyfmch.js             [39m[1m[2m   80.78 kB[22m[1m[22m[2m │ gzip:  17.62 kB[22m
[2mdist/[22m[36massets/index-DjmeBjDY.js                 [39m[1m[2m   84.89 kB[22m[1m[22m[2m │ gzip:  22.99 kB[22m
[2mdist/[22m[36massets/basic-ROdgLNVA.js                 [39m[1m[2m  115.98 kB[22m[1m[22m[2m │ gzip:  30.40 kB[22m
[2mdist/[22m[36massets/index-J-eWgCVj.js                 [39m[1m[2m  217.11 kB[22m[1m[22m[2m │ gzip:  69.26 kB[22m
[2mdist/[22m[36massets/core-D89Uwx-e.js                  [39m[1m[33m  568.09 kB[39m[22m[2m │ gzip: 164.72 kB[22m
[2mdist/[22m[36massets/index-CO3Xq2-m.js                 [39m[1m[33m1,595.06 kB[39m[22m[2m │ gzip: 530.52 kB[22m
[33m
(!) Some chunks are larger than 500 kB after minification. Consider:
- Using dynamic import() to code-split the application
- Use build.rollupOptions.output.manualChunks to improve chunking: https://rollupjs.org/configuration-options/#output-m
anualchunks
- Adjust chunk size limit for this warning via build.chunkSizeWarningLimit.[39m
[32m✓ built in 8.85s[39m
   Compiling tauri-utils v2.8.0
   Compiling windows v0.61.3
   Compiling ark-ff v0.4.2
   Compiling winapi v0.3.9
   Compiling windows v0.62.2
   Compiling winnow v0.7.13
   Compiling ucd-trie v0.1.7
   Compiling proc-macro-error-attr v0.4.12
   Compiling postcard v1.1.3
   Compiling cookie v0.18.1
   Compiling proc-macro-error v0.4.12
   Compiling iroh-quinn-udp v0.5.7
   Compiling pest v2.8.3
   Compiling flate2 v1.1.5
   Compiling derive_more v2.0.1
   Compiling n0-future v0.1.3
   Compiling hashbrown v0.13.2
   Compiling pkcs8 v0.11.0-rc.8
   Compiling curve25519-dalek v5.0.0-pre.1
   Compiling toml_parser v1.0.4
   Compiling rustversion v1.0.22
   Compiling crypto-common v0.1.7
memory allocation of 1114128 bytes failed
memory allocation of 2097152 bytes failed
error: could not compile `crypto-common` (lib)

Caused by:
  could not execute process `C:\Users\Mechrevo\.rustup\toolchains\stable-x86_64-pc-windows-msvc\bin\rustc.exe --crate-n
ame crypto_common --edition=2018 C:\Users\Mechrevo\.cargo\registry\src\index.crates.io-1949cf8c6b5b557f\crypto-common-0
.1.7\src\lib.rs --error-format=json --json=diagnostic-rendered-ansi,artifacts,future-incompat --crate-type lib --emit=d
ep-info,metadata,link -C embed-bitcode=no --cfg "feature=\"std\"" --check-cfg cfg(docsrs,test) --check-cfg "cfg(feature
, values(\"getrandom\", \"rand_core\", \"std\"))" -C metadata=93c6058e8a725a90 -C extra-filename=-f126fe3f0c033cdb --ou
t-dir D:\AI\alou-pay\aloupay\alou-desktop\src-tauri\target\debug\deps -L dependency=D:\AI\alou-pay\aloupay\alou-desktop
\src-tauri\target\debug\deps --extern generic_array=D:\AI\alou-pay\aloupay\alou-desktop\src-tauri\target\debug\deps\lib
generic_array-a5159b018635cc36.rmeta --extern typenum=D:\AI\alou-pay\aloupay\alou-desktop\src-tauri\target\debug\deps\l
ibtypenum-95162c8d77789b43.rmeta --cap-lints allow` (never executed)

Caused by:
  内存资源不足，无法处理此命令。 (os error 8)
warning: build failed, waiting for other jobs to finish...
memory allocation of 1048576 bytes failed
memory allocation of 1048576 bytes failed
memory allocation of 2097152 bytes failed
error: could not compile `tauri-utils` (lib)

Caused by:
  process didn't exit successfully: `C:\Users\Mechrevo\.rustup\toolchains\stable-x86_64-pc-windows-msvc\bin\rustc.exe -
-crate-name tauri_utils --edition=2021 C:\Users\Mechrevo\.cargo\registry\src\index.crates.io-1949cf8c6b5b557f\tauri-uti
ls-2.8.0\src\lib.rs --error-format=json --json=diagnostic-rendered-ansi,artifacts,future-incompat --crate-type lib --em
it=dep-info,metadata,link -C embed-bitcode=no --cfg "feature=\"brotli\"" --cfg "feature=\"build\"" --cfg "feature=\"car
go_metadata\"" --cfg "feature=\"compression\"" --cfg "feature=\"html-manipulation\"" --cfg "feature=\"proc-macro2\"" --
cfg "feature=\"quote\"" --cfg "feature=\"resources\"" --cfg "feature=\"schema\"" --cfg "feature=\"schemars\"" --cfg "fe
ature=\"swift-rs\"" --cfg "feature=\"walkdir\"" --check-cfg cfg(docsrs,test) --check-cfg "cfg(feature, values(\"aes-gcm
\", \"brotli\", \"build\", \"cargo_metadata\", \"compression\", \"config-json5\", \"config-toml\", \"getrandom\", \"htm
l-manipulation\", \"isolation\", \"json5\", \"proc-macro2\", \"process-relaunch-dangerous-allow-symlink-macos\", \"quot
e\", \"resources\", \"schema\", \"schemars\", \"serialize-to-javascript\", \"swift-rs\", \"walkdir\"))" -C metadata=b63
f598119011585 -C extra-filename=-db7a188cf21a4c7f --out-dir D:\AI\alou-pay\aloupay\alou-desktop\src-tauri\target\debug\
deps -L dependency=D:\AI\alou-pay\aloupay\alou-desktop\src-tauri\target\debug\deps --extern anyhow=D:\AI\alou-pay\aloup
ay\alou-desktop\src-tauri\target\debug\deps\libanyhow-498adc5724fc102a.rmeta --extern brotli=D:\AI\alou-pay\aloupay\alo
u-desktop\src-tauri\target\debug\deps\libbrotli-b68d6d0c167d920d.rmeta --extern cargo_metadata=D:\AI\alou-pay\aloupay\a
lou-desktop\src-tauri\target\debug\deps\libcargo_metadata-e82ea9ef4fc732f9.rmeta --extern ctor=D:\AI\alou-pay\aloupay\a
lou-desktop\src-tauri\target\debug\deps\ctor-cc3bbc99a121f4dc.dll --extern dunce=D:\AI\alou-pay\aloupay\alou-desktop\sr
c-tauri\target\debug\deps\libdunce-cd9d23a3cc449435.rmeta --extern glob=D:\AI\alou-pay\aloupay\alou-desktop\src-tauri\t
arget\debug\deps\libglob-c277a1f9bbca3d1d.rmeta --extern html5ever=D:\AI\alou-pay\aloupay\alou-desktop\src-tauri\target
\debug\deps\libhtml5ever-16fd2f10f894034f.rmeta --extern http=D:\AI\alou-pay\aloupay\alou-desktop\src-tauri\target\debu
g\deps\libhttp-8ffd5701783dd365.rmeta --extern infer=D:\AI\alou-pay\aloupay\alou-desktop\src-tauri\target\debug\deps\li
binfer-ecef39f488da7482.rmeta --extern json_patch=D:\AI\alou-pay\aloupay\alou-desktop\src-tauri\target\debug\deps\libjs
on_patch-e17c3c14ed51a1be.rmeta --extern kuchiki=D:\AI\alou-pay\aloupay\alou-desktop\src-tauri\target\debug\deps\libkuc
hikiki-aa0bfc0f1c2a68cc.rmeta --extern log=D:\AI\alou-pay\aloupay\alou-desktop\src-tauri\target\debug\deps\liblog-23e6e
745293fc94a.rmeta --extern memchr=D:\AI\alou-pay\aloupay\alou-desktop\src-tauri\target\debug\deps\libmemchr-458d0f6e3e3
c4481.rmeta --extern phf=D:\AI\alou-pay\aloupay\alou-desktop\src-tauri\target\debug\deps\libphf-9b655b322d220ee7.rmeta 
--extern proc_macro2=D:\AI\alou-pay\aloupay\alou-desktop\src-tauri\target\debug\deps\libproc_macro2-690d7942f43956a1.rm
eta --extern quote=D:\AI\alou-pay\aloupay\alou-desktop\src-tauri\target\debug\deps\libquote-d44ca3841e08de36.rmeta --ex
tern regex=D:\AI\alou-pay\aloupay\alou-desktop\src-tauri\target\debug\deps\libregex-89640ddf8e9cc42c.rmeta --extern sch
emars=D:\AI\alou-pay\aloupay\alou-desktop\src-tauri\target\debug\deps\libschemars-e5c6cd1ce9a3e2b0.rmeta --extern semve
r=D:\AI\alou-pay\aloupay\alou-desktop\src-tauri\target\debug\deps\libsemver-56df46a92c161ba4.rmeta --extern serde=D:\AI
\alou-pay\aloupay\alou-desktop\src-tauri\target\debug\deps\libserde-f8b93ff9c3d2680b.rmeta --extern serde_untagged=D:\A
I\alou-pay\aloupay\alou-desktop\src-tauri\target\debug\deps\libserde_untagged-072ee909ae57482a.rmeta --extern serde_jso
n=D:\AI\alou-pay\aloupay\alou-desktop\src-tauri\target\debug\deps\libserde_json-d6f2ef332ad29abb.rmeta --extern serde_w
ith=D:\AI\alou-pay\aloupay\alou-desktop\src-tauri\target\debug\deps\libserde_with-e3cf55137f69d54b.rmeta --extern thise
rror=D:\AI\alou-pay\aloupay\alou-desktop\src-tauri\target\debug\deps\libthiserror-2baf14692b14b2cd.rmeta --extern toml=
D:\AI\alou-pay\aloupay\alou-desktop\src-tauri\target\debug\deps\libtoml-caeeebc46d07e8fa.rmeta --extern url=D:\AI\alou-
pay\aloupay\alou-desktop\src-tauri\target\debug\deps\liburl-36efbe9e19637fc2.rmeta --extern urlpattern=D:\AI\alou-pay\a
loupay\alou-desktop\src-tauri\target\debug\deps\liburlpattern-ad521d5610e9b6a4.rmeta --extern uuid=D:\AI\alou-pay\aloup
ay\alou-desktop\src-tauri\target\debug\deps\libuuid-c0618c5df4638b22.rmeta --extern walkdir=D:\AI\alou-pay\aloupay\alou
-desktop\src-tauri\target\debug\deps\libwalkdir-1b25b3742918c4c0.rmeta --cap-lints allow` (exit code: 0xc0000409, STATU
S_STACK_BUFFER_OVERRUN)
error[E0786]: found invalid metadata files for crate `core`
  |
  = note: failed to mmap file 'C:\Users\Mechrevo\.rustup\toolchains\stable-x86_64-pc-windows-msvc\lib\rustlib\x86_64-pc
-windows-msvc\lib\libcore-5947956567d4def9.rlib': 页面文件太小，无法完成操作。 (os error 1455)

error: cannot resolve a prelude import

error[E0786]: found invalid metadata files for crate `core` which `std` depends on
  |
  = note: failed to mmap file 'C:\Users\Mechrevo\.rustup\toolchains\stable-x86_64-pc-windows-msvc\lib\rustlib\x86_64-pc
-windows-msvc\lib\libcore-5947956567d4def9.rlib': 页面文件太小，无法完成操作。 (os error 1455)

error[E0463]: can't find crate for `std`
   --> C:\Users\Mechrevo\.cargo\registry\src\index.crates.io-1949cf8c6b5b557f\rustversion-1.0.22\src\lib.rs:197:1
    |
197 | extern crate proc_macro;
    | ^^^^^^^^^^^^^^^^^^^^^^^^ can't find crate
    |
    = note: the `x86_64-pc-windows-msvc` target may not support the standard library

error[E0463]: can't find crate for `proc_macro`

error[E0463]: can't find crate for `std`
 --> C:\Users\Mechrevo\.cargo\registry\src\index.crates.io-1949cf8c6b5b557f\rustversion-1.0.22\src\error.rs:2:5
  |
2 | use std::fmt::Display;
  |     ^^^ can't find crate
  |
  = note: the `x86_64-pc-windows-msvc` target may not support the standard library

error[E0786]: found invalid metadata files for crate `compiler_builtins` which `alloc` depends on
  --> C:\Users\Mechrevo\.cargo\registry\src\index.crates.io-1949cf8c6b5b557f\hashbrown-0.13.2\src\lib.rs:46:1
   |
46 | extern crate alloc;
   | ^^^^^^^^^^^^^^^^^^^
   |
   = note: failed to mmap file 'C:\Users\Mechrevo\.rustup\toolchains\stable-x86_64-pc-windows-msvc\lib\rustlib\x86_64-p
c-windows-msvc\lib\libcompiler_builtins-f2f02143ae5e3dd2.rlib': 页面文件太小，无法完成操作。 (os error 1455)

error: cannot find macro `vec` in this scope
  --> C:\Users\Mechrevo\.cargo\registry\src\index.crates.io-1949cf8c6b5b557f\rustversion-1.0.22\src\error.rs:36:32
   |
36 |         TokenStream::from_iter(vec![
   |                                ^^^

error: could not compile `windows` (lib)

Caused by:
  process didn't exit successfully: `C:\Users\Mechrevo\.rustup\toolchains\stable-x86_64-pc-windows-msvc\bin\rustc.exe -
-crate-name windows --edition=2021 C:\Users\Mechrevo\.cargo\registry\src\index.crates.io-1949cf8c6b5b557f\windows-0.62.
2\src\lib.rs --error-format=json --json=diagnostic-rendered-ansi,artifacts,future-incompat --crate-type lib --emit=dep-
info,metadata,link -C embed-bitcode=no -C debuginfo=2 --warn=unexpected_cfgs --warn=missing_unsafe_on_extern --check-cf
g "cfg(windows_raw_dylib, windows_slim_errors)" --cfg "feature=\"Win32\"" --cfg "feature=\"Win32_Foundation\"" --cfg "f
eature=\"Win32_NetworkManagement\"" --cfg "feature=\"Win32_NetworkManagement_IpHelper\"" --cfg "feature=\"Win32_Network
Management_Ndis\"" --cfg "feature=\"Win32_Networking\"" --cfg "feature=\"Win32_Networking_WinSock\"" --cfg "feature=\"W
in32_Security\"" --cfg "feature=\"Win32_Storage\"" --cfg "feature=\"Win32_Storage_FileSystem\"" --cfg "feature=\"Win32_
System\"" --cfg "feature=\"Win32_System_Com\"" --cfg "feature=\"Win32_System_IO\"" --cfg "feature=\"Win32_System_Ioctl\
"" --cfg "feature=\"Win32_System_Ole\"" --cfg "feature=\"Win32_System_Rpc\"" --cfg "feature=\"Win32_System_SystemServic
es\"" --cfg "feature=\"Win32_System_Variant\"" --cfg "feature=\"Win32_System_Wmi\"" --cfg "feature=\"default\"" --cfg "
feature=\"std\"" --check-cfg cfg(docsrs,test) --check-cfg "cfg(feature, values(\"AI\", \"AI_Actions\", \"AI_Actions_Hos
ting\", \"AI_Actions_Provider\", \"AI_Agents\", \"AI_Agents_Mcp\", \"AI_MachineLearning\", \"ApplicationModel\", \"Appl
icationModel_Activation\", \"ApplicationModel_AppExtensions\", \"ApplicationModel_AppService\", \"ApplicationModel_Appo
intments\", \"ApplicationModel_Appointments_AppointmentsProvider\", \"ApplicationModel_Appointments_DataProvider\", \"A
pplicationModel_Background\", \"ApplicationModel_Calls\", \"ApplicationModel_Calls_Background\", \"ApplicationModel_Cal
ls_Provider\", \"ApplicationModel_Chat\", \"ApplicationModel_CommunicationBlocking\", \"ApplicationModel_Contacts\", \"
ApplicationModel_Contacts_DataProvider\", \"ApplicationModel_Contacts_Provider\", \"ApplicationModel_ConversationalAgen
t\", \"ApplicationModel_Core\", \"ApplicationModel_DataTransfer\", \"ApplicationModel_DataTransfer_DragDrop\", \"Applic
ationModel_DataTransfer_DragDrop_Core\", \"ApplicationModel_DataTransfer_ShareTarget\", \"ApplicationModel_Email\", \"A
pplicationModel_Email_DataProvider\", \"ApplicationModel_ExtendedExecution\", \"ApplicationModel_ExtendedExecution_Fore
ground\", \"ApplicationModel_Holographic\", \"ApplicationModel_LockScreen\", \"ApplicationModel_PackageExtensions\", \"
ApplicationModel_Payments\", \"ApplicationModel_Payments_Provider\", \"ApplicationModel_Preview\", \"ApplicationModel_P
review_Holographic\", \"ApplicationModel_Preview_InkWorkspace\", \"ApplicationModel_Preview_Notes\", \"ApplicationModel
_Resources\", \"ApplicationModel_Resources_Core\", \"ApplicationModel_Resources_Management\", \"ApplicationModel_Search
\", \"ApplicationModel_Search_Core\", \"ApplicationModel_UserActivities\", \"ApplicationModel_UserActivities_Core\", \"
ApplicationModel_UserDataAccounts\", \"ApplicationModel_UserDataAccounts_Provider\", \"ApplicationModel_UserDataAccount
s_SystemAccess\", \"ApplicationModel_UserDataTasks\", \"ApplicationModel_UserDataTasks_DataProvider\", \"ApplicationMod
el_VoiceCommands\", \"ApplicationModel_Wallet\", \"ApplicationModel_Wallet_System\", \"Data\", \"Data_Html\", \"Data_Js
on\", \"Data_Pdf\", \"Data_Text\", \"Data_Xml\", \"Data_Xml_Dom\", \"Data_Xml_Xsl\", \"Devices\", \"Devices_Adc\", \"De
vices_Adc_Provider\", \"Devices_Background\", \"Devices_Bluetooth\", \"Devices_Bluetooth_Advertisement\", \"Devices_Blu
etooth_Background\", \"Devices_Bluetooth_GenericAttributeProfile\", \"Devices_Bluetooth_Rfcomm\", \"Devices_Custom\", \
"Devices_Display\", \"Devices_Display_Core\", \"Devices_Enumeration\", \"Devices_Enumeration_Pnp\", \"Devices_Geolocati
on\", \"Devices_Geolocation_Geofencing\", \"Devices_Geolocation_Provider\", \"Devices_Gpio\", \"Devices_Gpio_Provider\"
, \"Devices_Haptics\", \"Devices_HumanInterfaceDevice\", \"Devices_I2c\", \"Devices_I2c_Provider\", \"Devices_Input\", 
\"Devices_Input_Preview\", \"Devices_Lights\", \"Devices_Lights_Effects\", \"Devices_Midi\", \"Devices_PointOfService\"
, \"Devices_PointOfService_Provider\", \"Devices_Portable\", \"Devices_Power\", \"Devices_Printers\", \"Devices_Printer
s_Extensions\", \"Devices_Pwm\", \"Devices_Pwm_Provider\", \"Devices_Radios\", \"Devices_Scanners\", \"Devices_Sensors\
", \"Devices_Sensors_Custom\", \"Devices_SerialCommunication\", \"Devices_SmartCards\", \"Devices_Sms\", \"Devices_Spi\
", \"Devices_Spi_Provider\", \"Devices_Usb\", \"Devices_WiFi\", \"Devices_WiFiDirect\", \"Devices_WiFiDirect_Services\"
, \"Foundation\", \"Foundation_Collections\", \"Foundation_Diagnostics\", \"Foundation_Metadata\", \"Foundation_Numeric
s\", \"Gaming\", \"Gaming_Input\", \"Gaming_Input_Custom\", \"Gaming_Input_ForceFeedback\", \"Gaming_Input_Preview\", \
"Gaming_Preview\", \"Gaming_Preview_GamesEnumeration\", \"Gaming_UI\", \"Gaming_XboxLive\", \"Gaming_XboxLive_Storage\"
, \"Globalization\", \"Globalization_Collation\", \"Globalization_DateTimeFormatting\", \"Globalization_Fonts\", \"Glob
alization_NumberFormatting\", \"Globalization_PhoneNumberFormatting\", \"Graphics\", \"Graphics_Capture\", \"Graphics_D
irectX\", \"Graphics_DirectX_Direct3D11\", \"Graphics_Display\", \"Graphics_Display_Core\", \"Graphics_Effects\", \"Gra
phics_Holographic\", \"Graphics_Imaging\", \"Graphics_Printing\", \"Graphics_Printing3D\", \"Graphics_Printing_OptionDe
tails\", \"Graphics_Printing_PrintSupport\", \"Graphics_Printing_PrintTicket\", \"Graphics_Printing_ProtectedPrint\", \
"Graphics_Printing_Workflow\", \"Management\", \"Management_Core\", \"Management_Deployment\", \"Management_Deployment_
Preview\", \"Management_Policies\", \"Management_Setup\", \"Management_Update\", \"Management_Workplace\", \"Media\", \
"Media_AppBroadcasting\", \"Media_AppRecording\", \"Media_Audio\", \"Media_Capture\", \"Media_Capture_Core\", \"Media_C
apture_Frames\", \"Media_Casting\", \"Media_ClosedCaptioning\", \"Media_ContentRestrictions\", \"Media_Control\", \"Med
ia_Core\", \"Media_Core_Preview\", \"Media_Devices\", \"Media_Devices_Core\", \"Media_DialProtocol\", \"Media_Editing\"
, \"Media_Effects\", \"Media_FaceAnalysis\", \"Media_Import\", \"Media_MediaProperties\", \"Media_Miracast\", \"Media_O
cr\", \"Media_PlayTo\", \"Media_Playback\", \"Media_Playlists\", \"Media_Protection\", \"Media_Protection_PlayReady\", 
\"Media_Render\", \"Media_SpeechRecognition\", \"Media_SpeechSynthesis\", \"Media_Streaming\", \"Media_Streaming_Adapti
ve\", \"Media_Transcoding\", \"Networking\", \"Networking_BackgroundTransfer\", \"Networking_Connectivity\", \"Networki
ng_NetworkOperators\", \"Networking_Proximity\", \"Networking_PushNotifications\", \"Networking_ServiceDiscovery\", \"N
etworking_ServiceDiscovery_Dnssd\", \"Networking_Sockets\", \"Networking_Vpn\", \"Networking_XboxLive\", \"Perception\"
, \"Perception_Automation\", \"Perception_Automation_Core\", \"Perception_People\", \"Perception_Spatial\", \"Perceptio
n_Spatial_Preview\", \"Perception_Spatial_Surfaces\", \"Security\", \"Security_Authentication\", \"Security_Authenticat
ion_Identity\", \"Security_Authentication_Identity_Core\", \"Security_Authentication_OnlineId\", \"Security_Authenticat
ion_Web\", \"Security_Authentication_Web_Core\", \"Security_Authentication_Web_Provider\", \"Security_Authorization\", 
\"Security_Authorization_AppCapabilityAccess\", \"Security_Credentials\", \"Security_Credentials_UI\", \"Security_Crypt
ography\", \"Security_Cryptography_Certificates\", \"Security_Cryptography_Core\", \"Security_Cryptography_DataProtecti
on\", \"Security_DataProtection\", \"Security_EnterpriseData\", \"Security_ExchangeActiveSyncProvisioning\", \"Security
_Isolation\", \"Services\", \"Services_Maps\", \"Services_Maps_Guidance\", \"Services_Maps_LocalSearch\", \"Services_Ma
ps_OfflineMaps\", \"Services_Store\", \"Services_TargetedContent\", \"Storage\", \"Storage_AccessCache\", \"Storage_Bul
kAccess\", \"Storage_Compression\", \"Storage_FileProperties\", \"Storage_Pickers\", \"Storage_Pickers_Provider\", \"St
orage_Provider\", \"Storage_Search\", \"Storage_Streams\", \"System\", \"System_Diagnostics\", \"System_Diagnostics_Dev
icePortal\", \"System_Diagnostics_Telemetry\", \"System_Diagnostics_TraceReporting\", \"System_Display\", \"System_Impl
ementation\", \"System_Implementation_FileExplorer\", \"System_Inventory\", \"System_Power\", \"System_Profile\", \"Sys
tem_Profile_SystemManufacturers\", \"System_RemoteDesktop\", \"System_RemoteDesktop_Input\", \"System_RemoteDesktop_Pro
vider\", \"System_RemoteSystems\", \"System_Threading\", \"System_Threading_Core\", \"System_Update\", \"System_UserPro
file\", \"UI\", \"UI_Accessibility\", \"UI_ApplicationSettings\", \"UI_Composition\", \"UI_Composition_Core\", \"UI_Com
position_Desktop\", \"UI_Composition_Diagnostics\", \"UI_Composition_Effects\", \"UI_Composition_Interactions\", \"UI_C
omposition_Scenes\", \"UI_Core\", \"UI_Core_AnimationMetrics\", \"UI_Core_Preview\", \"UI_Input\", \"UI_Input_Core\", \
"UI_Input_Inking\", \"UI_Input_Inking_Analysis\", \"UI_Input_Inking_Core\", \"UI_Input_Inking_Preview\", \"UI_Input_Pre
view\", \"UI_Input_Preview_Injection\", \"UI_Input_Preview_Text\", \"UI_Input_Spatial\", \"UI_Notifications\", \"UI_Not
ifications_Management\", \"UI_Notifications_Preview\", \"UI_Popups\", \"UI_Shell\", \"UI_StartScreen\", \"UI_Text\", \"
UI_Text_Core\", \"UI_UIAutomation\", \"UI_UIAutomation_Core\", \"UI_ViewManagement\", \"UI_ViewManagement_Core\", \"UI_
WebUI\", \"UI_WindowManagement\", \"UI_WindowManagement_Preview\", \"Wdk\", \"Wdk_Devices\", \"Wdk_Devices_Bluetooth\",
 \"Wdk_Devices_HumanInterfaceDevice\", \"Wdk_Foundation\", \"Wdk_Graphics\", \"Wdk_Graphics_Direct3D\", \"Wdk_NetworkMa
nagement\", \"Wdk_NetworkManagement_Ndis\", \"Wdk_NetworkManagement_WindowsFilteringPlatform\", \"Wdk_Storage\", \"Wdk_
Storage_FileSystem\", \"Wdk_Storage_FileSystem_Minifilters\", \"Wdk_System\", \"Wdk_System_IO\", \"Wdk_System_Memory\",
 \"Wdk_System_OfflineRegistry\", \"Wdk_System_Registry\", \"Wdk_System_SystemInformation\", \"Wdk_System_SystemServices
\", \"Wdk_System_Threading\", \"Web\", \"Web_AtomPub\", \"Web_Http\", \"Web_Http_Diagnostics\", \"Web_Http_Filters\", \
"Web_Http_Headers\", \"Web_Syndication\", \"Web_UI\", \"Web_UI_Interop\", \"Win32\", \"Win32_AI\", \"Win32_AI_MachineLe
arning\", \"Win32_AI_MachineLearning_DirectML\", \"Win32_AI_MachineLearning_WinML\", \"Win32_Data\", \"Win32_Data_HtmlH
elp\", \"Win32_Data_RightsManagement\", \"Win32_Data_Xml\", \"Win32_Data_Xml_MsXml\", \"Win32_Data_Xml_XmlLite\", \"Win
32_Devices\", \"Win32_Devices_AllJoyn\", \"Win32_Devices_Beep\", \"Win32_Devices_BiometricFramework\", \"Win32_Devices_
Bluetooth\", \"Win32_Devices_Cdrom\", \"Win32_Devices_Communication\", \"Win32_Devices_DeviceAccess\", \"Win32_Devices_
DeviceAndDriverInstallation\", \"Win32_Devices_DeviceQuery\", \"Win32_Devices_Display\", \"Win32_Devices_Dvd\", \"Win32
_Devices_Enumeration\", \"Win32_Devices_Enumeration_Pnp\", \"Win32_Devices_Fax\", \"Win32_Devices_FunctionDiscovery\", 
\"Win32_Devices_Geolocation\", \"Win32_Devices_HumanInterfaceDevice\", \"Win32_Devices_ImageAcquisition\", \"Win32_Devi
ces_Nfc\", \"Win32_Devices_Nfp\", \"Win32_Devices_PortableDevices\", \"Win32_Devices_Properties\", \"Win32_Devices_Pwm\
", \"Win32_Devices_Sensors\", \"Win32_Devices_SerialCommunication\", \"Win32_Devices_Tapi\", \"Win32_Devices_Usb\", \"W
in32_Devices_WebServicesOnDevices\", \"Win32_Foundation\", \"Win32_Gaming\", \"Win32_Globalization\", \"Win32_Graphics\
", \"Win32_Graphics_CompositionSwapchain\", \"Win32_Graphics_DXCore\", \"Win32_Graphics_Direct2D\", \"Win32_Graphics_Di
rect2D_Common\", \"Win32_Graphics_Direct3D\", \"Win32_Graphics_Direct3D10\", \"Win32_Graphics_Direct3D11\", \"Win32_Gra
phics_Direct3D11on12\", \"Win32_Graphics_Direct3D12\", \"Win32_Graphics_Direct3D9\", \"Win32_Graphics_Direct3D9on12\", 
\"Win32_Graphics_Direct3D_Dxc\", \"Win32_Graphics_Direct3D_Fxc\", \"Win32_Graphics_DirectComposition\", \"Win32_Graphic
s_DirectDraw\", \"Win32_Graphics_DirectManipulation\", \"Win32_Graphics_DirectWrite\", \"Win32_Graphics_Dwm\", \"Win32_
Graphics_Dxgi\", \"Win32_Graphics_Dxgi_Common\", \"Win32_Graphics_Gdi\", \"Win32_Graphics_GdiPlus\", \"Win32_Graphics_H
lsl\", \"Win32_Graphics_Imaging\", \"Win32_Graphics_Imaging_D2D\", \"Win32_Graphics_OpenGL\", \"Win32_Graphics_Printing
\", \"Win32_Graphics_Printing_PrintTicket\", \"Win32_Management\", \"Win32_Management_MobileDeviceManagementRegistratio
n\", \"Win32_Media\", \"Win32_Media_Audio\", \"Win32_Media_Audio_Apo\", \"Win32_Media_Audio_DirectMusic\", \"Win32_Medi
a_Audio_DirectSound\", \"Win32_Media_Audio_Endpoints\", \"Win32_Media_Audio_XAudio2\", \"Win32_Media_DeviceManager\", \
"Win32_Media_DirectShow\", \"Win32_Media_DirectShow_Tv\", \"Win32_Media_DirectShow_Xml\", \"Win32_Media_DxMediaObjects\
", \"Win32_Media_KernelStreaming\", \"Win32_Media_LibrarySharingServices\", \"Win32_Media_MediaFoundation\", \"Win32_Me
dia_MediaPlayer\", \"Win32_Media_Multimedia\", \"Win32_Media_PictureAcquisition\", \"Win32_Media_Speech\", \"Win32_Medi
a_Streaming\", \"Win32_Media_WindowsMediaFormat\", \"Win32_NetworkManagement\", \"Win32_NetworkManagement_Dhcp\", \"Win
32_NetworkManagement_Dns\", \"Win32_NetworkManagement_InternetConnectionWizard\", \"Win32_NetworkManagement_IpHelper\",
 \"Win32_NetworkManagement_MobileBroadband\", \"Win32_NetworkManagement_Multicast\", \"Win32_NetworkManagement_Ndis\", 
\"Win32_NetworkManagement_NetBios\", \"Win32_NetworkManagement_NetManagement\", \"Win32_NetworkManagement_NetShell\", \
"Win32_NetworkManagement_NetworkDiagnosticsFramework\", \"Win32_NetworkManagement_NetworkPolicyServer\", \"Win32_Networ
kManagement_P2P\", \"Win32_NetworkManagement_QoS\", \"Win32_NetworkManagement_Rras\", \"Win32_NetworkManagement_Snmp\",
 \"Win32_NetworkManagement_WNet\", \"Win32_NetworkManagement_WebDav\", \"Win32_NetworkManagement_WiFi\", \"Win32_Networ
kManagement_WindowsConnectNow\", \"Win32_NetworkManagement_WindowsConnectionManager\", \"Win32_NetworkManagement_Window
sFilteringPlatform\", \"Win32_NetworkManagement_WindowsFirewall\", \"Win32_NetworkManagement_WindowsNetworkVirtualizati
on\", \"Win32_Networking\", \"Win32_Networking_ActiveDirectory\", \"Win32_Networking_BackgroundIntelligentTransferServi
ce\", \"Win32_Networking_Clustering\", \"Win32_Networking_HttpServer\", \"Win32_Networking_Ldap\", \"Win32_Networking_N
etworkListManager\", \"Win32_Networking_RemoteDifferentialCompression\", \"Win32_Networking_WebSocket\", \"Win32_Networ
king_WinHttp\", \"Win32_Networking_WinInet\", \"Win32_Networking_WinSock\", \"Win32_Networking_WindowsWebServices\", \"
Win32_Security\", \"Win32_Security_AppLocker\", \"Win32_Security_Authentication\", \"Win32_Security_Authentication_Iden
tity\", \"Win32_Security_Authentication_Identity_Provider\", \"Win32_Security_Authorization\", \"Win32_Security_Authori
zation_UI\", \"Win32_Security_ConfigurationSnapin\", \"Win32_Security_Credentials\", \"Win32_Security_Cryptography\", \
"Win32_Security_Cryptography_Catalog\", \"Win32_Security_Cryptography_Certificates\", \"Win32_Security_Cryptography_Sip
\", \"Win32_Security_Cryptography_UI\", \"Win32_Security_DiagnosticDataQuery\", \"Win32_Security_DirectoryServices\", \
"Win32_Security_EnterpriseData\", \"Win32_Security_ExtensibleAuthenticationProtocol\", \"Win32_Security_Isolation\", \"
Win32_Security_LicenseProtection\", \"Win32_Security_NetworkAccessProtection\", \"Win32_Security_Tpm\", \"Win32_Securit
y_WinTrust\", \"Win32_Security_WinWlx\", \"Win32_Storage\", \"Win32_Storage_Cabinets\", \"Win32_Storage_CloudFilters\",
 \"Win32_Storage_Compression\", \"Win32_Storage_DataDeduplication\", \"Win32_Storage_DistributedFileSystem\", \"Win32_S
torage_EnhancedStorage\", \"Win32_Storage_FileHistory\", \"Win32_Storage_FileServerResourceManager\", \"Win32_Storage_F
ileSystem\", \"Win32_Storage_Imapi\", \"Win32_Storage_IndexServer\", \"Win32_Storage_InstallableFileSystems\", \"Win32_
Storage_IscsiDisc\", \"Win32_Storage_Jet\", \"Win32_Storage_Nvme\", \"Win32_Storage_OfflineFiles\", \"Win32_Storage_Ope
rationRecorder\", \"Win32_Storage_Packaging\", \"Win32_Storage_Packaging_Appx\", \"Win32_Storage_Packaging_Opc\", \"Win
32_Storage_ProjectedFileSystem\", \"Win32_Storage_StructuredStorage\", \"Win32_Storage_Vhd\", \"Win32_Storage_VirtualDi
skService\", \"Win32_Storage_Vss\", \"Win32_Storage_Xps\", \"Win32_Storage_Xps_Printing\", \"Win32_System\", \"Win32_Sy
stem_AddressBook\", \"Win32_System_Antimalware\", \"Win32_System_ApplicationInstallationAndServicing\", \"Win32_System_
ApplicationVerifier\", \"Win32_System_AssessmentTool\", \"Win32_System_ClrHosting\", \"Win32_System_Com\", \"Win32_Syst
em_Com_CallObj\", \"Win32_System_Com_ChannelCredentials\", \"Win32_System_Com_Events\", \"Win32_System_Com_Marshal\", \
"Win32_System_Com_StructuredStorage\", \"Win32_System_Com_UI\", \"Win32_System_Com_Urlmon\", \"Win32_System_ComponentSe
rvices\", \"Win32_System_Console\", \"Win32_System_Contacts\", \"Win32_System_CorrelationVector\", \"Win32_System_DataE
xchange\", \"Win32_System_DeploymentServices\", \"Win32_System_DesktopSharing\", \"Win32_System_DeveloperLicensing\", \
"Win32_System_Diagnostics\", \"Win32_System_Diagnostics_Ceip\", \"Win32_System_Diagnostics_ClrProfiling\", \"Win32_Syst
em_Diagnostics_Debug\", \"Win32_System_Diagnostics_Debug_ActiveScript\", \"Win32_System_Diagnostics_Debug_Extensions\",
 \"Win32_System_Diagnostics_Etw\", \"Win32_System_Diagnostics_ProcessSnapshotting\", \"Win32_System_Diagnostics_ToolHel
p\", \"Win32_System_Diagnostics_TraceLogging\", \"Win32_System_DistributedTransactionCoordinator\", \"Win32_System_Envi
ronment\", \"Win32_System_ErrorReporting\", \"Win32_System_EventCollector\", \"Win32_System_EventLog\", \"Win32_System_
EventNotificationService\", \"Win32_System_GroupPolicy\", \"Win32_System_HostCompute\", \"Win32_System_HostComputeNetwo
rk\", \"Win32_System_HostComputeSystem\", \"Win32_System_Hypervisor\", \"Win32_System_IO\", \"Win32_System_Iis\", \"Win
32_System_Ioctl\", \"Win32_System_JobObjects\", \"Win32_System_Js\", \"Win32_System_Kernel\", \"Win32_System_LibraryLoa
der\", \"Win32_System_Mailslots\", \"Win32_System_Mapi\", \"Win32_System_Memory\", \"Win32_System_Memory_NonVolatile\",
 \"Win32_System_MessageQueuing\", \"Win32_System_MixedReality\", \"Win32_System_Mmc\", \"Win32_System_Ole\", \"Win32_Sy
stem_ParentalControls\", \"Win32_System_PasswordManagement\", \"Win32_System_Performance\", \"Win32_System_Performance_
HardwareCounterProfiling\", \"Win32_System_Pipes\", \"Win32_System_Power\", \"Win32_System_ProcessStatus\", \"Win32_Sys
tem_RealTimeCommunications\", \"Win32_System_Recovery\", \"Win32_System_Registry\", \"Win32_System_RemoteAssistance\", 
\"Win32_System_RemoteDesktop\", \"Win32_System_RemoteManagement\", \"Win32_System_RestartManager\", \"Win32_System_Rest
ore\", \"Win32_System_Rpc\", \"Win32_System_Search\", \"Win32_System_Search_Common\", \"Win32_System_SecurityCenter\", 
\"Win32_System_ServerBackup\", \"Win32_System_Services\", \"Win32_System_SettingsManagementInfrastructure\", \"Win32_Sy
stem_SetupAndMigration\", \"Win32_System_Shutdown\", \"Win32_System_SideShow\", \"Win32_System_StationsAndDesktops\", \
"Win32_System_SubsystemForLinux\", \"Win32_System_SystemInformation\", \"Win32_System_SystemServices\", \"Win32_System_
TaskScheduler\", \"Win32_System_Threading\", \"Win32_System_Time\", \"Win32_System_TpmBaseServices\", \"Win32_System_Tr
ansactionServer\", \"Win32_System_UpdateAgent\", \"Win32_System_UpdateAssessment\", \"Win32_System_UserAccessLogging\",
 \"Win32_System_Variant\", \"Win32_System_VirtualDosMachines\", \"Win32_System_WinRT\", \"Win32_System_WinRT_AllJoyn\",
 \"Win32_System_WinRT_Composition\", \"Win32_System_WinRT_CoreInputView\", \"Win32_System_WinRT_Direct3D11\", \"Win32_S
ystem_WinRT_Display\", \"Win32_System_WinRT_Graphics\", \"Win32_System_WinRT_Graphics_Capture\", \"Win32_System_WinRT_G
raphics_Direct2D\", \"Win32_System_WinRT_Graphics_Imaging\", \"Win32_System_WinRT_Holographic\", \"Win32_System_WinRT_I
solation\", \"Win32_System_WinRT_ML\", \"Win32_System_WinRT_Media\", \"Win32_System_WinRT_Metadata\", \"Win32_System_Wi
nRT_Pdf\", \"Win32_System_WinRT_Printing\", \"Win32_System_WinRT_Shell\", \"Win32_System_WinRT_Storage\", \"Win32_Syste
m_WindowsProgramming\", \"Win32_System_WindowsSync\", \"Win32_System_Wmi\", \"Win32_UI\", \"Win32_UI_Accessibility\", \
"Win32_UI_Animation\", \"Win32_UI_ColorSystem\", \"Win32_UI_Controls\", \"Win32_UI_Controls_Dialogs\", \"Win32_UI_Contr
ols_RichEdit\", \"Win32_UI_HiDpi\", \"Win32_UI_Input\", \"Win32_UI_Input_Ime\", \"Win32_UI_Input_Ink\", \"Win32_UI_Inpu
t_KeyboardAndMouse\", \"Win32_UI_Input_Pointer\", \"Win32_UI_Input_Radial\", \"Win32_UI_Input_Touch\", \"Win32_UI_Input
_XboxController\", \"Win32_UI_InteractionContext\", \"Win32_UI_LegacyWindowsEnvironmentFeatures\", \"Win32_UI_Magnifica
tion\", \"Win32_UI_Notifications\", \"Win32_UI_Ribbon\", \"Win32_UI_Shell\", \"Win32_UI_Shell_Common\", \"Win32_UI_Shel
l_PropertiesSystem\", \"Win32_UI_TabletPC\", \"Win32_UI_TextServices\", \"Win32_UI_WindowsAndMessaging\", \"Win32_UI_Wp
f\", \"Win32_Web\", \"Win32_Web_InternetExplorer\", \"default\", \"docs\", \"std\"))" -C metadata=a0010f93b2529f2a -C e
xtra-filename=-92c155d1f0b7bdd3 --out-dir D:\AI\alou-pay\aloupay\alou-desktop\src-tauri\target\debug\deps -L dependency
=D:\AI\alou-pay\aloupay\alou-desktop\src-tauri\target\debug\deps --extern windows_collections=D:\AI\alou-pay\aloupay\al
ou-desktop\src-tauri\target\debug\deps\libwindows_collections-3ea704c4620e1f27.rmeta --extern windows_core=D:\AI\alou-p
ay\aloupay\alou-desktop\src-tauri\target\debug\deps\libwindows_core-039b6d0ab916a5b6.rmeta --extern windows_future=D:\A
I\alou-pay\aloupay\alou-desktop\src-tauri\target\debug\deps\libwindows_future-fa04692f830b9470.rmeta --extern windows_n
umerics=D:\AI\alou-pay\aloupay\alou-desktop\src-tauri\target\debug\deps\libwindows_numerics-e40603f3a65c158a.rmeta --ca
p-lints allow` (exit code: 0xc0000409, STATUS_STACK_BUFFER_OVERRUN)
error: cannot find macro `vec` in this scope
  --> C:\Users\Mechrevo\.cargo\registry\src\index.crates.io-1949cf8c6b5b557f\rustversion-1.0.22\src\expand.rs:43:17
   |
43 |                 vec![
   |                 ^^^

error: cannot find macro `vec` in this scope
  --> C:\Users\Mechrevo\.cargo\registry\src\index.crates.io-1949cf8c6b5b557f\rustversion-1.0.22\src\expand.rs:79:9
   |
79 |         vec![
   |         ^^^

error[E0463]: can't find crate for `alloc`
  --> C:\Users\Mechrevo\.cargo\registry\src\index.crates.io-1949cf8c6b5b557f\hashbrown-0.13.2\src\map.rs:13:62
   |
13 | pub type DefaultHashBuilder = core::hash::BuildHasherDefault<ahash::AHasher>;
   |                                                              ^^^^^ can't find crate

error: cannot find macro `vec` in this scope
  --> C:\Users\Mechrevo\.cargo\registry\src\index.crates.io-1949cf8c6b5b557f\rustversion-1.0.22\src\iter.rs:12:16
   |
12 |         stack: vec![tokens.into_iter()],
   |                ^^^

error: cannot find macro `format` in this scope
  --> C:\Users\Mechrevo\.cargo\registry\src\index.crates.io-1949cf8c6b5b557f\rustversion-1.0.22\src\token.rs:12:34
   |
12 |             Err(Error::new(span, format!("expected `{}`", ch)))
   |                                  ^^^^^^

error: cannot find macro `unreachable` in this scope
  --> C:\Users\Mechrevo\.cargo\registry\src\index.crates.io-1949cf8c6b5b557f\rustversion-1.0.22\src\token.rs:50:22
   |
50 |                 _ => unreachable!(),
   |                      ^^^^^^^^^^^
   |
help: consider importing this macro
   |
 1 + use core::unreachable;
   |

error: cannot find macro `format` in this scope
  --> C:\Users\Mechrevo\.cargo\registry\src\index.crates.io-1949cf8c6b5b557f\rustversion-1.0.22\src\token.rs:56:13
   |
56 |             format!("expected `(` after `{}`", introducer),
   |             ^^^^^^

error: cannot find macro `unreachable` in this scope
  --> C:\Users\Mechrevo\.cargo\registry\src\index.crates.io-1949cf8c6b5b557f\rustversion-1.0.22\src\token.rs:66:22
   |
66 |                 _ => unreachable!(),
   |                      ^^^^^^^^^^^
   |
help: consider importing this macro
   |
 1 + use core::unreachable;
   |

error: cannot find macro `include` in this scope
   --> C:\Users\Mechrevo\.cargo\registry\src\index.crates.io-1949cf8c6b5b557f\rustversion-1.0.22\src\lib.rs:220:30
    |
220 | const RUSTVERSION: Version = include!(concat!(env!("OUT_DIR"), "\\version.expr"));
    |                              ^^^^^^^
    |
help: consider importing this macro
    |
212 + use core::include;
    |

error: cannot find macro `format` in this scope
  --> C:\Users\Mechrevo\.cargo\registry\src\index.crates.io-1949cf8c6b5b557f\rustversion-1.0.22\src\bound.rs:26:15
   |
26 |     let msg = format!(
   |               ^^^^^^

error: cannot find attribute `derive` in this scope
 --> C:\Users\Mechrevo\.cargo\registry\src\index.crates.io-1949cf8c6b5b557f\rustversion-1.0.22\src\constfn.rs:5:3
  |
5 | #[derive(PartialOrd, PartialEq)]
  |   ^^^^^^
  |
help: consider importing this attribute macro
  |
1 + use core::prelude::rust_2024::derive;
  |

error: cannot find attribute `derive` in this scope
 --> C:\Users\Mechrevo\.cargo\registry\src\index.crates.io-1949cf8c6b5b557f\rustversion-1.0.22\src\date.rs:7:3
  |
7 | #[derive(Copy, Clone, Debug, PartialEq, Eq, PartialOrd, Ord)]
  |   ^^^^^^
  |
help: consider importing this attribute macro
  |
1 + use core::prelude::rust_2024::derive;
  |

error: cannot find macro `write` in this scope
  --> C:\Users\Mechrevo\.cargo\registry\src\index.crates.io-1949cf8c6b5b557f\rustversion-1.0.22\src\date.rs:16:9
   |
16 |         write!(
   |         ^^^^^
   |
help: consider importing this macro
   |
 1 + use core::write;
   |

error: cannot find macro `format` in this scope
  --> C:\Users\Mechrevo\.cargo\registry\src\index.crates.io-1949cf8c6b5b557f\rustversion-1.0.22\src\date.rs:26:19
   |
26 |         let msg = format!("expected nightly date, like {}", time::today());
   |                   ^^^^^^

error: cannot find attribute `derive` in this scope
 --> C:\Users\Mechrevo\.cargo\registry\src\index.crates.io-1949cf8c6b5b557f\rustversion-1.0.22\src\release.rs:6:3
  |
6 | #[derive(Copy, Clone, Debug, PartialEq, Eq, PartialOrd, Ord)]
  |   ^^^^^^
  |
help: consider importing this attribute macro
  |
1 + use core::prelude::rust_2024::derive;
  |

error: cannot find attribute `derive` in this scope
 --> C:\Users\Mechrevo\.cargo\registry\src\index.crates.io-1949cf8c6b5b557f\rustversion-1.0.22\src\version.rs:5:3
  |
5 | #[derive(Copy, Clone, Debug, PartialEq)]
  |   ^^^^^^
  |
help: consider importing this attribute macro
  |
3 + use core::prelude::rust_2024::derive;
  |

error: cannot find attribute `derive` in this scope
  --> C:\Users\Mechrevo\.cargo\registry\src\index.crates.io-1949cf8c6b5b557f\rustversion-1.0.22\src\version.rs:12:3
   |
12 | #[derive(Copy, Clone, Debug, PartialEq)]
   |   ^^^^^^
   |
help: consider importing this attribute macro
   |
 3 + use core::prelude::rust_2024::derive;
   |

error: could not compile `toml_parser` (lib)

Caused by:
  process didn't exit successfully: `C:\Users\Mechrevo\.rustup\toolchains\stable-x86_64-pc-windows-msvc\bin\rustc.exe -
-crate-name toml_parser --edition=2021 C:\Users\Mechrevo\.cargo\registry\src\index.crates.io-1949cf8c6b5b557f\toml_pars
er-1.0.4\src\lib.rs --error-format=json --json=diagnostic-rendered-ansi,artifacts,future-incompat --crate-type lib --em
it=dep-info,metadata,link -C embed-bitcode=no -C debuginfo=2 --warn=rust_2018_idioms --warn=clippy::zero_sized_map_valu
es --warn=clippy::wildcard_imports --warn=clippy::verbose_file_reads --warn=clippy::use_self --warn=unused_qualificatio
ns --warn=unused_macro_rules --warn=unused_lifetimes --warn=unsafe_op_in_unsafe_fn --warn=unreachable_pub --allow=unnam
eable_types --warn=clippy::uninlined_format_args --warn=clippy::trait_duplication_in_bounds --warn=clippy::todo --warn=
clippy::string_to_string --warn=clippy::string_lit_as_bytes --warn=clippy::string_add_assign --warn=clippy::string_add 
--warn=clippy::str_to_string --warn=clippy::semicolon_if_nothing_returned --warn=clippy::self_named_module_files --warn
=clippy::same_functions_in_if_condition --allow=clippy::result_large_err --warn=clippy::rest_pat_in_fully_bound_structs
 --warn=clippy::ref_option_ref --warn=clippy::redundant_feature_names --warn=clippy::rc_mutex --warn=clippy::ptr_as_ptr
 --warn=clippy::path_buf_push_overwrite --warn=clippy::negative_feature_names --warn=clippy::needless_for_each --allow=
clippy::needless_continue --allow=clippy::needless_bool --warn=clippy::mutex_integer --warn=clippy::mem_forget --warn=c
lippy::macro_use_imports --warn=clippy::lossy_float_literal --warn=clippy::linkedlist --allow=clippy::let_and_return --
warn=clippy::large_types_passed_by_value --warn=clippy::large_stack_arrays --warn=clippy::large_digit_groups --warn=cli
ppy::invalid_upcast_comparisons --warn=clippy::infinite_loop --warn=clippy::inefficient_to_string --warn=clippy::incons
istent_struct_constructor --warn=clippy::imprecise_flops --warn=clippy::implicit_clone --allow=clippy::if_same_then_els
e --allow=clippy::get_first --warn=clippy::from_iter_instead_of_collect --warn=clippy::fn_params_excessive_bools --warn
=clippy::float_cmp_const --warn=clippy::flat_map_option --warn=clippy::filter_map_next --warn=clippy::fallible_impl_fro
m --warn=clippy::explicit_into_iter_loop --warn=clippy::explicit_deref_methods --warn=clippy::expl_impl_clone_on_copy -
-warn=clippy::enum_glob_use --warn=clippy::empty_enum --warn=clippy::doc_markdown --warn=clippy::debug_assert_with_mut_
call --warn=clippy::dbg_macro --warn=clippy::create_dir --allow=clippy::collapsible_else_if --warn=clippy::checked_conv
ersions --allow=clippy::branches_sharing_code --allow=clippy::bool_assert_comparison --cfg "feature=\"alloc\"" --cfg "f
eature=\"std\"" --check-cfg cfg(docsrs,test) --check-cfg "cfg(feature, values(\"alloc\", \"debug\", \"default\", \"simd
\", \"std\", \"unsafe\"))" -C metadata=4d13ad07b82a1ecd -C extra-filename=-7b0f072bba401305 --out-dir D:\AI\alou-pay\al
oupay\alou-desktop\src-tauri\target\debug\deps -L dependency=D:\AI\alou-pay\aloupay\alou-desktop\src-tauri\target\debug
\deps --extern winnow=D:\AI\alou-pay\aloupay\alou-desktop\src-tauri\target\debug\deps\libwinnow-3dea140f7a575700.rmeta 
--cap-lints allow` (exit code: 0xc0000409, STATUS_STACK_BUFFER_OVERRUN)
error: could not compile `windows` (lib)

Caused by:
  process didn't exit successfully: `C:\Users\Mechrevo\.rustup\toolchains\stable-x86_64-pc-windows-msvc\bin\rustc.exe -
-crate-name windows --edition=2021 C:\Users\Mechrevo\.cargo\registry\src\index.crates.io-1949cf8c6b5b557f\windows-0.61.
3\src\lib.rs --error-format=json --json=diagnostic-rendered-ansi,artifacts,future-incompat --crate-type lib --emit=dep-
info,metadata,link -C embed-bitcode=no -C debuginfo=2 --warn=rust_2018_idioms --warn=unsafe_op_in_unsafe_fn --warn=unex
pected_cfgs --warn=missing_docs --check-cfg "cfg(windows_raw_dylib, windows_slim_errors)" --cfg "feature=\"Win32\"" --c
fg "feature=\"Win32_Devices\"" --cfg "feature=\"Win32_Devices_HumanInterfaceDevice\"" --cfg "feature=\"Win32_Foundation
\"" --cfg "feature=\"Win32_Globalization\"" --cfg "feature=\"Win32_Graphics\"" --cfg "feature=\"Win32_Graphics_Dwm\"" -
-cfg "feature=\"Win32_Graphics_Gdi\"" --cfg "feature=\"Win32_NetworkManagement\"" --cfg "feature=\"Win32_NetworkManagem
ent_IpHelper\"" --cfg "feature=\"Win32_NetworkManagement_Ndis\"" --cfg "feature=\"Win32_Networking\"" --cfg "feature=\"
Win32_Networking_WinSock\"" --cfg "feature=\"Win32_System\"" --cfg "feature=\"Win32_System_Com\"" --cfg "feature=\"Win3
2_System_Com_StructuredStorage\"" --cfg "feature=\"Win32_System_DataExchange\"" --cfg "feature=\"Win32_System_Diagnosti
cs\"" --cfg "feature=\"Win32_System_Diagnostics_Debug\"" --cfg "feature=\"Win32_System_LibraryLoader\"" --cfg "feature=
\"Win32_System_Memory\"" --cfg "feature=\"Win32_System_Ole\"" --cfg "feature=\"Win32_System_SystemInformation\"" --cfg 
"feature=\"Win32_System_SystemServices\"" --cfg "feature=\"Win32_System_Threading\"" --cfg "feature=\"Win32_System_Vari
ant\"" --cfg "feature=\"Win32_System_WinRT\"" --cfg "feature=\"Win32_System_WindowsProgramming\"" --cfg "feature=\"Win3
2_UI\"" --cfg "feature=\"Win32_UI_Accessibility\"" --cfg "feature=\"Win32_UI_Controls\"" --cfg "feature=\"Win32_UI_HiDp
i\"" --cfg "feature=\"Win32_UI_Input\"" --cfg "feature=\"Win32_UI_Input_Ime\"" --cfg "feature=\"Win32_UI_Input_Keyboard
AndMouse\"" --cfg "feature=\"Win32_UI_Input_Pointer\"" --cfg "feature=\"Win32_UI_Input_Touch\"" --cfg "feature=\"Win32_
UI_Shell\"" --cfg "feature=\"Win32_UI_TextServices\"" --cfg "feature=\"Win32_UI_WindowsAndMessaging\"" --cfg "feature=\
"default\"" --cfg "feature=\"std\"" --check-cfg cfg(docsrs,test) --check-cfg "cfg(feature, values(\"AI\", \"AI_MachineL
earning\", \"ApplicationModel\", \"ApplicationModel_Activation\", \"ApplicationModel_AppExtensions\", \"ApplicationMode
l_AppService\", \"ApplicationModel_Appointments\", \"ApplicationModel_Appointments_AppointmentsProvider\", \"Applicatio
nModel_Appointments_DataProvider\", \"ApplicationModel_Background\", \"ApplicationModel_Calls\", \"ApplicationModel_Cal
ls_Background\", \"ApplicationModel_Calls_Provider\", \"ApplicationModel_Chat\", \"ApplicationModel_CommunicationBlocki
ng\", \"ApplicationModel_Contacts\", \"ApplicationModel_Contacts_DataProvider\", \"ApplicationModel_Contacts_Provider\"
, \"ApplicationModel_ConversationalAgent\", \"ApplicationModel_Core\", \"ApplicationModel_DataTransfer\", \"Application
Model_DataTransfer_DragDrop\", \"ApplicationModel_DataTransfer_DragDrop_Core\", \"ApplicationModel_DataTransfer_ShareTa
rget\", \"ApplicationModel_Email\", \"ApplicationModel_Email_DataProvider\", \"ApplicationModel_ExtendedExecution\", \"
ApplicationModel_ExtendedExecution_Foreground\", \"ApplicationModel_Holographic\", \"ApplicationModel_LockScreen\", \"A
pplicationModel_PackageExtensions\", \"ApplicationModel_Payments\", \"ApplicationModel_Payments_Provider\", \"Applicati
onModel_Preview\", \"ApplicationModel_Preview_Holographic\", \"ApplicationModel_Preview_InkWorkspace\", \"ApplicationMo
del_Preview_Notes\", \"ApplicationModel_Resources\", \"ApplicationModel_Resources_Core\", \"ApplicationModel_Resources_
Management\", \"ApplicationModel_Search\", \"ApplicationModel_Search_Core\", \"ApplicationModel_UserActivities\", \"App
licationModel_UserActivities_Core\", \"ApplicationModel_UserDataAccounts\", \"ApplicationModel_UserDataAccounts_Provide
r\", \"ApplicationModel_UserDataAccounts_SystemAccess\", \"ApplicationModel_UserDataTasks\", \"ApplicationModel_UserDat
aTasks_DataProvider\", \"ApplicationModel_VoiceCommands\", \"ApplicationModel_Wallet\", \"ApplicationModel_Wallet_Syste
m\", \"Data\", \"Data_Html\", \"Data_Json\", \"Data_Pdf\", \"Data_Text\", \"Data_Xml\", \"Data_Xml_Dom\", \"Data_Xml_Xs
l\", \"Devices\", \"Devices_Adc\", \"Devices_Adc_Provider\", \"Devices_Background\", \"Devices_Bluetooth\", \"Devices_B
luetooth_Advertisement\", \"Devices_Bluetooth_Background\", \"Devices_Bluetooth_GenericAttributeProfile\", \"Devices_Bl
uetooth_Rfcomm\", \"Devices_Custom\", \"Devices_Display\", \"Devices_Display_Core\", \"Devices_Enumeration\", \"Devices
_Enumeration_Pnp\", \"Devices_Geolocation\", \"Devices_Geolocation_Geofencing\", \"Devices_Geolocation_Provider\", \"De
vices_Gpio\", \"Devices_Gpio_Provider\", \"Devices_Haptics\", \"Devices_HumanInterfaceDevice\", \"Devices_I2c\", \"Devi
ces_I2c_Provider\", \"Devices_Input\", \"Devices_Input_Preview\", \"Devices_Lights\", \"Devices_Lights_Effects\", \"Dev
ices_Midi\", \"Devices_PointOfService\", \"Devices_PointOfService_Provider\", \"Devices_Portable\", \"Devices_Power\", 
\"Devices_Printers\", \"Devices_Printers_Extensions\", \"Devices_Pwm\", \"Devices_Pwm_Provider\", \"Devices_Radios\", \
"Devices_Scanners\", \"Devices_Sensors\", \"Devices_Sensors_Custom\", \"Devices_SerialCommunication\", \"Devices_SmartC
ards\", \"Devices_Sms\", \"Devices_Spi\", \"Devices_Spi_Provider\", \"Devices_Usb\", \"Devices_WiFi\", \"Devices_WiFiDi
rect\", \"Devices_WiFiDirect_Services\", \"Embedded\", \"Embedded_DeviceLockdown\", \"Foundation\", \"Foundation_Collec
tions\", \"Foundation_Diagnostics\", \"Foundation_Metadata\", \"Foundation_Numerics\", \"Gaming\", \"Gaming_Input\", \"
Gaming_Input_Custom\", \"Gaming_Input_ForceFeedback\", \"Gaming_Input_Preview\", \"Gaming_Preview\", \"Gaming_Preview_G
amesEnumeration\", \"Gaming_UI\", \"Gaming_XboxLive\", \"Gaming_XboxLive_Storage\", \"Globalization\", \"Globalization_
Collation\", \"Globalization_DateTimeFormatting\", \"Globalization_Fonts\", \"Globalization_NumberFormatting\", \"Globa
lization_PhoneNumberFormatting\", \"Graphics\", \"Graphics_Capture\", \"Graphics_DirectX\", \"Graphics_DirectX_Direct3D
11\", \"Graphics_Display\", \"Graphics_Display_Core\", \"Graphics_Effects\", \"Graphics_Holographic\", \"Graphics_Imagi
ng\", \"Graphics_Printing\", \"Graphics_Printing3D\", \"Graphics_Printing_OptionDetails\", \"Graphics_Printing_PrintSup
port\", \"Graphics_Printing_PrintTicket\", \"Graphics_Printing_Workflow\", \"Management\", \"Management_Core\", \"Manag
ement_Deployment\", \"Management_Deployment_Preview\", \"Management_Policies\", \"Management_Setup\", \"Management_Upda
te\", \"Management_Workplace\", \"Media\", \"Media_AppBroadcasting\", \"Media_AppRecording\", \"Media_Audio\", \"Media_
Capture\", \"Media_Capture_Core\", \"Media_Capture_Frames\", \"Media_Casting\", \"Media_ClosedCaptioning\", \"Media_Con
tentRestrictions\", \"Media_Control\", \"Media_Core\", \"Media_Core_Preview\", \"Media_Devices\", \"Media_Devices_Core\
", \"Media_DialProtocol\", \"Media_Editing\", \"Media_Effects\", \"Media_FaceAnalysis\", \"Media_Import\", \"Media_Medi
aProperties\", \"Media_Miracast\", \"Media_Ocr\", \"Media_PlayTo\", \"Media_Playback\", \"Media_Playlists\", \"Media_Pr
otection\", \"Media_Protection_PlayReady\", \"Media_Render\", \"Media_SpeechRecognition\", \"Media_SpeechSynthesis\", \
"Media_Streaming\", \"Media_Streaming_Adaptive\", \"Media_Transcoding\", \"Networking\", \"Networking_BackgroundTransfe
r\", \"Networking_Connectivity\", \"Networking_NetworkOperators\", \"Networking_Proximity\", \"Networking_PushNotificat
ions\", \"Networking_ServiceDiscovery\", \"Networking_ServiceDiscovery_Dnssd\", \"Networking_Sockets\", \"Networking_Vp
n\", \"Networking_XboxLive\", \"Perception\", \"Perception_Automation\", \"Perception_Automation_Core\", \"Perception_P
eople\", \"Perception_Spatial\", \"Perception_Spatial_Preview\", \"Perception_Spatial_Surfaces\", \"Phone\", \"Phone_Ap
plicationModel\", \"Phone_Devices\", \"Phone_Devices_Notification\", \"Phone_Devices_Power\", \"Phone_Management\", \"P
hone_Management_Deployment\", \"Phone_Media\", \"Phone_Media_Devices\", \"Phone_Notification\", \"Phone_Notification_Ma
nagement\", \"Phone_PersonalInformation\", \"Phone_PersonalInformation_Provisioning\", \"Phone_Speech\", \"Phone_Speech
_Recognition\", \"Phone_StartScreen\", \"Phone_System\", \"Phone_System_Power\", \"Phone_System_Profile\", \"Phone_Syst
em_UserProfile\", \"Phone_System_UserProfile_GameServices\", \"Phone_System_UserProfile_GameServices_Core\", \"Phone_UI
\", \"Phone_UI_Input\", \"Security\", \"Security_Authentication\", \"Security_Authentication_Identity\", \"Security_Aut
hentication_Identity_Core\", \"Security_Authentication_OnlineId\", \"Security_Authentication_Web\", \"Security_Authenti
cation_Web_Core\", \"Security_Authentication_Web_Provider\", \"Security_Authorization\", \"Security_Authorization_AppCa
pabilityAccess\", \"Security_Credentials\", \"Security_Credentials_UI\", \"Security_Cryptography\", \"Security_Cryptogr
aphy_Certificates\", \"Security_Cryptography_Core\", \"Security_Cryptography_DataProtection\", \"Security_DataProtectio
n\", \"Security_EnterpriseData\", \"Security_ExchangeActiveSyncProvisioning\", \"Security_Isolation\", \"Services\", \"
Services_Maps\", \"Services_Maps_Guidance\", \"Services_Maps_LocalSearch\", \"Services_Maps_OfflineMaps\", \"Services_S
tore\", \"Services_TargetedContent\", \"Storage\", \"Storage_AccessCache\", \"Storage_BulkAccess\", \"Storage_Compressi
on\", \"Storage_FileProperties\", \"Storage_Pickers\", \"Storage_Pickers_Provider\", \"Storage_Provider\", \"Storage_Se
arch\", \"Storage_Streams\", \"System\", \"System_Diagnostics\", \"System_Diagnostics_DevicePortal\", \"System_Diagnost
ics_Telemetry\", \"System_Diagnostics_TraceReporting\", \"System_Display\", \"System_Implementation\", \"System_Impleme
ntation_FileExplorer\", \"System_Inventory\", \"System_Power\", \"System_Profile\", \"System_Profile_SystemManufacturer
s\", \"System_RemoteDesktop\", \"System_RemoteDesktop_Input\", \"System_RemoteDesktop_Provider\", \"System_RemoteSystem
s\", \"System_Threading\", \"System_Threading_Core\", \"System_Update\", \"System_UserProfile\", \"UI\", \"UI_Accessibi
lity\", \"UI_ApplicationSettings\", \"UI_Composition\", \"UI_Composition_Core\", \"UI_Composition_Desktop\", \"UI_Compo
sition_Diagnostics\", \"UI_Composition_Effects\", \"UI_Composition_Interactions\", \"UI_Composition_Scenes\", \"UI_Core
\", \"UI_Core_AnimationMetrics\", \"UI_Core_Preview\", \"UI_Input\", \"UI_Input_Core\", \"UI_Input_Inking\", \"UI_Input
_Inking_Analysis\", \"UI_Input_Inking_Core\", \"UI_Input_Inking_Preview\", \"UI_Input_Preview\", \"UI_Input_Preview_Inj
ection\", \"UI_Input_Spatial\", \"UI_Notifications\", \"UI_Notifications_Management\", \"UI_Notifications_Preview\", \"
UI_Popups\", \"UI_Shell\", \"UI_StartScreen\", \"UI_Text\", \"UI_Text_Core\", \"UI_UIAutomation\", \"UI_UIAutomation_Co
re\", \"UI_ViewManagement\", \"UI_ViewManagement_Core\", \"UI_WebUI\", \"UI_WebUI_Core\", \"UI_WindowManagement\", \"UI
_WindowManagement_Preview\", \"Wdk\", \"Wdk_Devices\", \"Wdk_Devices_Bluetooth\", \"Wdk_Devices_HumanInterfaceDevice\",
 \"Wdk_Foundation\", \"Wdk_Graphics\", \"Wdk_Graphics_Direct3D\", \"Wdk_NetworkManagement\", \"Wdk_NetworkManagement_Nd
is\", \"Wdk_NetworkManagement_WindowsFilteringPlatform\", \"Wdk_Storage\", \"Wdk_Storage_FileSystem\", \"Wdk_Storage_Fi
leSystem_Minifilters\", \"Wdk_System\", \"Wdk_System_IO\", \"Wdk_System_Memory\", \"Wdk_System_OfflineRegistry\", \"Wdk
_System_Registry\", \"Wdk_System_SystemInformation\", \"Wdk_System_SystemServices\", \"Wdk_System_Threading\", \"Web\",
 \"Web_AtomPub\", \"Web_Http\", \"Web_Http_Diagnostics\", \"Web_Http_Filters\", \"Web_Http_Headers\", \"Web_Syndication
\", \"Web_UI\", \"Web_UI_Interop\", \"Win32\", \"Win32_AI\", \"Win32_AI_MachineLearning\", \"Win32_AI_MachineLearning_D
irectML\", \"Win32_AI_MachineLearning_WinML\", \"Win32_Data\", \"Win32_Data_HtmlHelp\", \"Win32_Data_RightsManagement\"
, \"Win32_Data_Xml\", \"Win32_Data_Xml_MsXml\", \"Win32_Data_Xml_XmlLite\", \"Win32_Devices\", \"Win32_Devices_AllJoyn\
", \"Win32_Devices_Beep\", \"Win32_Devices_BiometricFramework\", \"Win32_Devices_Bluetooth\", \"Win32_Devices_Cdrom\", 
\"Win32_Devices_Communication\", \"Win32_Devices_DeviceAccess\", \"Win32_Devices_DeviceAndDriverInstallation\", \"Win32
_Devices_DeviceQuery\", \"Win32_Devices_Display\", \"Win32_Devices_Dvd\", \"Win32_Devices_Enumeration\", \"Win32_Device
s_Enumeration_Pnp\", \"Win32_Devices_Fax\", \"Win32_Devices_FunctionDiscovery\", \"Win32_Devices_Geolocation\", \"Win32
_Devices_HumanInterfaceDevice\", \"Win32_Devices_ImageAcquisition\", \"Win32_Devices_Nfc\", \"Win32_Devices_Nfp\", \"Wi
n32_Devices_PortableDevices\", \"Win32_Devices_Properties\", \"Win32_Devices_Pwm\", \"Win32_Devices_Sensors\", \"Win32_
Devices_SerialCommunication\", \"Win32_Devices_Tapi\", \"Win32_Devices_Usb\", \"Win32_Devices_WebServicesOnDevices\", \
"Win32_Foundation\", \"Win32_Gaming\", \"Win32_Globalization\", \"Win32_Graphics\", \"Win32_Graphics_CompositionSwapcha
in\", \"Win32_Graphics_DXCore\", \"Win32_Graphics_Direct2D\", \"Win32_Graphics_Direct2D_Common\", \"Win32_Graphics_Dire
ct3D\", \"Win32_Graphics_Direct3D10\", \"Win32_Graphics_Direct3D11\", \"Win32_Graphics_Direct3D11on12\", \"Win32_Graphi
cs_Direct3D12\", \"Win32_Graphics_Direct3D9\", \"Win32_Graphics_Direct3D9on12\", \"Win32_Graphics_Direct3D_Dxc\", \"Win
32_Graphics_Direct3D_Fxc\", \"Win32_Graphics_DirectComposition\", \"Win32_Graphics_DirectDraw\", \"Win32_Graphics_Direc
tManipulation\", \"Win32_Graphics_DirectWrite\", \"Win32_Graphics_Dwm\", \"Win32_Graphics_Dxgi\", \"Win32_Graphics_Dxgi
_Common\", \"Win32_Graphics_Gdi\", \"Win32_Graphics_GdiPlus\", \"Win32_Graphics_Hlsl\", \"Win32_Graphics_Imaging\", \"W
in32_Graphics_Imaging_D2D\", \"Win32_Graphics_OpenGL\", \"Win32_Graphics_Printing\", \"Win32_Graphics_Printing_PrintTic
ket\", \"Win32_Management\", \"Win32_Management_MobileDeviceManagementRegistration\", \"Win32_Media\", \"Win32_Media_Au
dio\", \"Win32_Media_Audio_Apo\", \"Win32_Media_Audio_DirectMusic\", \"Win32_Media_Audio_DirectSound\", \"Win32_Media_A
udio_Endpoints\", \"Win32_Media_Audio_XAudio2\", \"Win32_Media_DeviceManager\", \"Win32_Media_DirectShow\", \"Win32_Med
ia_DirectShow_Tv\", \"Win32_Media_DirectShow_Xml\", \"Win32_Media_DxMediaObjects\", \"Win32_Media_KernelStreaming\", \"
Win32_Media_LibrarySharingServices\", \"Win32_Media_MediaFoundation\", \"Win32_Media_MediaPlayer\", \"Win32_Media_Multi
media\", \"Win32_Media_PictureAcquisition\", \"Win32_Media_Speech\", \"Win32_Media_Streaming\", \"Win32_Media_WindowsMe
diaFormat\", \"Win32_NetworkManagement\", \"Win32_NetworkManagement_Dhcp\", \"Win32_NetworkManagement_Dns\", \"Win32_Ne
tworkManagement_InternetConnectionWizard\", \"Win32_NetworkManagement_IpHelper\", \"Win32_NetworkManagement_MobileBroad
band\", \"Win32_NetworkManagement_Multicast\", \"Win32_NetworkManagement_Ndis\", \"Win32_NetworkManagement_NetBios\", \
"Win32_NetworkManagement_NetManagement\", \"Win32_NetworkManagement_NetShell\", \"Win32_NetworkManagement_NetworkDiagno
sticsFramework\", \"Win32_NetworkManagement_NetworkPolicyServer\", \"Win32_NetworkManagement_P2P\", \"Win32_NetworkMana
gement_QoS\", \"Win32_NetworkManagement_Rras\", \"Win32_NetworkManagement_Snmp\", \"Win32_NetworkManagement_WNet\", \"W
in32_NetworkManagement_WebDav\", \"Win32_NetworkManagement_WiFi\", \"Win32_NetworkManagement_WindowsConnectNow\", \"Win
32_NetworkManagement_WindowsConnectionManager\", \"Win32_NetworkManagement_WindowsFilteringPlatform\", \"Win32_NetworkM
anagement_WindowsFirewall\", \"Win32_NetworkManagement_WindowsNetworkVirtualization\", \"Win32_Networking\", \"Win32_Ne
tworking_ActiveDirectory\", \"Win32_Networking_BackgroundIntelligentTransferService\", \"Win32_Networking_Clustering\",
 \"Win32_Networking_HttpServer\", \"Win32_Networking_Ldap\", \"Win32_Networking_NetworkListManager\", \"Win32_Networkin
g_RemoteDifferentialCompression\", \"Win32_Networking_WebSocket\", \"Win32_Networking_WinHttp\", \"Win32_Networking_Win
Inet\", \"Win32_Networking_WinSock\", \"Win32_Networking_WindowsWebServices\", \"Win32_Security\", \"Win32_Security_App
Locker\", \"Win32_Security_Authentication\", \"Win32_Security_Authentication_Identity\", \"Win32_Security_Authenticatio
n_Identity_Provider\", \"Win32_Security_Authorization\", \"Win32_Security_Authorization_UI\", \"Win32_Security_Configur
ationSnapin\", \"Win32_Security_Credentials\", \"Win32_Security_Cryptography\", \"Win32_Security_Cryptography_Catalog\"
, \"Win32_Security_Cryptography_Certificates\", \"Win32_Security_Cryptography_Sip\", \"Win32_Security_Cryptography_UI\"
, \"Win32_Security_DiagnosticDataQuery\", \"Win32_Security_DirectoryServices\", \"Win32_Security_EnterpriseData\", \"Wi
n32_Security_ExtensibleAuthenticationProtocol\", \"Win32_Security_Isolation\", \"Win32_Security_LicenseProtection\", \"
Win32_Security_NetworkAccessProtection\", \"Win32_Security_Tpm\", \"Win32_Security_WinTrust\", \"Win32_Security_WinWlx\
", \"Win32_Storage\", \"Win32_Storage_Cabinets\", \"Win32_Storage_CloudFilters\", \"Win32_Storage_Compression\", \"Win3
2_Storage_DataDeduplication\", \"Win32_Storage_DistributedFileSystem\", \"Win32_Storage_EnhancedStorage\", \"Win32_Stor
age_FileHistory\", \"Win32_Storage_FileServerResourceManager\", \"Win32_Storage_FileSystem\", \"Win32_Storage_Imapi\", 
\"Win32_Storage_IndexServer\", \"Win32_Storage_InstallableFileSystems\", \"Win32_Storage_IscsiDisc\", \"Win32_Storage_J
et\", \"Win32_Storage_Nvme\", \"Win32_Storage_OfflineFiles\", \"Win32_Storage_OperationRecorder\", \"Win32_Storage_Pack
aging\", \"Win32_Storage_Packaging_Appx\", \"Win32_Storage_Packaging_Opc\", \"Win32_Storage_ProjectedFileSystem\", \"Wi
n32_Storage_StructuredStorage\", \"Win32_Storage_Vhd\", \"Win32_Storage_VirtualDiskService\", \"Win32_Storage_Vss\", \"
Win32_Storage_Xps\", \"Win32_Storage_Xps_Printing\", \"Win32_System\", \"Win32_System_AddressBook\", \"Win32_System_Ant
imalware\", \"Win32_System_ApplicationInstallationAndServicing\", \"Win32_System_ApplicationVerifier\", \"Win32_System_
AssessmentTool\", \"Win32_System_ClrHosting\", \"Win32_System_Com\", \"Win32_System_Com_CallObj\", \"Win32_System_Com_C
hannelCredentials\", \"Win32_System_Com_Events\", \"Win32_System_Com_Marshal\", \"Win32_System_Com_StructuredStorage\",
 \"Win32_System_Com_UI\", \"Win32_System_Com_Urlmon\", \"Win32_System_ComponentServices\", \"Win32_System_Console\", \"
Win32_System_Contacts\", \"Win32_System_CorrelationVector\", \"Win32_System_DataExchange\", \"Win32_System_DeploymentSe
rvices\", \"Win32_System_DesktopSharing\", \"Win32_System_DeveloperLicensing\", \"Win32_System_Diagnostics\", \"Win32_S
ystem_Diagnostics_Ceip\", \"Win32_System_Diagnostics_ClrProfiling\", \"Win32_System_Diagnostics_Debug\", \"Win32_System
_Diagnostics_Debug_ActiveScript\", \"Win32_System_Diagnostics_Debug_Extensions\", \"Win32_System_Diagnostics_Etw\", \"W
in32_System_Diagnostics_ProcessSnapshotting\", \"Win32_System_Diagnostics_ToolHelp\", \"Win32_System_Diagnostics_TraceL
ogging\", \"Win32_System_DistributedTransactionCoordinator\", \"Win32_System_Environment\", \"Win32_System_ErrorReporti
ng\", \"Win32_System_EventCollector\", \"Win32_System_EventLog\", \"Win32_System_EventNotificationService\", \"Win32_Sy
stem_GroupPolicy\", \"Win32_System_HostCompute\", \"Win32_System_HostComputeNetwork\", \"Win32_System_HostComputeSystem
\", \"Win32_System_Hypervisor\", \"Win32_System_IO\", \"Win32_System_Iis\", \"Win32_System_Ioctl\", \"Win32_System_JobO
bjects\", \"Win32_System_Js\", \"Win32_System_Kernel\", \"Win32_System_LibraryLoader\", \"Win32_System_Mailslots\", \"W
in32_System_Mapi\", \"Win32_System_Memory\", \"Win32_System_Memory_NonVolatile\", \"Win32_System_MessageQueuing\", \"Wi
n32_System_MixedReality\", \"Win32_System_Mmc\", \"Win32_System_Ole\", \"Win32_System_ParentalControls\", \"Win32_Syste
m_PasswordManagement\", \"Win32_System_Performance\", \"Win32_System_Performance_HardwareCounterProfiling\", \"Win32_Sy
stem_Pipes\", \"Win32_System_Power\", \"Win32_System_ProcessStatus\", \"Win32_System_RealTimeCommunications\", \"Win32_
System_Recovery\", \"Win32_System_Registry\", \"Win32_System_RemoteAssistance\", \"Win32_System_RemoteDesktop\", \"Win3
2_System_RemoteManagement\", \"Win32_System_RestartManager\", \"Win32_System_Restore\", \"Win32_System_Rpc\", \"Win32_S
ystem_Search\", \"Win32_System_Search_Common\", \"Win32_System_SecurityCenter\", \"Win32_System_ServerBackup\", \"Win32
_System_Services\", \"Win32_System_SettingsManagementInfrastructure\", \"Win32_System_SetupAndMigration\", \"Win32_Syst
em_Shutdown\", \"Win32_System_SideShow\", \"Win32_System_StationsAndDesktops\", \"Win32_System_SubsystemForLinux\", \"W
in32_System_SystemInformation\", \"Win32_System_SystemServices\", \"Win32_System_TaskScheduler\", \"Win32_System_Thread
ing\", \"Win32_System_Time\", \"Win32_System_TpmBaseServices\", \"Win32_System_TransactionServer\", \"Win32_System_Upda
teAgent\", \"Win32_System_UpdateAssessment\", \"Win32_System_UserAccessLogging\", \"Win32_System_Variant\", \"Win32_Sys
tem_VirtualDosMachines\", \"Win32_System_WinRT\", \"Win32_System_WinRT_AllJoyn\", \"Win32_System_WinRT_Composition\", \
"Win32_System_WinRT_CoreInputView\", \"Win32_System_WinRT_Direct3D11\", \"Win32_System_WinRT_Display\", \"Win32_System_
WinRT_Graphics\", \"Win32_System_WinRT_Graphics_Capture\", \"Win32_System_WinRT_Graphics_Direct2D\", \"Win32_System_Win
RT_Graphics_Imaging\", \"Win32_System_WinRT_Holographic\", \"Win32_System_WinRT_Isolation\", \"Win32_System_WinRT_ML\",
 \"Win32_System_WinRT_Media\", \"Win32_System_WinRT_Metadata\", \"Win32_System_WinRT_Pdf\", \"Win32_System_WinRT_Printi
ng\", \"Win32_System_WinRT_Shell\", \"Win32_System_WinRT_Storage\", \"Win32_System_WindowsProgramming\", \"Win32_System
_WindowsSync\", \"Win32_System_Wmi\", \"Win32_UI\", \"Win32_UI_Accessibility\", \"Win32_UI_Animation\", \"Win32_UI_Colo
rSystem\", \"Win32_UI_Controls\", \"Win32_UI_Controls_Dialogs\", \"Win32_UI_Controls_RichEdit\", \"Win32_UI_HiDpi\", \"
Win32_UI_Input\", \"Win32_UI_Input_Ime\", \"Win32_UI_Input_Ink\", \"Win32_UI_Input_KeyboardAndMouse\", \"Win32_UI_Input
_Pointer\", \"Win32_UI_Input_Radial\", \"Win32_UI_Input_Touch\", \"Win32_UI_Input_XboxController\", \"Win32_UI_Interact
ionContext\", \"Win32_UI_LegacyWindowsEnvironmentFeatures\", \"Win32_UI_Magnification\", \"Win32_UI_Notifications\", \"
Win32_UI_Ribbon\", \"Win32_UI_Shell\", \"Win32_UI_Shell_Common\", \"Win32_UI_Shell_PropertiesSystem\", \"Win32_UI_Table
tPC\", \"Win32_UI_TextServices\", \"Win32_UI_WindowsAndMessaging\", \"Win32_UI_Wpf\", \"Win32_Web\", \"Win32_Web_Intern
etExplorer\", \"default\", \"deprecated\", \"docs\", \"std\"))" -C metadata=cdb2da9d959e78ee -C extra-filename=-ac30db1
8eaacfe03 --out-dir D:\AI\alou-pay\aloupay\alou-desktop\src-tauri\target\debug\deps -L dependency=D:\AI\alou-pay\aloupa
y\alou-desktop\src-tauri\target\debug\deps --extern windows_collections=D:\AI\alou-pay\aloupay\alou-desktop\src-tauri\t
arget\debug\deps\libwindows_collections-658f8a94be3ab5be.rmeta --extern windows_core=D:\AI\alou-pay\aloupay\alou-deskto
p\src-tauri\target\debug\deps\libwindows_core-2b9cdecae3137271.rmeta --extern windows_future=D:\AI\alou-pay\aloupay\alo
u-desktop\src-tauri\target\debug\deps\libwindows_future-a647e04fdcba675a.rmeta --extern windows_link=D:\AI\alou-pay\alo
upay\alou-desktop\src-tauri\target\debug\deps\libwindows_link-a4fc8a62db122a61.rmeta --extern windows_numerics=D:\AI\al
ou-pay\aloupay\alou-desktop\src-tauri\target\debug\deps\libwindows_numerics-0f87bca3f0e4af9e.rmeta --cap-lints allow` (
exit code: 0xc0000409, STATUS_STACK_BUFFER_OVERRUN)
error: could not compile `ark-ff` (lib)

Caused by:
  process didn't exit successfully: `C:\Users\Mechrevo\.rustup\toolchains\stable-x86_64-pc-windows-msvc\bin\rustc.exe -
-crate-name ark_ff --edition=2021 C:\Users\Mechrevo\.cargo\registry\src\index.crates.io-1949cf8c6b5b557f\ark-ff-0.4.2\s
rc\lib.rs --error-format=json --json=diagnostic-rendered-ansi,artifacts,future-incompat --crate-type lib --emit=dep-inf
o,metadata,link -C embed-bitcode=no -C debuginfo=2 --cfg "feature=\"default\"" --cfg "feature=\"parallel\"" --cfg "feat
ure=\"rayon\"" --cfg "feature=\"std\"" --check-cfg cfg(docsrs,test) --check-cfg "cfg(feature, values(\"asm\", \"default
\", \"parallel\", \"rayon\", \"std\"))" -C metadata=e821b3ec7e18fa9c -C extra-filename=-393f365762a84dce --out-dir D:\A
I\alou-pay\aloupay\alou-desktop\src-tauri\target\debug\deps -L dependency=D:\AI\alou-pay\aloupay\alou-desktop\src-tauri
\target\debug\deps --extern ark_ff_asm=D:\AI\alou-pay\aloupay\alou-desktop\src-tauri\target\debug\deps\ark_ff_asm-bef90
1cb1e452ad7.dll --extern ark_ff_macros=D:\AI\alou-pay\aloupay\alou-desktop\src-tauri\target\debug\deps\ark_ff_macros-e1
ceab04873e1287.dll --extern ark_serialize=D:\AI\alou-pay\aloupay\alou-desktop\src-tauri\target\debug\deps\libark_serial
ize-66b61ccfd52c33a3.rmeta --extern ark_std=D:\AI\alou-pay\aloupay\alou-desktop\src-tauri\target\debug\deps\libark_std-
0f35911fd156668e.rmeta --extern derivative=D:\AI\alou-pay\aloupay\alou-desktop\src-tauri\target\debug\deps\derivative-c
e7eb2e5f436087a.dll --extern digest=D:\AI\alou-pay\aloupay\alou-desktop\src-tauri\target\debug\deps\libdigest-3d7294c45
cd60085.rmeta --extern itertools=D:\AI\alou-pay\aloupay\alou-desktop\src-tauri\target\debug\deps\libitertools-a4b3a42e2
0eeb943.rmeta --extern num_bigint=D:\AI\alou-pay\aloupay\alou-desktop\src-tauri\target\debug\deps\libnum_bigint-703476a
3bc98049e.rmeta --extern num_traits=D:\AI\alou-pay\aloupay\alou-desktop\src-tauri\target\debug\deps\libnum_traits-dbbe2
ad70552e68d.rmeta --extern paste=D:\AI\alou-pay\aloupay\alou-desktop\src-tauri\target\debug\deps\paste-e20bee204e1c3035
.dll --extern rayon=D:\AI\alou-pay\aloupay\alou-desktop\src-tauri\target\debug\deps\librayon-d90f16094fd9b83d.rmeta --e
xtern zeroize=D:\AI\alou-pay\aloupay\alou-desktop\src-tauri\target\debug\deps\libzeroize-9bdb3b607ab87088.rmeta --cap-l
ints allow` (exit code: 0xc0000409, STATUS_STACK_BUFFER_OVERRUN)
Some errors have detailed explanations: E0463, E0786.
For more information about an error, try `rustc --explain E0463`.
error: could not compile `hashbrown` (lib) due to 2 previous errors
error: cannot find macro `include_str` in this scope
  --> C:\Users\Mechrevo\.cargo\registry\src\index.crates.io-1949cf8c6b5b557f\curve25519-dalek-5.0.0-pre.1\src\lib.rs:21
:10
   |
21 | #![doc = include_str!("../README.md")]
   |          ^^^^^^^^^^^
   |
help: consider importing this macro
   |
48 + use core::include_str;
   |

error: cannot find macro `include_str` in this scope
  --> C:\Users\Mechrevo\.cargo\registry\src\index.crates.io-1949cf8c6b5b557f\curve25519-dalek-5.0.0-pre.1\src\backend\v
ector\mod.rs:12:10
   |
12 | #![doc = include_str!("../../../docs/parallel-formulas.md")]
   |          ^^^^^^^^^^^
   |
help: consider importing this macro
   |
14 + use core::include_str;
   |

error: cannot find macro `include_str` in this scope
  --> C:\Users\Mechrevo\.cargo\registry\src\index.crates.io-1949cf8c6b5b557f\curve25519-dalek-5.0.0-pre.1\src\backend\v
ector\avx2\mod.rs:12:10
   |
12 | #![doc = include_str!("../../../../docs/avx2-notes.md")]
   |          ^^^^^^^^^^^
   |
help: consider importing this macro
   |
20 + use core::include_str;
   |

error: cannot find attribute `derive` in this scope
   --> C:\Users\Mechrevo\.cargo\registry\src\index.crates.io-1949cf8c6b5b557f\curve25519-dalek-5.0.0-pre.1\src\scalar.r
s:194:3
    |
194 | #[derive(Copy, Clone, Hash)]
    |   ^^^^^^
    |
help: consider importing this attribute macro
    |
114 + use core::prelude::rust_2024::derive;
    |

error: cannot find macro `debug_assert_eq` in this scope
   --> C:\Users\Mechrevo\.cargo\registry\src\index.crates.io-1949cf8c6b5b557f\curve25519-dalek-5.0.0-pre.1\src\scalar.r
s:243:9
    |
243 |         debug_assert_eq!(0u8, s[31] >> 7);
    |         ^^^^^^^^^^^^^^^
    |
help: consider importing this macro
    |
114 + use core::debug_assert_eq;
    |

error: cannot find macro `write` in this scope
   --> C:\Users\Mechrevo\.cargo\registry\src\index.crates.io-1949cf8c6b5b557f\curve25519-dalek-5.0.0-pre.1\src\scalar.r
s:285:9
    |
285 |         write!(f, "Scalar{{\n\tbytes: {:?},\n}}", &self.bytes)
    |         ^^^^^
    |
help: consider importing this macro
    |
114 + use core::write;
    |

error: cannot find macro `debug_assert` in this scope
   --> C:\Users\Mechrevo\.cargo\registry\src\index.crates.io-1949cf8c6b5b557f\curve25519-dalek-5.0.0-pre.1\src\scalar.r
s:838:9
    |
838 |         debug_assert!(acc.pack() != Scalar::ZERO);
    |         ^^^^^^^^^^^^
    |
help: consider importing this macro
    |
114 + use core::debug_assert;
    |

error: cannot find macro `debug_assert_eq` in this scope
   --> C:\Users\Mechrevo\.cargo\registry\src\index.crates.io-1949cf8c6b5b557f\curve25519-dalek-5.0.0-pre.1\src\scalar.r
s:871:9
    |
871 |         debug_assert_eq!(carry, 0);
    |         ^^^^^^^^^^^^^^^
    |
help: consider importing this macro
    |
114 + use core::debug_assert_eq;
    |

error: cannot find macro `debug_assert` in this scope
   --> C:\Users\Mechrevo\.cargo\registry\src\index.crates.io-1949cf8c6b5b557f\curve25519-dalek-5.0.0-pre.1\src\scalar.r
s:960:9
    |
960 |         debug_assert!(w >= 2);
    |         ^^^^^^^^^^^^
    |
help: consider importing this macro
    |
114 + use core::debug_assert;
    |

error: cannot find macro `debug_assert` in this scope
   --> C:\Users\Mechrevo\.cargo\registry\src\index.crates.io-1949cf8c6b5b557f\curve25519-dalek-5.0.0-pre.1\src\scalar.r
s:962:9
    |
962 |         debug_assert!(w <= 8);
    |         ^^^^^^^^^^^^
    |
help: consider importing this macro
    |
114 + use core::debug_assert;
    |

error: cannot find macro `debug_assert` in this scope
    --> C:\Users\Mechrevo\.cargo\registry\src\index.crates.io-1949cf8c6b5b557f\curve25519-dalek-5.0.0-pre.1\src\scalar.
rs:1023:9
     |
1023 |         debug_assert!(self[31] <= 127);
     |         ^^^^^^^^^^^^
     |
help: consider importing this macro
     |
 114 + use core::debug_assert;
     |

error: cannot find macro `debug_assert` in this scope
    --> C:\Users\Mechrevo\.cargo\registry\src\index.crates.io-1949cf8c6b5b557f\curve25519-dalek-5.0.0-pre.1\src\scalar.
rs:1060:9
     |
1060 |         debug_assert!(w >= 4);
     |         ^^^^^^^^^^^^
     |
help: consider importing this macro
     |
 114 + use core::debug_assert;
     |

error: cannot find macro `debug_assert` in this scope
    --> C:\Users\Mechrevo\.cargo\registry\src\index.crates.io-1949cf8c6b5b557f\curve25519-dalek-5.0.0-pre.1\src\scalar.
rs:1061:9
     |
1061 |         debug_assert!(w <= 8);
     |         ^^^^^^^^^^^^
     |
help: consider importing this macro
     |
 114 + use core::debug_assert;
     |

error: cannot find macro `panic` in this scope
    --> C:\Users\Mechrevo\.cargo\registry\src\index.crates.io-1949cf8c6b5b557f\curve25519-dalek-5.0.0-pre.1\src\scalar.
rs:1067:18
     |
1067 |             _ => panic!("invalid radix parameter"),
     |                  ^^^^^
     |
help: consider importing this macro
     |
 114 + use core::panic;
     |

error: cannot find macro `debug_assert` in this scope
    --> C:\Users\Mechrevo\.cargo\registry\src\index.crates.io-1949cf8c6b5b557f\curve25519-dalek-5.0.0-pre.1\src\scalar.
rs:1070:9
     |
1070 |         debug_assert!(digits_count <= 64);
     |         ^^^^^^^^^^^^
     |
help: consider importing this macro
     |
 114 + use core::debug_assert;
     |

error: cannot find macro `debug_assert` in this scope
    --> C:\Users\Mechrevo\.cargo\registry\src\index.crates.io-1949cf8c6b5b557f\curve25519-dalek-5.0.0-pre.1\src\scalar.
rs:1097:9
     |
1097 |         debug_assert!(w >= 4);
     |         ^^^^^^^^^^^^
     |
help: consider importing this macro
     |
 114 + use core::debug_assert;
     |

error: cannot find macro `debug_assert` in this scope
    --> C:\Users\Mechrevo\.cargo\registry\src\index.crates.io-1949cf8c6b5b557f\curve25519-dalek-5.0.0-pre.1\src\scalar.
rs:1098:9
     |
1098 |         debug_assert!(w <= 8);
     |         ^^^^^^^^^^^^
     |
help: consider importing this macro
     |
 114 + use core::debug_assert;
     |

error: cannot find macro `assert` in this scope
    --> C:\Users\Mechrevo\.cargo\registry\src\index.crates.io-1949cf8c6b5b557f\curve25519-dalek-5.0.0-pre.1\src\scalar.
rs:1388:5
     |
1388 |     assert!(
     |     ^^^^^^
     |
help: consider importing this macro
     |
 114 + use core::assert;
     |

error: cannot find attribute `derive` in this scope
  --> C:\Users\Mechrevo\.cargo\registry\src\index.crates.io-1949cf8c6b5b557f\curve25519-dalek-5.0.0-pre.1\src\montgomer
y.rs:89:3
   |
89 | #[derive(Copy, Clone, Debug, Default)]
   |   ^^^^^^
   |
help: consider importing this attribute macro
   |
52 + use core::prelude::rust_2024::derive;
   |

error: cannot find attribute `derive` in this scope
  --> C:\Users\Mechrevo\.cargo\registry\src\index.crates.io-1949cf8c6b5b557f\curve25519-dalek-5.0.0-pre.1\src\montgomer
y.rs:90:31
   |
90 | #[cfg_attr(feature = "serde", derive(serde::Serialize, serde::Deserialize))]
   |                               ^^^^^^
   |
help: consider importing this attribute macro
   |
52 + use core::prelude::rust_2024::derive;
   |

error: cannot find macro `debug_assert` in this scope
   --> C:\Users\Mechrevo\.cargo\registry\src\index.crates.io-1949cf8c6b5b557f\curve25519-dalek-5.0.0-pre.1\src\montgome
ry.rs:197:13
    |
197 |             debug_assert!(choice == 0 || choice == 1);
    |             ^^^^^^^^^^^^
    |
help: consider importing this macro
    |
 52 + use core::debug_assert;
    |

error: cannot find attribute `derive` in this scope
   --> C:\Users\Mechrevo\.cargo\registry\src\index.crates.io-1949cf8c6b5b557f\curve25519-dalek-5.0.0-pre.1\src\montgome
ry.rs:368:3
    |
368 | #[derive(Copy, Clone, Debug)]
    |   ^^^^^^
    |
help: consider importing this attribute macro
    |
 52 + use core::prelude::rust_2024::derive;
    |

error: cannot find attribute `derive` in this scope
  --> C:\Users\Mechrevo\.cargo\registry\src\index.crates.io-1949cf8c6b5b557f\curve25519-dalek-5.0.0-pre.1\src\edwards\a
ffine.rs:11:3
   |
11 | #[derive(Copy, Clone, Debug)]
   |   ^^^^^^
   |
help: consider importing this attribute macro
   |
 1 + use core::prelude::rust_2024::derive;
   |

error: cannot find attribute `derive` in this scope
   --> C:\Users\Mechrevo\.cargo\registry\src\index.crates.io-1949cf8c6b5b557f\curve25519-dalek-5.0.0-pre.1\src\edwards.
rs:174:3
    |
174 | #[derive(Copy, Clone, Hash)]
    |   ^^^^^^
    |
help: consider importing this attribute macro
    |
 98 + use core::prelude::rust_2024::derive;
    |

error: cannot find macro `write` in this scope
   --> C:\Users\Mechrevo\.cargo\registry\src\index.crates.io-1949cf8c6b5b557f\curve25519-dalek-5.0.0-pre.1\src\edwards.
rs:192:9
    |
192 |         write!(f, "CompressedEdwardsY: {:?}", self.as_bytes())
    |         ^^^^^
    |
help: consider importing this macro
    |
 98 + use core::write;
    |

error: cannot find attribute `derive` in this scope
   --> C:\Users\Mechrevo\.cargo\registry\src\index.crates.io-1949cf8c6b5b557f\curve25519-dalek-5.0.0-pre.1\src\edwards.
rs:388:3
    |
388 | #[derive(Copy, Clone)]
    |   ^^^^^^
    |
help: consider importing this attribute macro
    |
 98 + use core::prelude::rust_2024::derive;
    |

error[E0425]: cannot find function, tuple struct or tuple variant `Err` in this scope
  --> C:\Users\Mechrevo\.cargo\registry\src\index.crates.io-1949cf8c6b5b557f\rustversion-1.0.22\src\attr.rs:22:16
   |
22 |         return Err(Error::new(Span::call_site(), "expected one or more attrs"));
   |                ^^^ not found in this scope
   |
help: consider importing this tuple variant
   |
 1 + use core::result::Result::Err;
   |

error[E0531]: cannot find tuple struct or tuple variant `Some` in this scope
  --> C:\Users\Mechrevo\.cargo\registry\src\index.crates.io-1949cf8c6b5b557f\rustversion-1.0.22\src\attr.rs:26:23
   |
26 |     let then = if let Some(const_span) = const_span {
   |                       ^^^^ not found in this scope
   |
help: consider importing this tuple variant
   |
 1 + use core::option::Option::Some;
   |

error[E0425]: cannot find function, tuple struct or tuple variant `Ok` in this scope
  --> C:\Users\Mechrevo\.cargo\registry\src\index.crates.io-1949cf8c6b5b557f\rustversion-1.0.22\src\attr.rs:34:5
   |
34 |     Ok(Args { condition, then })
   |     ^^ not found in this scope
   |
help: consider importing this tuple variant
   |
 1 + use core::result::Result::Ok;
   |

error[E0531]: cannot find tuple struct or tuple variant `Some` in this scope
  --> C:\Users\Mechrevo\.cargo\registry\src\index.crates.io-1949cf8c6b5b557f\rustversion-1.0.22\src\bound.rs:16:12
   |
16 |     if let Some(TokenTree::Literal(literal)) = iter.peek() {
   |            ^^^^ not found in this scope
   |
help: consider importing this tuple variant
   |
 1 + use core::option::Option::Some;
   |

error[E0425]: cannot find function, tuple struct or tuple variant `Err` in this scope
  --> C:\Users\Mechrevo\.cargo\registry\src\index.crates.io-1949cf8c6b5b557f\rustversion-1.0.22\src\bound.rs:30:5
   |
30 |     Err(Error::group(paren, msg))
   |     ^^^ not found in this scope
   |
help: consider importing this tuple variant
   |
 1 + use core::result::Result::Err;
   |

error: cannot find macro `assert_eq` in this scope
   --> C:\Users\Mechrevo\.cargo\registry\src\index.crates.io-1949cf8c6b5b557f\curve25519-dalek-5.0.0-pre.1\src\edwards.
rs:974:9
    |
974 |         assert_eq!(s_lo, p_lo);
    |         ^^^^^^^^^
    |
help: consider importing this macro
    |
 98 + use core::assert_eq;
    |

error[E0405]: cannot find trait `PartialEq` in this scope
  --> C:\Users\Mechrevo\.cargo\registry\src\index.crates.io-1949cf8c6b5b557f\rustversion-1.0.22\src\bound.rs:33:6
   |
33 | impl PartialEq<Bound> for Version {
   |      ^^^^^^^^^ not found in this scope
   |
help: consider importing this trait
   |
 1 + use core::cmp::PartialEq;
   |

error[E0405]: cannot find trait `PartialOrd` in this scope
  --> C:\Users\Mechrevo\.cargo\registry\src\index.crates.io-1949cf8c6b5b557f\rustversion-1.0.22\src\bound.rs:48:6
   |
48 | impl PartialOrd<Bound> for Version {
   |      ^^^^^^^^^^ not found in this scope
   |
help: consider importing this trait
   |
 1 + use core::cmp::PartialOrd;
   |

error[E0412]: cannot find type `Option` in this scope
  --> C:\Users\Mechrevo\.cargo\registry\src\index.crates.io-1949cf8c6b5b557f\rustversion-1.0.22\src\bound.rs:49:43
   |
49 |     fn partial_cmp(&self, rhs: &Bound) -> Option<Ordering> {
   |                                           ^^^^^^ not found in this scope
   |
help: consider importing this enum
   |
 1 + use core::option::Option;
   |

error[E0425]: cannot find function, tuple struct or tuple variant `Some` in this scope
  --> C:\Users\Mechrevo\.cargo\registry\src\index.crates.io-1949cf8c6b5b557f\rustversion-1.0.22\src\bound.rs:52:34
   |
52 |                 Stable | Beta => Some(Ordering::Less),
   |                                  ^^^^ not found in this scope
   |
help: consider importing this tuple variant
   |
 1 + use core::option::Option::Some;
   |

error[E0425]: cannot find function, tuple struct or tuple variant `Some` in this scope
  --> C:\Users\Mechrevo\.cargo\registry\src\index.crates.io-1949cf8c6b5b557f\rustversion-1.0.22\src\bound.rs:53:37
   |
53 |                 Nightly(nightly) => Some(nightly.cmp(date)),
   |                                     ^^^^ not found in this scope
   |
help: consider importing this tuple variant
   |
 1 + use core::option::Option::Some;
   |

error[E0425]: cannot find function, tuple struct or tuple variant `Some` in this scope
  --> C:\Users\Mechrevo\.cargo\registry\src\index.crates.io-1949cf8c6b5b557f\rustversion-1.0.22\src\bound.rs:54:24
   |
54 |                 Dev => Some(Ordering::Greater),
   |                        ^^^^ not found in this scope
   |
help: consider importing this tuple variant
   |
 1 + use core::option::Option::Some;
   |

error[E0425]: cannot find function, tuple struct or tuple variant `Some` in this scope
  --> C:\Users\Mechrevo\.cargo\registry\src\index.crates.io-1949cf8c6b5b557f\rustversion-1.0.22\src\bound.rs:59:17
   |
59 |                 Some(version.cmp(&bound))
   |                 ^^^^ not found in this scope
   |
help: consider importing this tuple variant
   |
 1 + use core::option::Option::Some;
   |

error[E0531]: cannot find tuple struct or tuple variant `Some` in this scope
  --> C:\Users\Mechrevo\.cargo\registry\src\index.crates.io-1949cf8c6b5b557f\rustversion-1.0.22\src\constfn.rs:31:15
   |
31 |     while let Some(token) = input.next() {
   |               ^^^^ not found in this scope
   |
help: consider importing this tuple variant
   |
 1 + use core::option::Option::Some;
   |

error[E0425]: cannot find function, tuple struct or tuple variant `Ok` in this scope
  --> C:\Users\Mechrevo\.cargo\registry\src\index.crates.io-1949cf8c6b5b557f\rustversion-1.0.22\src\constfn.rs:39:24
   |
39 |                 return Ok(out);
   |                        ^^ not found in this scope
   |
help: consider importing this tuple variant
   |
 1 + use core::result::Result::Ok;
   |

error[E0425]: cannot find function, tuple struct or tuple variant `Err` in this scope
  --> C:\Users\Mechrevo\.cargo\registry\src\index.crates.io-1949cf8c6b5b557f\rustversion-1.0.22\src\constfn.rs:57:5
   |
57 |     Err(Error::new(const_span, "only allowed on a fn item"))
   |     ^^^ not found in this scope
   |
help: consider importing this tuple variant
   |
 1 + use core::result::Result::Err;
   |

error[E0425]: cannot find value `drop` in this scope
  --> C:\Users\Mechrevo\.cargo\registry\src\index.crates.io-1949cf8c6b5b557f\rustversion-1.0.22\src\date.rs:32:51
   |
32 |     let year = token::parse_literal(iter).map_err(drop)?;
   |                                                   ^^^^ not found in this scope
   |
help: consider importing this function
   |
 1 + use core::mem::drop;
   |

error[E0425]: cannot find value `drop` in this scope
  --> C:\Users\Mechrevo\.cargo\registry\src\index.crates.io-1949cf8c6b5b557f\rustversion-1.0.22\src\date.rs:33:43
   |
33 |     token::parse_punct(iter, '-').map_err(drop)?;
   |                                           ^^^^ not found in this scope
   |
help: consider importing this function
   |
 1 + use core::mem::drop;
   |

error[E0425]: cannot find value `drop` in this scope
  --> C:\Users\Mechrevo\.cargo\registry\src\index.crates.io-1949cf8c6b5b557f\rustversion-1.0.22\src\date.rs:34:52
   |
34 |     let month = token::parse_literal(iter).map_err(drop)?;
   |                                                    ^^^^ not found in this scope
   |
help: consider importing this function
   |
 1 + use core::mem::drop;
   |

error[E0425]: cannot find value `drop` in this scope
  --> C:\Users\Mechrevo\.cargo\registry\src\index.crates.io-1949cf8c6b5b557f\rustversion-1.0.22\src\date.rs:35:43
   |
35 |     token::parse_punct(iter, '-').map_err(drop)?;
   |                                           ^^^^ not found in this scope
   |
help: consider importing this function
   |
 1 + use core::mem::drop;
   |

error[E0425]: cannot find value `drop` in this scope
  --> C:\Users\Mechrevo\.cargo\registry\src\index.crates.io-1949cf8c6b5b557f\rustversion-1.0.22\src\date.rs:36:50
   |
36 |     let day = token::parse_literal(iter).map_err(drop)?;
   |                                                  ^^^^ not found in this scope
   |
help: consider importing this function
   |
 1 + use core::mem::drop;
   |

error[E0425]: cannot find value `drop` in this scope
  --> C:\Users\Mechrevo\.cargo\registry\src\index.crates.io-1949cf8c6b5b557f\rustversion-1.0.22\src\date.rs:38:56
   |
38 |     let year = year.to_string().parse::<u64>().map_err(drop)?;
   |                                                        ^^^^ not found in this scope
   |
help: consider importing this function
   |
 1 + use core::mem::drop;
   |

error[E0425]: cannot find value `drop` in this scope
  --> C:\Users\Mechrevo\.cargo\registry\src\index.crates.io-1949cf8c6b5b557f\rustversion-1.0.22\src\date.rs:39:58
   |
39 |     let month = month.to_string().parse::<u64>().map_err(drop)?;
   |                                                          ^^^^ not found in this scope
   |
help: consider importing this function
   |
 1 + use core::mem::drop;
   |

error[E0425]: cannot find value `drop` in this scope
  --> C:\Users\Mechrevo\.cargo\registry\src\index.crates.io-1949cf8c6b5b557f\rustversion-1.0.22\src\date.rs:40:54
   |
40 |     let day = day.to_string().parse::<u64>().map_err(drop)?;
   |                                                      ^^^^ not found in this scope
   |
help: consider importing this function
   |
 1 + use core::mem::drop;
   |

error[E0425]: cannot find function, tuple struct or tuple variant `Err` in this scope
  --> C:\Users\Mechrevo\.cargo\registry\src\index.crates.io-1949cf8c6b5b557f\rustversion-1.0.22\src\date.rs:42:16
   |
42 |         return Err(());
   |                ^^^ not found in this scope
   |
help: consider importing this tuple variant
   |
 1 + use core::result::Result::Err;
   |

error[E0425]: cannot find function, tuple struct or tuple variant `Ok` in this scope
  --> C:\Users\Mechrevo\.cargo\registry\src\index.crates.io-1949cf8c6b5b557f\rustversion-1.0.22\src\date.rs:45:5
   |
45 |     Ok(Date {
   |     ^^ not found in this scope
   |
help: consider importing this tuple variant
   |
 1 + use core::result::Result::Ok;
   |

error[E0412]: cannot find type `String` in this scope
  --> C:\Users\Mechrevo\.cargo\registry\src\index.crates.io-1949cf8c6b5b557f\rustversion-1.0.22\src\error.rs:10:10
   |
10 |     msg: String,
   |          ^^^^^^ not found in this scope

error[E0425]: cannot find function, tuple struct or tuple variant `Ok` in this scope
  --> C:\Users\Mechrevo\.cargo\registry\src\index.crates.io-1949cf8c6b5b557f\rustversion-1.0.22\src\expand.rs:27:9
   |
27 |         Ok(allow_incompatible_msrv(input))
   |         ^^ not found in this scope
   |
help: consider importing this tuple variant
   |
 1 + use core::result::Result::Ok;
   |

error[E0425]: cannot find function, tuple struct or tuple variant `Ok` in this scope
  --> C:\Users\Mechrevo\.cargo\registry\src\index.crates.io-1949cf8c6b5b557f\rustversion-1.0.22\src\expand.rs:29:9
   |
29 |         Ok(TokenStream::new())
   |         ^^ not found in this scope
   |
help: consider importing this tuple variant
   |
 1 + use core::result::Result::Ok;
   |

error[E0425]: cannot find function, tuple struct or tuple variant `Ok` in this scope
  --> C:\Users\Mechrevo\.cargo\registry\src\index.crates.io-1949cf8c6b5b557f\rustversion-1.0.22\src\expand.rs:35:16
   |
35 |         return Ok(input);
   |                ^^ not found in this scope
   |
help: consider importing this tuple variant
   |
 1 + use core::result::Result::Ok;
   |

error[E0425]: cannot find function, tuple struct or tuple variant `Ok` in this scope
  --> C:\Users\Mechrevo\.cargo\registry\src\index.crates.io-1949cf8c6b5b557f\rustversion-1.0.22\src\expand.rs:73:5
   |
73 |     Ok(allow_incompatible_msrv(output))
   |     ^^ not found in this scope
   |
help: consider importing this tuple variant
   |
 1 + use core::result::Result::Ok;
   |

error[E0412]: cannot find type `Box` in this scope
  --> C:\Users\Mechrevo\.cargo\registry\src\index.crates.io-1949cf8c6b5b557f\rustversion-1.0.22\src\expr.rs:18:9
   |
18 |     Not(Box<Expr>),
   |         ^^^ not found in this scope

error[E0412]: cannot find type `Vec` in this scope
  --> C:\Users\Mechrevo\.cargo\registry\src\index.crates.io-1949cf8c6b5b557f\rustversion-1.0.22\src\expr.rs:19:9
   |
19 |     Any(Vec<Expr>),
   |         ^^^ not found in this scope

error[E0412]: cannot find type `Vec` in this scope
  --> C:\Users\Mechrevo\.cargo\registry\src\index.crates.io-1949cf8c6b5b557f\rustversion-1.0.22\src\expr.rs:20:9
   |
20 |     All(Vec<Expr>),
   |         ^^^ not found in this scope

error[E0531]: cannot find tuple struct or tuple variant `Some` in this scope
  --> C:\Users\Mechrevo\.cargo\registry\src\index.crates.io-1949cf8c6b5b557f\rustversion-1.0.22\src\expr.rs:54:9
   |
54 |         Some(TokenTree::Ident(i)) if i.to_string() == "stable" => parse_stable(iter),
   |         ^^^^ not found in this scope
   |
help: consider importing this tuple variant
   |
 1 + use core::option::Option::Some;
   |

error[E0531]: cannot find tuple struct or tuple variant `Some` in this scope
  --> C:\Users\Mechrevo\.cargo\registry\src\index.crates.io-1949cf8c6b5b557f\rustversion-1.0.22\src\expr.rs:55:9
   |
55 |         Some(TokenTree::Ident(i)) if i.to_string() == "beta" => Ok(Expr::Beta),
   |         ^^^^ not found in this scope
   |
help: consider importing this tuple variant
   |
 1 + use core::option::Option::Some;
   |

error[E0425]: cannot find function, tuple struct or tuple variant `Ok` in this scope
  --> C:\Users\Mechrevo\.cargo\registry\src\index.crates.io-1949cf8c6b5b557f\rustversion-1.0.22\src\expr.rs:55:65
   |
55 |         Some(TokenTree::Ident(i)) if i.to_string() == "beta" => Ok(Expr::Beta),
   |                                                                 ^^ not found in this scope
   |
help: consider importing this tuple variant
   |
 1 + use core::result::Result::Ok;
   |

error[E0531]: cannot find tuple struct or tuple variant `Some` in this scope
  --> C:\Users\Mechrevo\.cargo\registry\src\index.crates.io-1949cf8c6b5b557f\rustversion-1.0.22\src\expr.rs:56:9
   |
56 |         Some(TokenTree::Ident(i)) if i.to_string() == "nightly" => parse_nightly(iter),
   |         ^^^^ not found in this scope
   |
help: consider importing this tuple variant
   |
 1 + use core::option::Option::Some;
   |

error[E0531]: cannot find tuple struct or tuple variant `Some` in this scope
  --> C:\Users\Mechrevo\.cargo\registry\src\index.crates.io-1949cf8c6b5b557f\rustversion-1.0.22\src\expr.rs:57:9
   |
57 |         Some(TokenTree::Ident(i)) if i.to_string() == "since" => parse_since(i, iter),
   |         ^^^^ not found in this scope
   |
help: consider importing this tuple variant
   |
 1 + use core::option::Option::Some;
   |

error[E0531]: cannot find tuple struct or tuple variant `Some` in this scope
  --> C:\Users\Mechrevo\.cargo\registry\src\index.crates.io-1949cf8c6b5b557f\rustversion-1.0.22\src\expr.rs:58:9
   |
58 |         Some(TokenTree::Ident(i)) if i.to_string() == "before" => parse_before(i, iter),
   |         ^^^^ not found in this scope
   |
help: consider importing this tuple variant
   |
 1 + use core::option::Option::Some;
   |

error[E0531]: cannot find tuple struct or tuple variant `Some` in this scope
  --> C:\Users\Mechrevo\.cargo\registry\src\index.crates.io-1949cf8c6b5b557f\rustversion-1.0.22\src\expr.rs:59:9
   |
59 |         Some(TokenTree::Ident(i)) if i.to_string() == "not" => parse_not(i, iter),
   |         ^^^^ not found in this scope
   |
help: consider importing this tuple variant
   |
 1 + use core::option::Option::Some;
   |

error[E0531]: cannot find tuple struct or tuple variant `Some` in this scope
  --> C:\Users\Mechrevo\.cargo\registry\src\index.crates.io-1949cf8c6b5b557f\rustversion-1.0.22\src\expr.rs:60:9
   |
60 |         Some(TokenTree::Ident(i)) if i.to_string() == "any" => parse_any(i, iter),
   |         ^^^^ not found in this scope
   |
help: consider importing this tuple variant
   |
 1 + use core::option::Option::Some;
   |

error[E0531]: cannot find tuple struct or tuple variant `Some` in this scope
  --> C:\Users\Mechrevo\.cargo\registry\src\index.crates.io-1949cf8c6b5b557f\rustversion-1.0.22\src\expr.rs:61:9
   |
61 |         Some(TokenTree::Ident(i)) if i.to_string() == "all" => parse_all(i, iter),
   |         ^^^^ not found in this scope
   |
help: consider importing this tuple variant
   |
 1 + use core::option::Option::Some;
   |

error[E0425]: cannot find function, tuple struct or tuple variant `Err` in this scope
  --> C:\Users\Mechrevo\.cargo\registry\src\index.crates.io-1949cf8c6b5b557f\rustversion-1.0.22\src\expr.rs:66:13
   |
66 |             Err(Error::new(span, "expected one of `stable`, `beta`, `nightly`, `since`, `before`, `not`, `any`, `a
ll`"))
   |             ^^^ not found in this scope
   |
help: consider importing this tuple variant
   |
 1 + use core::result::Result::Err;
   |

error[E0531]: cannot find tuple struct or tuple variant `Some` in this scope
  --> C:\Users\Mechrevo\.cargo\registry\src\index.crates.io-1949cf8c6b5b557f\rustversion-1.0.22\src\expr.rs:73:9
   |
73 |         Some(group) => group,
   |         ^^^^ not found in this scope
   |
help: consider importing this tuple variant
   |
 1 + use core::option::Option::Some;
   |

error[E0425]: cannot find function, tuple struct or tuple variant `Ok` in this scope
  --> C:\Users\Mechrevo\.cargo\registry\src\index.crates.io-1949cf8c6b5b557f\rustversion-1.0.22\src\expr.rs:74:24
   |
74 |         None => return Ok(Expr::Nightly),
   |                        ^^ not found in this scope
   |
help: consider importing this tuple variant
   |
 1 + use core::result::Result::Ok;
   |

error[E0425]: cannot find function, tuple struct or tuple variant `Ok` in this scope
  --> C:\Users\Mechrevo\.cargo\registry\src\index.crates.io-1949cf8c6b5b557f\rustversion-1.0.22\src\expr.rs:82:5
   |
82 |     Ok(Expr::Date(date))
   |     ^^ not found in this scope
   |
help: consider importing this tuple variant
   |
 1 + use core::result::Result::Ok;
   |

error[E0531]: cannot find tuple struct or tuple variant `Some` in this scope
  --> C:\Users\Mechrevo\.cargo\registry\src\index.crates.io-1949cf8c6b5b557f\rustversion-1.0.22\src\expr.rs:87:9
   |
87 |         Some(group) => group,
   |         ^^^^ not found in this scope
   |
help: consider importing this tuple variant
   |
 1 + use core::option::Option::Some;
   |

error[E0425]: cannot find function, tuple struct or tuple variant `Ok` in this scope
  --> C:\Users\Mechrevo\.cargo\registry\src\index.crates.io-1949cf8c6b5b557f\rustversion-1.0.22\src\expr.rs:88:24
   |
88 |         None => return Ok(Expr::Stable),
   |                        ^^ not found in this scope
   |
help: consider importing this tuple variant
   |
 1 + use core::result::Result::Ok;
   |

error[E0425]: cannot find function, tuple struct or tuple variant `Ok` in this scope
  --> C:\Users\Mechrevo\.cargo\registry\src\index.crates.io-1949cf8c6b5b557f\rustversion-1.0.22\src\expr.rs:96:5
   |
96 |     Ok(Expr::Release(release))
   |     ^^ not found in this scope
   |
help: consider importing this tuple variant
   |
 1 + use core::result::Result::Ok;
   |

error[E0425]: cannot find function, tuple struct or tuple variant `Ok` in this scope
   --> C:\Users\Mechrevo\.cargo\registry\src\index.crates.io-1949cf8c6b5b557f\rustversion-1.0.22\src\expr.rs:107:5
    |
107 |     Ok(Expr::Since(bound))
    |     ^^ not found in this scope
    |
help: consider importing this tuple variant
    |
  1 + use core::result::Result::Ok;
    |

error[E0425]: cannot find function, tuple struct or tuple variant `Ok` in this scope
   --> C:\Users\Mechrevo\.cargo\registry\src\index.crates.io-1949cf8c6b5b557f\rustversion-1.0.22\src\expr.rs:118:5
    |
118 |     Ok(Expr::Before(bound))
    |     ^^ not found in this scope
    |
help: consider importing this tuple variant
    |
  1 + use core::result::Result::Ok;
    |

error[E0425]: cannot find function, tuple struct or tuple variant `Ok` in this scope
   --> C:\Users\Mechrevo\.cargo\registry\src\index.crates.io-1949cf8c6b5b557f\rustversion-1.0.22\src\expr.rs:129:5
    |
129 |     Ok(Expr::Not(Box::new(expr)))
    |     ^^ not found in this scope
    |
help: consider importing this tuple variant
    |
  1 + use core::result::Result::Ok;
    |

error[E0425]: cannot find function, tuple struct or tuple variant `Ok` in this scope
   --> C:\Users\Mechrevo\.cargo\registry\src\index.crates.io-1949cf8c6b5b557f\rustversion-1.0.22\src\expr.rs:138:5
    |
138 |     Ok(Expr::Any(exprs.into_iter().collect()))
    |     ^^ not found in this scope
    |
help: consider importing this tuple variant
    |
  1 + use core::result::Result::Ok;
    |

error[E0425]: cannot find function, tuple struct or tuple variant `Ok` in this scope
   --> C:\Users\Mechrevo\.cargo\registry\src\index.crates.io-1949cf8c6b5b557f\rustversion-1.0.22\src\expr.rs:147:5
    |
147 |     Ok(Expr::All(exprs.into_iter().collect()))
    |     ^^ not found in this scope
    |
help: consider importing this tuple variant
    |
  1 + use core::result::Result::Ok;
    |

error[E0412]: cannot find type `Vec` in this scope
   --> C:\Users\Mechrevo\.cargo\registry\src\index.crates.io-1949cf8c6b5b557f\rustversion-1.0.22\src\expr.rs:150:48
    |
150 | fn parse_comma_separated(iter: Iter) -> Result<Vec<Expr>> {
    |                                                ^^^ not found in this scope

error[E0425]: cannot find function, tuple struct or tuple variant `Ok` in this scope
   --> C:\Users\Mechrevo\.cargo\registry\src\index.crates.io-1949cf8c6b5b557f\rustversion-1.0.22\src\expr.rs:162:5
    |
162 |     Ok(exprs)
    |     ^^ not found in this scope
    |
help: consider importing this tuple variant
    |
  1 + use core::result::Result::Ok;
    |

error[E0412]: cannot find type `Vec` in this scope
 --> C:\Users\Mechrevo\.cargo\registry\src\index.crates.io-1949cf8c6b5b557f\rustversion-1.0.22\src\iter.rs:6:12
  |
6 |     stack: Vec<token_stream::IntoIter>,
  |            ^^^ not found in this scope

error[E0412]: cannot find type `Option` in this scope
 --> C:\Users\Mechrevo\.cargo\registry\src\index.crates.io-1949cf8c6b5b557f\rustversion-1.0.22\src\iter.rs:7:13
  |
7 |     peeked: Option<TokenTree>,
  |             ^^^^^^ not found in this scope
  |
help: consider importing this enum
  |
1 + use core::option::Option;
  |

error: cannot find macro `assert_eq` in this scope
   --> C:\Users\Mechrevo\.cargo\registry\src\index.crates.io-1949cf8c6b5b557f\curve25519-dalek-5.0.0-pre.1\src\edwards.
rs:975:9
    |
975 |         assert_eq!(s_hi, Some(s_lo));
    |         ^^^^^^^^^
    |
help: consider importing this macro
    |
 98 + use core::assert_eq;
    |

error[E0425]: cannot find value `None` in this scope
  --> C:\Users\Mechrevo\.cargo\registry\src\index.crates.io-1949cf8c6b5b557f\rustversion-1.0.22\src\iter.rs:13:17
   |
13 |         peeked: None,
   |                 ^^^^ not found in this scope
   |
note: unit variant `crate::constfn::Qualifiers::None` exists but is inaccessible
  --> C:\Users\Mechrevo\.cargo\registry\src\index.crates.io-1949cf8c6b5b557f\rustversion-1.0.22\src\constfn.rs:7:5
   |
 7 |     None,
   |     ^^^^ not accessible
help: consider importing this unit variant
   |
 1 + use core::option::Option::None;
   |

error[E0412]: cannot find type `Option` in this scope
  --> C:\Users\Mechrevo\.cargo\registry\src\index.crates.io-1949cf8c6b5b557f\rustversion-1.0.22\src\iter.rs:18:31
   |
18 |     pub fn peek(&mut self) -> Option<&TokenTree> {
   |                               ^^^^^^ not found in this scope
   |
help: consider importing this enum
   |
 1 + use core::option::Option;
   |

error[E0405]: cannot find trait `Iterator` in this scope
  --> C:\Users\Mechrevo\.cargo\registry\src\index.crates.io-1949cf8c6b5b557f\rustversion-1.0.22\src\iter.rs:24:6
   |
24 | impl Iterator for IterImpl {
   |      ^^^^^^^^ not found in this scope
   |
help: consider importing this trait
   |
 1 + use core::iter::Iterator;
   |

error[E0412]: cannot find type `Option` in this scope
  --> C:\Users\Mechrevo\.cargo\registry\src\index.crates.io-1949cf8c6b5b557f\rustversion-1.0.22\src\iter.rs:27:27
   |
27 |     fn next(&mut self) -> Option<Self::Item> {
   |                           ^^^^^^ not found in this scope
   |
help: consider importing this enum
   |
 1 + use core::option::Option;
   |

error[E0531]: cannot find tuple struct or tuple variant `Some` in this scope
  --> C:\Users\Mechrevo\.cargo\registry\src\index.crates.io-1949cf8c6b5b557f\rustversion-1.0.22\src\iter.rs:28:16
   |
28 |         if let Some(tt) = self.peeked.take() {
   |                ^^^^ not found in this scope
   |
help: consider importing this tuple variant
   |
 1 + use core::option::Option::Some;
   |

error[E0425]: cannot find function, tuple struct or tuple variant `Some` in this scope
  --> C:\Users\Mechrevo\.cargo\registry\src\index.crates.io-1949cf8c6b5b557f\rustversion-1.0.22\src\iter.rs:29:20
   |
29 |             return Some(tt);
   |                    ^^^^ not found in this scope
   |
help: consider importing this tuple variant
   |
 1 + use core::option::Option::Some;
   |

error[E0425]: cannot find function `drop` in this scope
  --> C:\Users\Mechrevo\.cargo\registry\src\index.crates.io-1949cf8c6b5b557f\rustversion-1.0.22\src\iter.rs:34:25
   |
34 |                 None => drop(self.stack.pop()),
   |                         ^^^^ not found in this scope
   |
help: consider importing this function
   |
 1 + use core::mem::drop;
   |

error[E0531]: cannot find tuple struct or tuple variant `Some` in this scope
  --> C:\Users\Mechrevo\.cargo\registry\src\index.crates.io-1949cf8c6b5b557f\rustversion-1.0.22\src\iter.rs:35:17
   |
35 |                 Some(TokenTree::Group(ref group)) if group.delimiter() == Delimiter::None => {
   |                 ^^^^ not found in this scope
   |
help: consider importing this tuple variant
   |
 1 + use core::option::Option::Some;
   |

error[E0531]: cannot find tuple struct or tuple variant `Some` in this scope
  --> C:\Users\Mechrevo\.cargo\registry\src\index.crates.io-1949cf8c6b5b557f\rustversion-1.0.22\src\iter.rs:38:17
   |
38 |                 Some(tt) => return Some(tt),
   |                 ^^^^ not found in this scope
   |
help: consider importing this tuple variant
   |
 1 + use core::option::Option::Some;
   |

error[E0425]: cannot find function, tuple struct or tuple variant `Some` in this scope
  --> C:\Users\Mechrevo\.cargo\registry\src\index.crates.io-1949cf8c6b5b557f\rustversion-1.0.22\src\iter.rs:38:36
   |
38 |                 Some(tt) => return Some(tt),
   |                                    ^^^^ not found in this scope
   |
help: consider importing this tuple variant
   |
 1 + use core::option::Option::Some;
   |

error[E0412]: cannot find type `Option` in this scope
 --> C:\Users\Mechrevo\.cargo\registry\src\index.crates.io-1949cf8c6b5b557f\rustversion-1.0.22\src\release.rs:9:16
  |
9 |     pub patch: Option<u16>,
  |                ^^^^^^ not found in this scope
  |
help: consider importing this enum
  |
1 + use core::option::Option;
  |

error[E0425]: cannot find value `drop` in this scope
  --> C:\Users\Mechrevo\.cargo\registry\src\index.crates.io-1949cf8c6b5b557f\rustversion-1.0.22\src\release.rs:17:58
   |
17 |     let major_minor = token::parse_literal(iter).map_err(drop)?;
   |                                                          ^^^^ not found in this scope
   |
help: consider importing this function
   |
 1 + use core::mem::drop;
   |

error[E0425]: cannot find function, tuple struct or tuple variant `Err` in this scope
  --> C:\Users\Mechrevo\.cargo\registry\src\index.crates.io-1949cf8c6b5b557f\rustversion-1.0.22\src\release.rs:21:16
   |
21 |         return Err(());
   |                ^^^ not found in this scope
   |
help: consider importing this tuple variant
   |
 1 + use core::result::Result::Err;
   |

error[E0425]: cannot find value `drop` in this scope
  --> C:\Users\Mechrevo\.cargo\registry\src\index.crates.io-1949cf8c6b5b557f\rustversion-1.0.22\src\release.rs:24:50
   |
24 |     let minor: u16 = string[2..].parse().map_err(drop)?;
   |                                                  ^^^^ not found in this scope
   |
help: consider importing this function
   |
 1 + use core::mem::drop;
   |

error[E0425]: cannot find value `drop` in this scope
  --> C:\Users\Mechrevo\.cargo\registry\src\index.crates.io-1949cf8c6b5b557f\rustversion-1.0.22\src\release.rs:27:54
   |
27 |         let int = token::parse_literal(iter).map_err(drop)?;
   |                                                      ^^^^ not found in this scope
   |
help: consider importing this function
   |
 1 + use core::mem::drop;
   |

error[E0425]: cannot find function, tuple struct or tuple variant `Some` in this scope
  --> C:\Users\Mechrevo\.cargo\registry\src\index.crates.io-1949cf8c6b5b557f\rustversion-1.0.22\src\release.rs:28:9
   |
28 |         Some(int.to_string().parse().map_err(drop)?)
   |         ^^^^ not found in this scope
   |
help: consider importing this tuple variant
   |
 1 + use core::option::Option::Some;
   |

error[E0425]: cannot find value `drop` in this scope
  --> C:\Users\Mechrevo\.cargo\registry\src\index.crates.io-1949cf8c6b5b557f\rustversion-1.0.22\src\release.rs:28:46
   |
28 |         Some(int.to_string().parse().map_err(drop)?)
   |                                              ^^^^ not found in this scope
   |
help: consider importing this function
   |
 1 + use core::mem::drop;
   |

error[E0425]: cannot find value `None` in this scope
  --> C:\Users\Mechrevo\.cargo\registry\src\index.crates.io-1949cf8c6b5b557f\rustversion-1.0.22\src\release.rs:30:9
   |
30 |         None
   |         ^^^^ not found in this scope
   |
note: unit variant `crate::constfn::Qualifiers::None` exists but is inaccessible
  --> C:\Users\Mechrevo\.cargo\registry\src\index.crates.io-1949cf8c6b5b557f\rustversion-1.0.22\src\constfn.rs:7:5
   |
 7 |     None,
   |     ^^^^ not accessible
help: consider importing this unit variant
   |
 1 + use core::option::Option::None;
   |

error[E0425]: cannot find function, tuple struct or tuple variant `Ok` in this scope
  --> C:\Users\Mechrevo\.cargo\registry\src\index.crates.io-1949cf8c6b5b557f\rustversion-1.0.22\src\release.rs:33:5
   |
33 |     Ok(Release { minor, patch })
   |     ^^ not found in this scope
   |
help: consider importing this tuple variant
   |
 1 + use core::result::Result::Ok;
   |

error[E0412]: cannot find type `Option` in this scope
  --> C:\Users\Mechrevo\.cargo\registry\src\index.crates.io-1949cf8c6b5b557f\rustversion-1.0.22\src\time.rs:24:19
   |
24 | fn try_today() -> Option<Date> {
   |                   ^^^^^^ not found in this scope
   |
help: consider importing this enum
   |
 1 + use core::option::Option;
   |

error[E0531]: cannot find tuple struct or tuple variant `Some` in this scope
  --> C:\Users\Mechrevo\.cargo\registry\src\index.crates.io-1949cf8c6b5b557f\rustversion-1.0.22\src\time.rs:25:12
   |
25 |     if let Some(pkg_name) = env::var_os("CARGO_PKG_NAME") {
   |            ^^^^ not found in this scope
   |
help: consider importing this tuple variant
   |
 1 + use core::option::Option::Some;
   |

error[E0425]: cannot find function, tuple struct or tuple variant `Some` in this scope
  --> C:\Users\Mechrevo\.cargo\registry\src\index.crates.io-1949cf8c6b5b557f\rustversion-1.0.22\src\time.rs:26:33
   |
26 |         if pkg_name.to_str() == Some("rustversion-tests") {
   |                                 ^^^^ not found in this scope
   |
help: consider importing this tuple variant
   |
 1 + use core::option::Option::Some;
   |

error[E0425]: cannot find value `None` in this scope
  --> C:\Users\Mechrevo\.cargo\registry\src\index.crates.io-1949cf8c6b5b557f\rustversion-1.0.22\src\time.rs:27:20
   |
27 |             return None; // Stable date for ui testing.
   |                    ^^^^ not found in this scope
   |
note: unit variant `crate::constfn::Qualifiers::None` exists but is inaccessible
  --> C:\Users\Mechrevo\.cargo\registry\src\index.crates.io-1949cf8c6b5b557f\rustversion-1.0.22\src\constfn.rs:7:5
   |
 7 |     None,
   |     ^^^^ not accessible
help: consider importing this unit variant
   |
 1 + use core::option::Option::None;
   |

error[E0425]: cannot find function, tuple struct or tuple variant `Some` in this scope
  --> C:\Users\Mechrevo\.cargo\registry\src\index.crates.io-1949cf8c6b5b557f\rustversion-1.0.22\src\time.rs:45:20
   |
45 |             return Some(Date { year, month, day });
   |                    ^^^^ not found in this scope
   |
help: consider importing this tuple variant
   |
 1 + use core::option::Option::Some;
   |

error[E0531]: cannot find tuple struct or tuple variant `Some` in this scope
 --> C:\Users\Mechrevo\.cargo\registry\src\index.crates.io-1949cf8c6b5b557f\rustversion-1.0.22\src\token.rs:7:9
  |
7 |         Some(TokenTree::Punct(ref punct)) if punct.as_char() == ch => Ok(()),
  |         ^^^^ not found in this scope
  |
help: consider importing this tuple variant
  |
1 + use core::option::Option::Some;
  |

error[E0425]: cannot find function, tuple struct or tuple variant `Ok` in this scope
 --> C:\Users\Mechrevo\.cargo\registry\src\index.crates.io-1949cf8c6b5b557f\rustversion-1.0.22\src\token.rs:7:71
  |
7 |         Some(TokenTree::Punct(ref punct)) if punct.as_char() == ch => Ok(()),
  |                                                                       ^^ not found in this scope
  |
help: consider importing this tuple variant
  |
1 + use core::result::Result::Ok;
  |

error[E0425]: cannot find function, tuple struct or tuple variant `Err` in this scope
  --> C:\Users\Mechrevo\.cargo\registry\src\index.crates.io-1949cf8c6b5b557f\rustversion-1.0.22\src\token.rs:12:13
   |
12 |             Err(Error::new(span, format!("expected `{}`", ch)))
   |             ^^^ not found in this scope
   |
help: consider importing this tuple variant
   |
 1 + use core::result::Result::Err;
   |

error[E0412]: cannot find type `Option` in this scope
  --> C:\Users\Mechrevo\.cargo\registry\src\index.crates.io-1949cf8c6b5b557f\rustversion-1.0.22\src\token.rs:17:54
   |
17 | pub fn parse_optional_punct(iter: Iter, ch: char) -> Option<()> {
   |                                                      ^^^^^^ not found in this scope
   |
help: consider importing this enum
   |
 1 + use core::option::Option;
   |

error[E0531]: cannot find tuple struct or tuple variant `Some` in this scope
  --> C:\Users\Mechrevo\.cargo\registry\src\index.crates.io-1949cf8c6b5b557f\rustversion-1.0.22\src\token.rs:19:9
   |
19 |         Some(TokenTree::Punct(punct)) if punct.as_char() == ch => iter.next().map(drop),
   |         ^^^^ not found in this scope
   |
help: consider importing this tuple variant
   |
 1 + use core::option::Option::Some;
   |

error[E0425]: cannot find value `drop` in this scope
  --> C:\Users\Mechrevo\.cargo\registry\src\index.crates.io-1949cf8c6b5b557f\rustversion-1.0.22\src\token.rs:19:83
   |
19 |         Some(TokenTree::Punct(punct)) if punct.as_char() == ch => iter.next().map(drop),
   |                                                                                   ^^^^ not found in this scope
   |
help: consider importing this function
   |
 1 + use core::mem::drop;
   |

error[E0425]: cannot find value `None` in this scope
  --> C:\Users\Mechrevo\.cargo\registry\src\index.crates.io-1949cf8c6b5b557f\rustversion-1.0.22\src\token.rs:20:14
   |
20 |         _ => None,
   |              ^^^^ not found in this scope
   |
note: unit variant `crate::constfn::Qualifiers::None` exists but is inaccessible
  --> C:\Users\Mechrevo\.cargo\registry\src\index.crates.io-1949cf8c6b5b557f\rustversion-1.0.22\src\constfn.rs:7:5
   |
 7 |     None,
   |     ^^^^ not accessible
help: consider importing this unit variant
   |
 1 + use core::option::Option::None;
   |

error[E0412]: cannot find type `Option` in this scope
  --> C:\Users\Mechrevo\.cargo\registry\src\index.crates.io-1949cf8c6b5b557f\rustversion-1.0.22\src\token.rs:24:61
   |
24 | pub fn parse_optional_keyword(iter: Iter, keyword: &str) -> Option<Span> {
   |                                                             ^^^^^^ not found in this scope
   |
help: consider importing this enum
   |
 1 + use core::option::Option;
   |

error[E0531]: cannot find tuple struct or tuple variant `Some` in this scope
  --> C:\Users\Mechrevo\.cargo\registry\src\index.crates.io-1949cf8c6b5b557f\rustversion-1.0.22\src\token.rs:26:9
   |
26 |         Some(TokenTree::Ident(ident)) if ident.to_string() == keyword => {
   |         ^^^^ not found in this scope
   |
help: consider importing this tuple variant
   |
 1 + use core::option::Option::Some;
   |

error[E0425]: cannot find function, tuple struct or tuple variant `Some` in this scope
  --> C:\Users\Mechrevo\.cargo\registry\src\index.crates.io-1949cf8c6b5b557f\rustversion-1.0.22\src\token.rs:27:13
   |
27 |             Some(iter.next().unwrap().span())
   |             ^^^^ not found in this scope
   |
help: consider importing this tuple variant
   |
 1 + use core::option::Option::Some;
   |

error[E0425]: cannot find value `None` in this scope
  --> C:\Users\Mechrevo\.cargo\registry\src\index.crates.io-1949cf8c6b5b557f\rustversion-1.0.22\src\token.rs:29:14
   |
29 |         _ => None,
   |              ^^^^ not found in this scope
   |
note: unit variant `crate::constfn::Qualifiers::None` exists but is inaccessible
  --> C:\Users\Mechrevo\.cargo\registry\src\index.crates.io-1949cf8c6b5b557f\rustversion-1.0.22\src\constfn.rs:7:5
   |
 7 |     None,
   |     ^^^^ not accessible
help: consider importing this unit variant
   |
 1 + use core::option::Option::None;
   |

error[E0531]: cannot find tuple struct or tuple variant `Some` in this scope
  --> C:\Users\Mechrevo\.cargo\registry\src\index.crates.io-1949cf8c6b5b557f\rustversion-1.0.22\src\token.rs:35:9
   |
35 |         Some(TokenTree::Literal(literal)) => Ok(literal),
   |         ^^^^ not found in this scope
   |
help: consider importing this tuple variant
   |
 1 + use core::option::Option::Some;
   |

error[E0425]: cannot find function, tuple struct or tuple variant `Ok` in this scope
  --> C:\Users\Mechrevo\.cargo\registry\src\index.crates.io-1949cf8c6b5b557f\rustversion-1.0.22\src\token.rs:35:46
   |
35 |         Some(TokenTree::Literal(literal)) => Ok(literal),
   |                                              ^^ not found in this scope
   |
help: consider importing this tuple variant
   |
 1 + use core::result::Result::Ok;
   |

error[E0425]: cannot find function, tuple struct or tuple variant `Err` in this scope
  --> C:\Users\Mechrevo\.cargo\registry\src\index.crates.io-1949cf8c6b5b557f\rustversion-1.0.22\src\token.rs:40:13
   |
40 |             Err(Error::new(span, "expected literal"))
   |             ^^^ not found in this scope
   |
help: consider importing this tuple variant
   |
 1 + use core::result::Result::Err;
   |

error[E0531]: cannot find tuple struct or tuple variant `Some` in this scope
  --> C:\Users\Mechrevo\.cargo\registry\src\index.crates.io-1949cf8c6b5b557f\rustversion-1.0.22\src\token.rs:47:9
   |
47 |         Some(TokenTree::Group(group)) if group.delimiter() == Delimiter::Parenthesis => {
   |         ^^^^ not found in this scope
   |
help: consider importing this tuple variant
   |
 1 + use core::option::Option::Some;
   |

error[E0531]: cannot find tuple struct or tuple variant `Some` in this scope
  --> C:\Users\Mechrevo\.cargo\registry\src\index.crates.io-1949cf8c6b5b557f\rustversion-1.0.22\src\token.rs:49:17
   |
49 |                 Some(TokenTree::Group(group)) => Ok(group),
   |                 ^^^^ not found in this scope
   |
help: consider importing this tuple variant
   |
 1 + use core::option::Option::Some;
   |

error[E0425]: cannot find function, tuple struct or tuple variant `Ok` in this scope
  --> C:\Users\Mechrevo\.cargo\registry\src\index.crates.io-1949cf8c6b5b557f\rustversion-1.0.22\src\token.rs:49:50
   |
49 |                 Some(TokenTree::Group(group)) => Ok(group),
   |                                                  ^^ not found in this scope
   |
help: consider importing this tuple variant
   |
 1 + use core::result::Result::Ok;
   |

error[E0531]: cannot find tuple struct or tuple variant `Some` in this scope
  --> C:\Users\Mechrevo\.cargo\registry\src\index.crates.io-1949cf8c6b5b557f\rustversion-1.0.22\src\token.rs:53:9
   |
53 |         Some(unexpected) => Err(Error::new(unexpected.span(), "expected `(`")),
   |         ^^^^ not found in this scope
   |
help: consider importing this tuple variant
   |
 1 + use core::option::Option::Some;
   |

error[E0425]: cannot find function, tuple struct or tuple variant `Err` in this scope
  --> C:\Users\Mechrevo\.cargo\registry\src\index.crates.io-1949cf8c6b5b557f\rustversion-1.0.22\src\token.rs:53:29
   |
53 |         Some(unexpected) => Err(Error::new(unexpected.span(), "expected `(`")),
   |                             ^^^ not found in this scope
   |
help: consider importing this tuple variant
   |
 1 + use core::result::Result::Err;
   |

error[E0425]: cannot find function, tuple struct or tuple variant `Err` in this scope
  --> C:\Users\Mechrevo\.cargo\registry\src\index.crates.io-1949cf8c6b5b557f\rustversion-1.0.22\src\token.rs:54:17
   |
54 |         None => Err(Error::new(
   |                 ^^^ not found in this scope
   |
help: consider importing this tuple variant
   |
 1 + use core::result::Result::Err;
   |

error[E0412]: cannot find type `Option` in this scope
  --> C:\Users\Mechrevo\.cargo\registry\src\index.crates.io-1949cf8c6b5b557f\rustversion-1.0.22\src\token.rs:61:44
   |
61 | pub fn parse_optional_paren(iter: Iter) -> Option<Group> {
   |                                            ^^^^^^ not found in this scope
   |
help: consider importing this enum
   |
 1 + use core::option::Option;
   |

error[E0531]: cannot find tuple struct or tuple variant `Some` in this scope
  --> C:\Users\Mechrevo\.cargo\registry\src\index.crates.io-1949cf8c6b5b557f\rustversion-1.0.22\src\token.rs:63:9
   |
63 |         Some(TokenTree::Group(group)) if group.delimiter() == Delimiter::Parenthesis => {
   |         ^^^^ not found in this scope
   |
help: consider importing this tuple variant
   |
 1 + use core::option::Option::Some;
   |

error[E0531]: cannot find tuple struct or tuple variant `Some` in this scope
  --> C:\Users\Mechrevo\.cargo\registry\src\index.crates.io-1949cf8c6b5b557f\rustversion-1.0.22\src\token.rs:65:17
   |
65 |                 Some(TokenTree::Group(group)) => Some(group),
   |                 ^^^^ not found in this scope
   |
help: consider importing this tuple variant
   |
 1 + use core::option::Option::Some;
   |

error[E0425]: cannot find function, tuple struct or tuple variant `Some` in this scope
  --> C:\Users\Mechrevo\.cargo\registry\src\index.crates.io-1949cf8c6b5b557f\rustversion-1.0.22\src\token.rs:65:50
   |
65 |                 Some(TokenTree::Group(group)) => Some(group),
   |                                                  ^^^^ not found in this scope
   |
help: consider importing this tuple variant
   |
 1 + use core::option::Option::Some;
   |

error: cannot find macro `assert_eq` in this scope
   --> C:\Users\Mechrevo\.cargo\registry\src\index.crates.io-1949cf8c6b5b557f\curve25519-dalek-5.0.0-pre.1\src\edwards.
rs:976:9
    |
976 |         assert_eq!(p_hi, Some(p_lo));
    |         ^^^^^^^^^
    |
help: consider importing this macro
    |
 98 + use core::assert_eq;
    |

error[E0425]: cannot find value `None` in this scope
  --> C:\Users\Mechrevo\.cargo\registry\src\index.crates.io-1949cf8c6b5b557f\rustversion-1.0.22\src\token.rs:69:14
   |
69 |         _ => None,
   |              ^^^^ not found in this scope
   |
note: unit variant `crate::constfn::Qualifiers::None` exists but is inaccessible
  --> C:\Users\Mechrevo\.cargo\registry\src\index.crates.io-1949cf8c6b5b557f\rustversion-1.0.22\src\constfn.rs:7:5
   |
 7 |     None,
   |     ^^^^ not accessible
help: consider importing this unit variant
   |
 1 + use core::option::Option::None;
   |

error[E0425]: cannot find function, tuple struct or tuple variant `Ok` in this scope
  --> C:\Users\Mechrevo\.cargo\registry\src\index.crates.io-1949cf8c6b5b557f\rustversion-1.0.22\src\token.rs:75:17
   |
75 |         None => Ok(()),
   |                 ^^ not found in this scope
   |
help: consider importing this tuple variant
   |
 1 + use core::result::Result::Ok;
   |

error[E0531]: cannot find tuple struct or tuple variant `Some` in this scope
  --> C:\Users\Mechrevo\.cargo\registry\src\index.crates.io-1949cf8c6b5b557f\rustversion-1.0.22\src\token.rs:76:9
   |
76 |         Some(unexpected) => Err(Error::new(unexpected.span(), "unexpected token")),
   |         ^^^^ not found in this scope
   |
help: consider importing this tuple variant
   |
 1 + use core::option::Option::Some;
   |

error[E0425]: cannot find function, tuple struct or tuple variant `Err` in this scope
  --> C:\Users\Mechrevo\.cargo\registry\src\index.crates.io-1949cf8c6b5b557f\rustversion-1.0.22\src\token.rs:76:29
   |
76 |         Some(unexpected) => Err(Error::new(unexpected.span(), "unexpected token")),
   |                             ^^^ not found in this scope
   |
help: consider importing this tuple variant
   |
 1 + use core::result::Result::Err;
   |

error[E0425]: cannot find function, tuple struct or tuple variant `Ok` in this scope
   --> C:\Users\Mechrevo\.cargo\registry\src\index.crates.io-1949cf8c6b5b557f\rustversion-1.0.22\src\lib.rs:279:9
    |
279 |         Ok(TokenStream::from(TokenTree::Ident(ident)))
    |         ^^ not found in this scope
    |
help: consider importing this tuple variant
    |
212 + use core::result::Result::Ok;
    |

error: cannot find macro `assert_eq` in this scope
    --> C:\Users\Mechrevo\.cargo\registry\src\index.crates.io-1949cf8c6b5b557f\curve25519-dalek-5.0.0-pre.1\src\edwards
.rs:1005:9
     |
1005 |         assert_eq!(s_lo, p_lo);
     |         ^^^^^^^^^
     |
help: consider importing this macro
     |
  98 + use core::assert_eq;
     |

error: `#[panic_handler]` function required, but not found

error: unwinding panics are not supported without std
  |
  = help: using nightly cargo, use -Zbuild-std with panic="abort" to avoid unwinding
  = note: since the core library is usually precompiled with panic="unwind", rebuilding your crate with panic="abort" m
ay not be enough to fix the problem

error: cannot find macro `assert_eq` in this scope
    --> C:\Users\Mechrevo\.cargo\registry\src\index.crates.io-1949cf8c6b5b557f\curve25519-dalek-5.0.0-pre.1\src\edwards
.rs:1006:9
     |
1006 |         assert_eq!(s_hi, Some(s_lo));
     |         ^^^^^^^^^
     |
help: consider importing this macro
     |
  98 + use core::assert_eq;
     |

error: cannot find macro `assert_eq` in this scope
    --> C:\Users\Mechrevo\.cargo\registry\src\index.crates.io-1949cf8c6b5b557f\curve25519-dalek-5.0.0-pre.1\src\edwards
.rs:1007:9
     |
1007 |         assert_eq!(p_hi, Some(p_lo));
     |         ^^^^^^^^^
     |
help: consider importing this macro
     |
  98 + use core::assert_eq;
     |

error[E0433]: failed to resolve: use of undeclared type `Vec`
  --> C:\Users\Mechrevo\.cargo\registry\src\index.crates.io-1949cf8c6b5b557f\rustversion-1.0.22\src\constfn.rs:29:23
   |
29 |     let mut pending = Vec::new();
   |                       ^^^ use of undeclared type `Vec`

error[E0433]: failed to resolve: use of undeclared type `Box`
   --> C:\Users\Mechrevo\.cargo\registry\src\index.crates.io-1949cf8c6b5b557f\rustversion-1.0.22\src\expr.rs:129:18
    |
129 |     Ok(Expr::Not(Box::new(expr)))
    |                  ^^^ use of undeclared type `Box`

error[E0433]: failed to resolve: use of undeclared type `Vec`
   --> C:\Users\Mechrevo\.cargo\registry\src\index.crates.io-1949cf8c6b5b557f\rustversion-1.0.22\src\expr.rs:151:21
    |
151 |     let mut exprs = Vec::new();
    |                     ^^^ use of undeclared type `Vec`

Some errors have detailed explanations: E0405, E0412, E0425, E0433, E0463, E0531, E0786.
For more information about an error, try `rustc --explain E0405`.
error: cannot find attribute `derive` in this scope
    --> C:\Users\Mechrevo\.cargo\registry\src\index.crates.io-1949cf8c6b5b557f\curve25519-dalek-5.0.0-pre.1\src\edwards
.rs:1111:11
     |
1111 |           #[derive(Clone)]
     |             ^^^^^^
...
1236 | /         impl_basepoint_table! {
1237 | |             Name = EdwardsBasepointTable,
1238 | |             LookupTable = LookupTableRadix16,
1239 | |             Point = EdwardsPoint,
1240 | |             Radix = 4,
1241 | |             Additions = 64
1242 | |         }
     | |_________- in this macro invocation
     |
     = note: this error originates in the macro `impl_basepoint_table` (in Nightly builds, run with -Z macro-backtrace 
for more info)
help: consider importing this attribute macro
     |
  98 + use core::prelude::rust_2024::derive;
     |

error: cannot find macro `write` in this scope
    --> C:\Users\Mechrevo\.cargo\registry\src\index.crates.io-1949cf8c6b5b557f\curve25519-dalek-5.0.0-pre.1\src\edwards
.rs:1223:17
     |
1223 |                   write!(f, "{:?}([\n", stringify!($name))?;
     |                   ^^^^^
...
1236 | /         impl_basepoint_table! {
1237 | |             Name = EdwardsBasepointTable,
1238 | |             LookupTable = LookupTableRadix16,
1239 | |             Point = EdwardsPoint,
1240 | |             Radix = 4,
1241 | |             Additions = 64
1242 | |         }
     | |_________- in this macro invocation
     |
     = note: this error originates in the macro `impl_basepoint_table` (in Nightly builds, run with -Z macro-backtrace 
for more info)
help: consider importing this macro
     |
  98 + use core::write;
     |

error: could not compile `rustversion` (lib) due to 138 previous errors
error: cannot find macro `write` in this scope
    --> C:\Users\Mechrevo\.cargo\registry\src\index.crates.io-1949cf8c6b5b557f\curve25519-dalek-5.0.0-pre.1\src\edwards
.rs:1225:21
     |
1225 |                       write!(f, "\t{:?},\n", &self.0[i])?;
     |                       ^^^^^
...
1236 | /         impl_basepoint_table! {
1237 | |             Name = EdwardsBasepointTable,
1238 | |             LookupTable = LookupTableRadix16,
1239 | |             Point = EdwardsPoint,
1240 | |             Radix = 4,
1241 | |             Additions = 64
1242 | |         }
     | |_________- in this macro invocation
     |
     = note: this error originates in the macro `impl_basepoint_table` (in Nightly builds, run with -Z macro-backtrace 
for more info)
help: consider importing this macro
     |
  98 + use core::write;
     |

error: cannot find macro `write` in this scope
    --> C:\Users\Mechrevo\.cargo\registry\src\index.crates.io-1949cf8c6b5b557f\curve25519-dalek-5.0.0-pre.1\src\edwards
.rs:1227:17
     |
1227 |                   write!(f, "])")
     |                   ^^^^^
...
1236 | /         impl_basepoint_table! {
1237 | |             Name = EdwardsBasepointTable,
1238 | |             LookupTable = LookupTableRadix16,
1239 | |             Point = EdwardsPoint,
1240 | |             Radix = 4,
1241 | |             Additions = 64
1242 | |         }
     | |_________- in this macro invocation
     |
     = note: this error originates in the macro `impl_basepoint_table` (in Nightly builds, run with -Z macro-backtrace 
for more info)
help: consider importing this macro
     |
  98 + use core::write;
     |

error: cannot find attribute `derive` in this scope
    --> C:\Users\Mechrevo\.cargo\registry\src\index.crates.io-1949cf8c6b5b557f\curve25519-dalek-5.0.0-pre.1\src\edwards
.rs:1111:11
     |
1111 |           #[derive(Clone)]
     |             ^^^^^^
...
1243 | /         impl_basepoint_table! {
1244 | |             Name = EdwardsBasepointTableRadix32,
1245 | |             LookupTable = LookupTableRadix32,
1246 | |             Point = EdwardsPoint,
1247 | |             Radix = 5,
1248 | |             Additions = 52
1249 | |         }
     | |_________- in this macro invocation
     |
     = note: this error originates in the macro `impl_basepoint_table` (in Nightly builds, run with -Z macro-backtrace 
for more info)
help: consider importing this attribute macro
     |
  98 + use core::prelude::rust_2024::derive;
     |

error: cannot find macro `write` in this scope
    --> C:\Users\Mechrevo\.cargo\registry\src\index.crates.io-1949cf8c6b5b557f\curve25519-dalek-5.0.0-pre.1\src\edwards
.rs:1223:17
     |
1223 |                   write!(f, "{:?}([\n", stringify!($name))?;
     |                   ^^^^^
...
1243 | /         impl_basepoint_table! {
1244 | |             Name = EdwardsBasepointTableRadix32,
1245 | |             LookupTable = LookupTableRadix32,
1246 | |             Point = EdwardsPoint,
1247 | |             Radix = 5,
1248 | |             Additions = 52
1249 | |         }
     | |_________- in this macro invocation
     |
     = note: this error originates in the macro `impl_basepoint_table` (in Nightly builds, run with -Z macro-backtrace 
for more info)
help: consider importing this macro
     |
  98 + use core::write;
     |

error: cannot find macro `write` in this scope
    --> C:\Users\Mechrevo\.cargo\registry\src\index.crates.io-1949cf8c6b5b557f\curve25519-dalek-5.0.0-pre.1\src\edwards
.rs:1225:21
     |
1225 |                       write!(f, "\t{:?},\n", &self.0[i])?;
     |                       ^^^^^
...
1243 | /         impl_basepoint_table! {
1244 | |             Name = EdwardsBasepointTableRadix32,
1245 | |             LookupTable = LookupTableRadix32,
1246 | |             Point = EdwardsPoint,
1247 | |             Radix = 5,
1248 | |             Additions = 52
1249 | |         }
     | |_________- in this macro invocation
     |
     = note: this error originates in the macro `impl_basepoint_table` (in Nightly builds, run with -Z macro-backtrace 
for more info)
help: consider importing this macro
     |
  98 + use core::write;
     |

error: cannot find macro `write` in this scope
    --> C:\Users\Mechrevo\.cargo\registry\src\index.crates.io-1949cf8c6b5b557f\curve25519-dalek-5.0.0-pre.1\src\edwards
.rs:1227:17
     |
1227 |                   write!(f, "])")
     |                   ^^^^^
...
1243 | /         impl_basepoint_table! {
1244 | |             Name = EdwardsBasepointTableRadix32,
1245 | |             LookupTable = LookupTableRadix32,
1246 | |             Point = EdwardsPoint,
1247 | |             Radix = 5,
1248 | |             Additions = 52
1249 | |         }
     | |_________- in this macro invocation
     |
     = note: this error originates in the macro `impl_basepoint_table` (in Nightly builds, run with -Z macro-backtrace 
for more info)
help: consider importing this macro
     |
  98 + use core::write;
     |

error: cannot find attribute `derive` in this scope
    --> C:\Users\Mechrevo\.cargo\registry\src\index.crates.io-1949cf8c6b5b557f\curve25519-dalek-5.0.0-pre.1\src\edwards
.rs:1111:11
     |
1111 |           #[derive(Clone)]
     |             ^^^^^^
...
1250 | /         impl_basepoint_table! {
1251 | |             Name = EdwardsBasepointTableRadix64,
1252 | |             LookupTable = LookupTableRadix64,
1253 | |             Point = EdwardsPoint,
1254 | |             Radix = 6,
1255 | |             Additions = 43
1256 | |         }
     | |_________- in this macro invocation
     |
     = note: this error originates in the macro `impl_basepoint_table` (in Nightly builds, run with -Z macro-backtrace 
for more info)
help: consider importing this attribute macro
     |
  98 + use core::prelude::rust_2024::derive;
     |

error: cannot find macro `write` in this scope
    --> C:\Users\Mechrevo\.cargo\registry\src\index.crates.io-1949cf8c6b5b557f\curve25519-dalek-5.0.0-pre.1\src\edwards
.rs:1223:17
     |
1223 |                   write!(f, "{:?}([\n", stringify!($name))?;
     |                   ^^^^^
...
1250 | /         impl_basepoint_table! {
1251 | |             Name = EdwardsBasepointTableRadix64,
1252 | |             LookupTable = LookupTableRadix64,
1253 | |             Point = EdwardsPoint,
1254 | |             Radix = 6,
1255 | |             Additions = 43
1256 | |         }
     | |_________- in this macro invocation
     |
     = note: this error originates in the macro `impl_basepoint_table` (in Nightly builds, run with -Z macro-backtrace 
for more info)
help: consider importing this macro
     |
  98 + use core::write;
     |

error: cannot find macro `write` in this scope
    --> C:\Users\Mechrevo\.cargo\registry\src\index.crates.io-1949cf8c6b5b557f\curve25519-dalek-5.0.0-pre.1\src\edwards
.rs:1225:21
     |
1225 |                       write!(f, "\t{:?},\n", &self.0[i])?;
     |                       ^^^^^
...
1250 | /         impl_basepoint_table! {
1251 | |             Name = EdwardsBasepointTableRadix64,
1252 | |             LookupTable = LookupTableRadix64,
1253 | |             Point = EdwardsPoint,
1254 | |             Radix = 6,
1255 | |             Additions = 43
1256 | |         }
     | |_________- in this macro invocation
     |
     = note: this error originates in the macro `impl_basepoint_table` (in Nightly builds, run with -Z macro-backtrace 
for more info)
help: consider importing this macro
     |
  98 + use core::write;
     |

error: cannot find macro `write` in this scope
    --> C:\Users\Mechrevo\.cargo\registry\src\index.crates.io-1949cf8c6b5b557f\curve25519-dalek-5.0.0-pre.1\src\edwards
.rs:1227:17
     |
1227 |                   write!(f, "])")
     |                   ^^^^^
...
1250 | /         impl_basepoint_table! {
1251 | |             Name = EdwardsBasepointTableRadix64,
1252 | |             LookupTable = LookupTableRadix64,
1253 | |             Point = EdwardsPoint,
1254 | |             Radix = 6,
1255 | |             Additions = 43
1256 | |         }
     | |_________- in this macro invocation
     |
     = note: this error originates in the macro `impl_basepoint_table` (in Nightly builds, run with -Z macro-backtrace 
for more info)
help: consider importing this macro
     |
  98 + use core::write;
     |

error: cannot find attribute `derive` in this scope
    --> C:\Users\Mechrevo\.cargo\registry\src\index.crates.io-1949cf8c6b5b557f\curve25519-dalek-5.0.0-pre.1\src\edwards
.rs:1111:11
     |
1111 |           #[derive(Clone)]
     |             ^^^^^^
...
1257 | /         impl_basepoint_table! {
1258 | |             Name = EdwardsBasepointTableRadix128,
1259 | |             LookupTable = LookupTableRadix128,
1260 | |             Point = EdwardsPoint,
1261 | |             Radix = 7,
1262 | |             Additions = 37
1263 | |         }
     | |_________- in this macro invocation
     |
     = note: this error originates in the macro `impl_basepoint_table` (in Nightly builds, run with -Z macro-backtrace 
for more info)
help: consider importing this attribute macro
     |
  98 + use core::prelude::rust_2024::derive;
     |

error: cannot find macro `write` in this scope
    --> C:\Users\Mechrevo\.cargo\registry\src\index.crates.io-1949cf8c6b5b557f\curve25519-dalek-5.0.0-pre.1\src\edwards
.rs:1223:17
     |
1223 |                   write!(f, "{:?}([\n", stringify!($name))?;
     |                   ^^^^^
...
1257 | /         impl_basepoint_table! {
1258 | |             Name = EdwardsBasepointTableRadix128,
1259 | |             LookupTable = LookupTableRadix128,
1260 | |             Point = EdwardsPoint,
1261 | |             Radix = 7,
1262 | |             Additions = 37
1263 | |         }
     | |_________- in this macro invocation
     |
     = note: this error originates in the macro `impl_basepoint_table` (in Nightly builds, run with -Z macro-backtrace 
for more info)
help: consider importing this macro
     |
  98 + use core::write;
     |

error: cannot find macro `write` in this scope
    --> C:\Users\Mechrevo\.cargo\registry\src\index.crates.io-1949cf8c6b5b557f\curve25519-dalek-5.0.0-pre.1\src\edwards
.rs:1225:21
     |
1225 |                       write!(f, "\t{:?},\n", &self.0[i])?;
     |                       ^^^^^
...
1257 | /         impl_basepoint_table! {
1258 | |             Name = EdwardsBasepointTableRadix128,
1259 | |             LookupTable = LookupTableRadix128,
1260 | |             Point = EdwardsPoint,
1261 | |             Radix = 7,
1262 | |             Additions = 37
1263 | |         }
     | |_________- in this macro invocation
     |
     = note: this error originates in the macro `impl_basepoint_table` (in Nightly builds, run with -Z macro-backtrace 
for more info)
help: consider importing this macro
     |
  98 + use core::write;
     |

error: cannot find macro `write` in this scope
    --> C:\Users\Mechrevo\.cargo\registry\src\index.crates.io-1949cf8c6b5b557f\curve25519-dalek-5.0.0-pre.1\src\edwards
.rs:1227:17
     |
1227 |                   write!(f, "])")
     |                   ^^^^^
...
1257 | /         impl_basepoint_table! {
1258 | |             Name = EdwardsBasepointTableRadix128,
1259 | |             LookupTable = LookupTableRadix128,
1260 | |             Point = EdwardsPoint,
1261 | |             Radix = 7,
1262 | |             Additions = 37
1263 | |         }
     | |_________- in this macro invocation
     |
     = note: this error originates in the macro `impl_basepoint_table` (in Nightly builds, run with -Z macro-backtrace 
for more info)
help: consider importing this macro
     |
  98 + use core::write;
     |

error: cannot find attribute `derive` in this scope
    --> C:\Users\Mechrevo\.cargo\registry\src\index.crates.io-1949cf8c6b5b557f\curve25519-dalek-5.0.0-pre.1\src\edwards
.rs:1111:11
     |
1111 |           #[derive(Clone)]
     |             ^^^^^^
...
1264 | /         impl_basepoint_table! {
1265 | |             Name = EdwardsBasepointTableRadix256,
1266 | |             LookupTable = LookupTableRadix256,
1267 | |             Point = EdwardsPoint,
1268 | |             Radix = 8,
1269 | |             Additions = 33
1270 | |         }
     | |_________- in this macro invocation
     |
     = note: this error originates in the macro `impl_basepoint_table` (in Nightly builds, run with -Z macro-backtrace 
for more info)
help: consider importing this attribute macro
     |
  98 + use core::prelude::rust_2024::derive;
     |

error: cannot find macro `write` in this scope
    --> C:\Users\Mechrevo\.cargo\registry\src\index.crates.io-1949cf8c6b5b557f\curve25519-dalek-5.0.0-pre.1\src\edwards
.rs:1223:17
     |
1223 |                   write!(f, "{:?}([\n", stringify!($name))?;
     |                   ^^^^^
...
1264 | /         impl_basepoint_table! {
1265 | |             Name = EdwardsBasepointTableRadix256,
1266 | |             LookupTable = LookupTableRadix256,
1267 | |             Point = EdwardsPoint,
1268 | |             Radix = 8,
1269 | |             Additions = 33
1270 | |         }
     | |_________- in this macro invocation
     |
     = note: this error originates in the macro `impl_basepoint_table` (in Nightly builds, run with -Z macro-backtrace 
for more info)
help: consider importing this macro
     |
  98 + use core::write;
     |

error: cannot find macro `write` in this scope
    --> C:\Users\Mechrevo\.cargo\registry\src\index.crates.io-1949cf8c6b5b557f\curve25519-dalek-5.0.0-pre.1\src\edwards
.rs:1225:21
     |
1225 |                       write!(f, "\t{:?},\n", &self.0[i])?;
     |                       ^^^^^
...
1264 | /         impl_basepoint_table! {
1265 | |             Name = EdwardsBasepointTableRadix256,
1266 | |             LookupTable = LookupTableRadix256,
1267 | |             Point = EdwardsPoint,
1268 | |             Radix = 8,
1269 | |             Additions = 33
1270 | |         }
     | |_________- in this macro invocation
     |
     = note: this error originates in the macro `impl_basepoint_table` (in Nightly builds, run with -Z macro-backtrace 
for more info)
help: consider importing this macro
     |
  98 + use core::write;
     |

error: cannot find macro `write` in this scope
    --> C:\Users\Mechrevo\.cargo\registry\src\index.crates.io-1949cf8c6b5b557f\curve25519-dalek-5.0.0-pre.1\src\edwards
.rs:1227:17
     |
1227 |                   write!(f, "])")
     |                   ^^^^^
...
1264 | /         impl_basepoint_table! {
1265 | |             Name = EdwardsBasepointTableRadix256,
1266 | |             LookupTable = LookupTableRadix256,
1267 | |             Point = EdwardsPoint,
1268 | |             Radix = 8,
1269 | |             Additions = 33
1270 | |         }
     | |_________- in this macro invocation
     |
     = note: this error originates in the macro `impl_basepoint_table` (in Nightly builds, run with -Z macro-backtrace 
for more info)
help: consider importing this macro
     |
  98 + use core::write;
     |

error: cannot find macro `debug_assert` in this scope
    --> C:\Users\Mechrevo\.cargo\registry\src\index.crates.io-1949cf8c6b5b557f\curve25519-dalek-5.0.0-pre.1\src\edwards
.rs:1359:9
     |
1359 |         debug_assert!(k > 0);
     |         ^^^^^^^^^^^^
     |
help: consider importing this macro
     |
  98 + use core::debug_assert;
     |

error: cannot find macro `write` in this scope
    --> C:\Users\Mechrevo\.cargo\registry\src\index.crates.io-1949cf8c6b5b557f\curve25519-dalek-5.0.0-pre.1\src\edwards
.rs:1434:9
     |
1434 |         write!(
     |         ^^^^^
     |
help: consider importing this macro
     |
  98 + use core::write;
     |

error: cannot find attribute `derive` in this scope
   --> C:\Users\Mechrevo\.cargo\registry\src\index.crates.io-1949cf8c6b5b557f\curve25519-dalek-5.0.0-pre.1\src\ristrett
o.rs:222:3
    |
222 | #[derive(Copy, Clone, Hash)]
    |   ^^^^^^
    |
help: consider importing this attribute macro
    |
161 + use core::prelude::rust_2024::derive;
    |

error: cannot find attribute `derive` in this scope
   --> C:\Users\Mechrevo\.cargo\registry\src\index.crates.io-1949cf8c6b5b557f\curve25519-dalek-5.0.0-pre.1\src\ristrett
o.rs:495:3
    |
495 | #[derive(Copy, Clone)]
    |   ^^^^^^
    |
help: consider importing this attribute macro
    |
161 + use core::prelude::rust_2024::derive;
    |

error: cannot find attribute `derive` in this scope
   --> C:\Users\Mechrevo\.cargo\registry\src\index.crates.io-1949cf8c6b5b557f\curve25519-dalek-5.0.0-pre.1\src\ristrett
o.rs:568:11
    |
568 |         #[derive(Copy, Clone, Debug)]
    |           ^^^^^^
    |
help: consider importing this attribute macro
    |
161 + use core::prelude::rust_2024::derive;
    |

error: cannot find attribute `derive` in this scope
    --> C:\Users\Mechrevo\.cargo\registry\src\index.crates.io-1949cf8c6b5b557f\curve25519-dalek-5.0.0-pre.1\src\ristret
to.rs:1124:3
     |
1124 | #[derive(Clone)]
     |   ^^^^^^
     |
help: consider importing this attribute macro
     |
 161 + use core::prelude::rust_2024::derive;
     |

error: cannot find macro `write` in this scope
    --> C:\Users\Mechrevo\.cargo\registry\src\index.crates.io-1949cf8c6b5b557f\curve25519-dalek-5.0.0-pre.1\src\ristret
to.rs:1203:9
     |
1203 |         write!(f, "CompressedRistretto: {:?}", self.as_bytes())
     |         ^^^^^
     |
help: consider importing this macro
     |
 161 + use core::write;
     |

error: cannot find macro `write` in this scope
    --> C:\Users\Mechrevo\.cargo\registry\src\index.crates.io-1949cf8c6b5b557f\curve25519-dalek-5.0.0-pre.1\src\ristret
to.rs:1210:9
     |
1210 |         write!(
     |         ^^^^^
     |
help: consider importing this macro
     |
 161 + use core::write;
     |

error: cannot find macro `assert` in this scope
   --> C:\Users\Mechrevo\.cargo\registry\src\index.crates.io-1949cf8c6b5b557f\curve25519-dalek-5.0.0-pre.1\src\field.rs
:230:9
    |
230 |         assert!(bool::from(!acc.is_zero()));
    |         ^^^^^^
    |
help: consider importing this macro
    |
 28 + use core::assert;
    |

error: cannot find macro `assert` in this scope
   --> C:\Users\Mechrevo\.cargo\registry\src\index.crates.io-1949cf8c6b5b557f\curve25519-dalek-5.0.0-pre.1\src\field.rs
:378:9
    |
378 |         assert!(COUNT == 1 || COUNT == 2);
    |         ^^^^^^
    |
help: consider importing this macro
    |
 28 + use core::assert;
    |

error: cannot find macro `assert` in this scope
   --> C:\Users\Mechrevo\.cargo\registry\src\index.crates.io-1949cf8c6b5b557f\curve25519-dalek-5.0.0-pre.1\src\field.rs
:426:5
    |
426 |     assert!(buf.len() >= outlen);
    |     ^^^^^^
    |
help: consider importing this macro
    |
 28 + use core::assert;
    |

error: cannot find macro `assert_ne` in this scope
   --> C:\Users\Mechrevo\.cargo\registry\src\index.crates.io-1949cf8c6b5b557f\curve25519-dalek-5.0.0-pre.1\src\field.rs
:431:5
    |
431 |     assert_ne!(
    |     ^^^^^^^^^
    |
help: consider importing this macro
    |
 28 + use core::assert_ne;
    |

error: cannot find attribute `derive` in this scope
  --> C:\Users\Mechrevo\.cargo\registry\src\index.crates.io-1949cf8c6b5b557f\curve25519-dalek-5.0.0-pre.1\src\backend\s
erial\u64\field.rs:42:3
   |
42 | #[derive(Copy, Clone)]
   |   ^^^^^^
   |
help: consider importing this attribute macro
   |
15 + use core::prelude::rust_2024::derive;
   |

error: cannot find macro `write` in this scope
  --> C:\Users\Mechrevo\.cargo\registry\src\index.crates.io-1949cf8c6b5b557f\curve25519-dalek-5.0.0-pre.1\src\backend\s
erial\u64\field.rs:47:9
   |
47 |         write!(f, "FieldElement51({:?})", &self.0[..])
   |         ^^^^^
   |
help: consider importing this macro
   |
15 + use core::write;
   |

error: cannot find macro `debug_assert` in this scope
   --> C:\Users\Mechrevo\.cargo\registry\src\index.crates.io-1949cf8c6b5b557f\curve25519-dalek-5.0.0-pre.1\src\backend\
serial\u64\field.rs:162:9
    |
162 |         debug_assert!(a[0] < (1 << 54)); debug_assert!(b[0] < (1 << 54));
    |         ^^^^^^^^^^^^
    |
help: consider importing this macro
    |
 15 + use core::debug_assert;
    |

error: cannot find macro `debug_assert` in this scope
   --> C:\Users\Mechrevo\.cargo\registry\src\index.crates.io-1949cf8c6b5b557f\curve25519-dalek-5.0.0-pre.1\src\backend\
serial\u64\field.rs:162:42
    |
162 |         debug_assert!(a[0] < (1 << 54)); debug_assert!(b[0] < (1 << 54));
    |                                          ^^^^^^^^^^^^
    |
help: consider importing this macro
    |
 15 + use core::debug_assert;
    |

error: cannot find macro `debug_assert` in this scope
   --> C:\Users\Mechrevo\.cargo\registry\src\index.crates.io-1949cf8c6b5b557f\curve25519-dalek-5.0.0-pre.1\src\backend\
serial\u64\field.rs:163:9
    |
163 |         debug_assert!(a[1] < (1 << 54)); debug_assert!(b[1] < (1 << 54));
    |         ^^^^^^^^^^^^
    |
help: consider importing this macro
    |
 15 + use core::debug_assert;
    |

error: cannot find macro `debug_assert` in this scope
   --> C:\Users\Mechrevo\.cargo\registry\src\index.crates.io-1949cf8c6b5b557f\curve25519-dalek-5.0.0-pre.1\src\backend\
serial\u64\field.rs:163:42
    |
163 |         debug_assert!(a[1] < (1 << 54)); debug_assert!(b[1] < (1 << 54));
    |                                          ^^^^^^^^^^^^
    |
help: consider importing this macro
    |
 15 + use core::debug_assert;
    |

error: cannot find macro `debug_assert` in this scope
   --> C:\Users\Mechrevo\.cargo\registry\src\index.crates.io-1949cf8c6b5b557f\curve25519-dalek-5.0.0-pre.1\src\backend\
serial\u64\field.rs:164:9
    |
164 |         debug_assert!(a[2] < (1 << 54)); debug_assert!(b[2] < (1 << 54));
    |         ^^^^^^^^^^^^
    |
help: consider importing this macro
    |
 15 + use core::debug_assert;
    |

error: cannot find macro `debug_assert` in this scope
   --> C:\Users\Mechrevo\.cargo\registry\src\index.crates.io-1949cf8c6b5b557f\curve25519-dalek-5.0.0-pre.1\src\backend\
serial\u64\field.rs:164:42
    |
164 |         debug_assert!(a[2] < (1 << 54)); debug_assert!(b[2] < (1 << 54));
    |                                          ^^^^^^^^^^^^
    |
help: consider importing this macro
    |
 15 + use core::debug_assert;
    |

error: cannot find macro `debug_assert` in this scope
   --> C:\Users\Mechrevo\.cargo\registry\src\index.crates.io-1949cf8c6b5b557f\curve25519-dalek-5.0.0-pre.1\src\backend\
serial\u64\field.rs:165:9
    |
165 |         debug_assert!(a[3] < (1 << 54)); debug_assert!(b[3] < (1 << 54));
    |         ^^^^^^^^^^^^
    |
help: consider importing this macro
    |
 15 + use core::debug_assert;
    |

error: cannot find macro `debug_assert` in this scope
   --> C:\Users\Mechrevo\.cargo\registry\src\index.crates.io-1949cf8c6b5b557f\curve25519-dalek-5.0.0-pre.1\src\backend\
serial\u64\field.rs:165:42
    |
165 |         debug_assert!(a[3] < (1 << 54)); debug_assert!(b[3] < (1 << 54));
    |                                          ^^^^^^^^^^^^
    |
help: consider importing this macro
    |
 15 + use core::debug_assert;
    |

error: cannot find macro `debug_assert` in this scope
   --> C:\Users\Mechrevo\.cargo\registry\src\index.crates.io-1949cf8c6b5b557f\curve25519-dalek-5.0.0-pre.1\src\backend\
serial\u64\field.rs:166:9
    |
166 |         debug_assert!(a[4] < (1 << 54)); debug_assert!(b[4] < (1 << 54));
    |         ^^^^^^^^^^^^
    |
help: consider importing this macro
    |
 15 + use core::debug_assert;
    |

error: cannot find macro `debug_assert` in this scope
   --> C:\Users\Mechrevo\.cargo\registry\src\index.crates.io-1949cf8c6b5b557f\curve25519-dalek-5.0.0-pre.1\src\backend\
serial\u64\field.rs:166:42
    |
166 |         debug_assert!(a[4] < (1 << 54)); debug_assert!(b[4] < (1 << 54));
    |                                          ^^^^^^^^^^^^
    |
help: consider importing this macro
    |
 15 + use core::debug_assert;
    |

error: cannot find macro `debug_assert` in this scope
   --> C:\Users\Mechrevo\.cargo\registry\src\index.crates.io-1949cf8c6b5b557f\curve25519-dalek-5.0.0-pre.1\src\backend\
serial\u64\field.rs:447:9
    |
447 |         debug_assert!((s[31] & 0b1000_0000u8) == 0u8);
    |         ^^^^^^^^^^^^
    |
help: consider importing this macro
    |
 15 + use core::debug_assert;
    |

error: cannot find macro `debug_assert` in this scope
   --> C:\Users\Mechrevo\.cargo\registry\src\index.crates.io-1949cf8c6b5b557f\curve25519-dalek-5.0.0-pre.1\src\backend\
serial\u64\field.rs:456:9
    |
456 |         debug_assert!( k > 0 );
    |         ^^^^^^^^^^^^
    |
help: consider importing this macro
    |
 15 + use core::debug_assert;
    |

error: cannot find macro `debug_assert` in this scope
   --> C:\Users\Mechrevo\.cargo\registry\src\index.crates.io-1949cf8c6b5b557f\curve25519-dalek-5.0.0-pre.1\src\backend\
serial\u64\field.rs:505:13
    |
505 |             debug_assert!(a[0] < (1 << 54));
    |             ^^^^^^^^^^^^
    |
help: consider importing this macro
    |
 15 + use core::debug_assert;
    |

error: cannot find macro `debug_assert` in this scope
   --> C:\Users\Mechrevo\.cargo\registry\src\index.crates.io-1949cf8c6b5b557f\curve25519-dalek-5.0.0-pre.1\src\backend\
serial\u64\field.rs:506:13
    |
506 |             debug_assert!(a[1] < (1 << 54));
    |             ^^^^^^^^^^^^
    |
help: consider importing this macro
    |
 15 + use core::debug_assert;
    |

error: cannot find macro `debug_assert` in this scope
   --> C:\Users\Mechrevo\.cargo\registry\src\index.crates.io-1949cf8c6b5b557f\curve25519-dalek-5.0.0-pre.1\src\backend\
serial\u64\field.rs:507:13
    |
507 |             debug_assert!(a[2] < (1 << 54));
    |             ^^^^^^^^^^^^
    |
help: consider importing this macro
    |
 15 + use core::debug_assert;
    |

error: cannot find macro `debug_assert` in this scope
   --> C:\Users\Mechrevo\.cargo\registry\src\index.crates.io-1949cf8c6b5b557f\curve25519-dalek-5.0.0-pre.1\src\backend\
serial\u64\field.rs:508:13
    |
508 |             debug_assert!(a[3] < (1 << 54));
    |             ^^^^^^^^^^^^
    |
help: consider importing this macro
    |
 15 + use core::debug_assert;
    |

error: cannot find macro `debug_assert` in this scope
   --> C:\Users\Mechrevo\.cargo\registry\src\index.crates.io-1949cf8c6b5b557f\curve25519-dalek-5.0.0-pre.1\src\backend\
serial\u64\field.rs:509:13
    |
509 |             debug_assert!(a[4] < (1 << 54));
    |             ^^^^^^^^^^^^
    |
help: consider importing this macro
    |
 15 + use core::debug_assert;
    |

error: cannot find attribute `derive` in this scope
  --> C:\Users\Mechrevo\.cargo\registry\src\index.crates.io-1949cf8c6b5b557f\curve25519-dalek-5.0.0-pre.1\src\backend\s
erial\u64\scalar.rs:25:3
   |
25 | #[derive(Copy, Clone)]
   |   ^^^^^^
   |
help: consider importing this attribute macro
   |
14 + use core::prelude::rust_2024::derive;
   |

error: cannot find macro `write` in this scope
  --> C:\Users\Mechrevo\.cargo\registry\src\index.crates.io-1949cf8c6b5b557f\curve25519-dalek-5.0.0-pre.1\src\backend\s
erial\u64\scalar.rs:30:9
   |
30 |         write!(f, "Scalar52: {:?}", &self.0[..])
   |         ^^^^^
   |
help: consider importing this macro
   |
14 + use core::write;
   |

error: cannot find attribute `derive` in this scope
   --> C:\Users\Mechrevo\.cargo\registry\src\index.crates.io-1949cf8c6b5b557f\curve25519-dalek-5.0.0-pre.1\src\backend\
serial\curve_models\mod.rs:153:3
    |
153 | #[derive(Copy, Clone)]
    |   ^^^^^^
    |
help: consider importing this attribute macro
    |
126 + use core::prelude::rust_2024::derive;
    |

error: cannot find attribute `derive` in this scope
   --> C:\Users\Mechrevo\.cargo\registry\src\index.crates.io-1949cf8c6b5b557f\curve25519-dalek-5.0.0-pre.1\src\backend\
serial\curve_models\mod.rs:167:3
    |
167 | #[derive(Copy, Clone)]
    |   ^^^^^^
    |
help: consider importing this attribute macro
    |
126 + use core::prelude::rust_2024::derive;
    |

error: cannot find attribute `derive` in this scope
   --> C:\Users\Mechrevo\.cargo\registry\src\index.crates.io-1949cf8c6b5b557f\curve25519-dalek-5.0.0-pre.1\src\backend\
serial\curve_models\mod.rs:182:3
    |
182 | #[derive(Copy, Clone, Eq, PartialEq)]
    |   ^^^^^^
    |
help: consider importing this attribute macro
    |
126 + use core::prelude::rust_2024::derive;
    |

error: cannot find attribute `derive` in this scope
   --> C:\Users\Mechrevo\.cargo\registry\src\index.crates.io-1949cf8c6b5b557f\curve25519-dalek-5.0.0-pre.1\src\backend\
serial\curve_models\mod.rs:204:3
    |
204 | #[derive(Copy, Clone)]
    |   ^^^^^^
    |
help: consider importing this attribute macro
    |
126 + use core::prelude::rust_2024::derive;
    |

error: cannot find macro `write` in this scope
   --> C:\Users\Mechrevo\.cargo\registry\src\index.crates.io-1949cf8c6b5b557f\curve25519-dalek-5.0.0-pre.1\src\backend\
serial\curve_models\mod.rs:531:9
    |
531 |         write!(
    |         ^^^^^
    |
help: consider importing this macro
    |
126 + use core::write;
    |

error: cannot find macro `write` in this scope
   --> C:\Users\Mechrevo\.cargo\registry\src\index.crates.io-1949cf8c6b5b557f\curve25519-dalek-5.0.0-pre.1\src\backend\
serial\curve_models\mod.rs:541:9
    |
541 |         write!(
    |         ^^^^^
    |
help: consider importing this macro
    |
126 + use core::write;
    |

error: cannot find macro `write` in this scope
   --> C:\Users\Mechrevo\.cargo\registry\src\index.crates.io-1949cf8c6b5b557f\curve25519-dalek-5.0.0-pre.1\src\backend\
serial\curve_models\mod.rs:551:9
    |
551 |         write!(
    |         ^^^^^
    |
help: consider importing this macro
    |
126 + use core::write;
    |

error: cannot find macro `write` in this scope
   --> C:\Users\Mechrevo\.cargo\registry\src\index.crates.io-1949cf8c6b5b557f\curve25519-dalek-5.0.0-pre.1\src\backend\
serial\curve_models\mod.rs:561:9
    |
561 |         write!(
    |         ^^^^^
    |
help: consider importing this macro
    |
126 + use core::write;
    |

error: cannot find macro `assert` in this scope
  --> C:\Users\Mechrevo\.cargo\registry\src\index.crates.io-1949cf8c6b5b557f\curve25519-dalek-5.0.0-pre.1\src\backend\s
erial\scalar_mul\precomputed_straus.rs:86:9
   |
86 |         assert!(sp >= static_nafs.len());
   |         ^^^^^^
   |
help: consider importing this macro
   |
14 + use core::assert;
   |

error: cannot find macro `assert_eq` in this scope
  --> C:\Users\Mechrevo\.cargo\registry\src\index.crates.io-1949cf8c6b5b557f\curve25519-dalek-5.0.0-pre.1\src\backend\s
erial\scalar_mul\precomputed_straus.rs:87:9
   |
87 |         assert_eq!(dp, dynamic_nafs.len());
   |         ^^^^^^^^^
   |
help: consider importing this macro
   |
14 + use core::assert_eq;
   |

error: cannot find attribute `derive` in this scope
   --> C:\Users\Mechrevo\.cargo\registry\src\index.crates.io-1949cf8c6b5b557f\curve25519-dalek-5.0.0-pre.1\src\backend\
vector\packed_simd.rs:32:11
    |
 32 |           #[derive(Copy, Clone, Debug)]
    |             ^^^^^^
...
218 | / impl_shared!(
219 | |     u64x4,
220 | |     u64,
221 | |     _mm256_add_epi64,
...   |
225 | |     _mm256_extract_epi64
226 | | );
    | |_- in this macro invocation
    |
    = note: this error originates in the macro `impl_shared` (in Nightly builds, run with -Z macro-backtrace for more i
nfo)
help: consider importing this attribute macro
    |
 17 + use core::prelude::rust_2024::derive;
    |

error: cannot find attribute `derive` in this scope
   --> C:\Users\Mechrevo\.cargo\registry\src\index.crates.io-1949cf8c6b5b557f\curve25519-dalek-5.0.0-pre.1\src\backend\
vector\packed_simd.rs:32:11
    |
 32 |           #[derive(Copy, Clone, Debug)]
    |             ^^^^^^
...
227 | / impl_shared!(
228 | |     u32x8,
229 | |     u32,
230 | |     _mm256_add_epi32,
...   |
234 | |     _mm256_extract_epi32
235 | | );
    | |_- in this macro invocation
    |
    = note: this error originates in the macro `impl_shared` (in Nightly builds, run with -Z macro-backtrace for more i
nfo)
help: consider importing this attribute macro
    |
 17 + use core::prelude::rust_2024::derive;
    |

error: cannot find attribute `derive` in this scope
   --> C:\Users\Mechrevo\.cargo\registry\src\index.crates.io-1949cf8c6b5b557f\curve25519-dalek-5.0.0-pre.1\src\backend\
vector\avx2\field.rs:118:3
    |
118 | #[derive(Copy, Clone, Debug)]
    |   ^^^^^^
    |
help: consider importing this attribute macro
    |
 48 + use core::prelude::rust_2024::derive;
    |

error: cannot find attribute `derive` in this scope
   --> C:\Users\Mechrevo\.cargo\registry\src\index.crates.io-1949cf8c6b5b557f\curve25519-dalek-5.0.0-pre.1\src\backend\
vector\avx2\field.rs:136:3
    |
136 | #[derive(Copy, Clone, Debug)]
    |   ^^^^^^
    |
help: consider importing this attribute macro
    |
 48 + use core::prelude::rust_2024::derive;
    |

error: cannot find attribute `derive` in this scope
   --> C:\Users\Mechrevo\.cargo\registry\src\index.crates.io-1949cf8c6b5b557f\curve25519-dalek-5.0.0-pre.1\src\backend\
vector\avx2\field.rs:157:3
    |
157 | #[derive(Clone, Copy, Debug)]
    |   ^^^^^^
    |
help: consider importing this attribute macro
    |
 48 + use core::prelude::rust_2024::derive;
    |

error: cannot find macro `debug_assert` in this scope
   --> C:\Users\Mechrevo\.cargo\registry\src\index.crates.io-1949cf8c6b5b557f\curve25519-dalek-5.0.0-pre.1\src\backend\
vector\avx2\field.rs:533:13
    |
533 |             debug_assert!(i < 9);
    |             ^^^^^^^^^^^^
    |
help: consider importing this macro
    |
 48 + use core::debug_assert;
    |

error: cannot find attribute `derive` in this scope
  --> C:\Users\Mechrevo\.cargo\registry\src\index.crates.io-1949cf8c6b5b557f\curve25519-dalek-5.0.0-pre.1\src\backend\v
ector\avx2\edwards.rs:63:3
   |
63 | #[derive(Copy, Clone, Debug)]
   |   ^^^^^^
   |
help: consider importing this attribute macro
   |
38 + use core::prelude::rust_2024::derive;
   |

error: cannot find attribute `derive` in this scope
   --> C:\Users\Mechrevo\.cargo\registry\src\index.crates.io-1949cf8c6b5b557f\curve25519-dalek-5.0.0-pre.1\src\backend\
vector\avx2\edwards.rs:194:3
    |
194 | #[derive(Copy, Clone, Debug)]
    |   ^^^^^^
    |
help: consider importing this attribute macro
    |
 38 + use core::prelude::rust_2024::derive;
    |

error: cannot find macro `assert` in this scope
  --> C:\Users\Mechrevo\.cargo\registry\src\index.crates.io-1949cf8c6b5b557f\curve25519-dalek-5.0.0-pre.1\src\backend\v
ector\scalar_mul\precomputed_straus.rs:97:13
   |
97 |             assert!(sp >= static_nafs.len());
   |             ^^^^^^
   |
help: consider importing this macro
   |
23 +     use core::assert;
   |

error: cannot find macro `assert_eq` in this scope
  --> C:\Users\Mechrevo\.cargo\registry\src\index.crates.io-1949cf8c6b5b557f\curve25519-dalek-5.0.0-pre.1\src\backend\v
ector\scalar_mul\precomputed_straus.rs:98:13
   |
98 |             assert_eq!(dp, dynamic_nafs.len());
   |             ^^^^^^^^^
   |
help: consider importing this macro
   |
23 +     use core::assert_eq;
   |

error: cannot find attribute `derive` in this scope
  --> C:\Users\Mechrevo\.cargo\registry\src\index.crates.io-1949cf8c6b5b557f\curve25519-dalek-5.0.0-pre.1\src\backend\m
od.rs:45:3
   |
45 | #[derive(Copy, Clone)]
   |   ^^^^^^
   |
help: consider importing this attribute macro
   |
37 + use core::prelude::rust_2024::derive;
   |

error: cannot find attribute `derive` in this scope
  --> C:\Users\Mechrevo\.cargo\registry\src\index.crates.io-1949cf8c6b5b557f\curve25519-dalek-5.0.0-pre.1\src\backend\m
od.rs:67:9
   |
67 |         cpufeatures::new!(cpuid_avx2, "avx2");
   |         ^^^^^^^^^^^^^^^^^^^^^^^^^^^^^^^^^^^^^
   |
   = help: consider importing this attribute macro:
           core::prelude::rust_2024::derive
   = note: this error originates in the macro `cpufeatures::new` (in Nightly builds, run with -Z macro-backtrace for mo
re info)

error: cannot find attribute `derive` in this scope
   --> C:\Users\Mechrevo\.cargo\registry\src\index.crates.io-1949cf8c6b5b557f\curve25519-dalek-5.0.0-pre.1\src\window.r
s:46:11
    |
 46 |           #[derive(Copy, Clone)]
    |             ^^^^^^
...
132 | / impl_lookup_table! {
133 | |     Name = LookupTable,
134 | |     Size = 8,
135 | |     SizeNeg = -8,
136 | |     SizeRange = 1..9,
137 | |     ConversionRange = 0..7
138 | | }
    | |_- in this macro invocation
    |
    = note: this error originates in the macro `impl_lookup_table` (in Nightly builds, run with -Z macro-backtrace for 
more info)
help: consider importing this attribute macro
    |
 16 + use core::prelude::rust_2024::derive;
    |

error: cannot find macro `debug_assert` in this scope
   --> C:\Users\Mechrevo\.cargo\registry\src\index.crates.io-1949cf8c6b5b557f\curve25519-dalek-5.0.0-pre.1\src\window.r
s:55:17
    |
 55 |                   debug_assert!(x >= $neg);
    |                   ^^^^^^^^^^^^
...
132 | / impl_lookup_table! {
133 | |     Name = LookupTable,
134 | |     Size = 8,
135 | |     SizeNeg = -8,
136 | |     SizeRange = 1..9,
137 | |     ConversionRange = 0..7
138 | | }
    | |_- in this macro invocation
    |
    = note: this error originates in the macro `impl_lookup_table` (in Nightly builds, run with -Z macro-backtrace for 
more info)
help: consider importing this macro
    |
 16 + use core::debug_assert;
    |

error: cannot find macro `debug_assert` in this scope
   --> C:\Users\Mechrevo\.cargo\registry\src\index.crates.io-1949cf8c6b5b557f\curve25519-dalek-5.0.0-pre.1\src\window.r
s:56:17
    |
 56 |                   debug_assert!(x as i16 <= $size as i16); // XXX We have to convert to i16s here for the radix-2
56 case.. this is wrong.
    |                   ^^^^^^^^^^^^
...
132 | / impl_lookup_table! {
133 | |     Name = LookupTable,
134 | |     Size = 8,
135 | |     SizeNeg = -8,
136 | |     SizeRange = 1..9,
137 | |     ConversionRange = 0..7
138 | | }
    | |_- in this macro invocation
    |
    = note: this error originates in the macro `impl_lookup_table` (in Nightly builds, run with -Z macro-backtrace for 
more info)
help: consider importing this macro
    |
 16 + use core::debug_assert;
    |

error: cannot find macro `write` in this scope
   --> C:\Users\Mechrevo\.cargo\registry\src\index.crates.io-1949cf8c6b5b557f\curve25519-dalek-5.0.0-pre.1\src\window.r
s:87:17
    |
 87 |                   write!(f, "{:?}(", stringify!($name))?;
    |                   ^^^^^
...
132 | / impl_lookup_table! {
133 | |     Name = LookupTable,
134 | |     Size = 8,
135 | |     SizeNeg = -8,
136 | |     SizeRange = 1..9,
137 | |     ConversionRange = 0..7
138 | | }
    | |_- in this macro invocation
    |
    = note: this error originates in the macro `impl_lookup_table` (in Nightly builds, run with -Z macro-backtrace for 
more info)
help: consider importing this macro
    |
 16 + use core::write;
    |

error: cannot find macro `write` in this scope
   --> C:\Users\Mechrevo\.cargo\registry\src\index.crates.io-1949cf8c6b5b557f\curve25519-dalek-5.0.0-pre.1\src\window.r
s:90:21
    |
 90 |                       write!(f, "{:?}", x)?;
    |                       ^^^^^
...
132 | / impl_lookup_table! {
133 | |     Name = LookupTable,
134 | |     Size = 8,
135 | |     SizeNeg = -8,
136 | |     SizeRange = 1..9,
137 | |     ConversionRange = 0..7
138 | | }
    | |_- in this macro invocation
    |
    = note: this error originates in the macro `impl_lookup_table` (in Nightly builds, run with -Z macro-backtrace for 
more info)
help: consider importing this macro
    |
 16 + use core::write;
    |

error: cannot find macro `write` in this scope
   --> C:\Users\Mechrevo\.cargo\registry\src\index.crates.io-1949cf8c6b5b557f\curve25519-dalek-5.0.0-pre.1\src\window.r
s:93:17
    |
 93 |                   write!(f, ")")
    |                   ^^^^^
...
132 | / impl_lookup_table! {
133 | |     Name = LookupTable,
134 | |     Size = 8,
135 | |     SizeNeg = -8,
136 | |     SizeRange = 1..9,
137 | |     ConversionRange = 0..7
138 | | }
    | |_- in this macro invocation
    |
    = note: this error originates in the macro `impl_lookup_table` (in Nightly builds, run with -Z macro-backtrace for 
more info)
help: consider importing this macro
    |
 16 + use core::write;
    |

error: cannot find attribute `derive` in this scope
   --> C:\Users\Mechrevo\.cargo\registry\src\index.crates.io-1949cf8c6b5b557f\curve25519-dalek-5.0.0-pre.1\src\window.r
s:46:11
    |
 46 |           #[derive(Copy, Clone)]
    |             ^^^^^^
...
144 | /         impl_lookup_table! {
145 | |             Name = LookupTableRadix32,
146 | |             Size = 16,
147 | |             SizeNeg = -16,
148 | |             SizeRange = 1..17,
149 | |             ConversionRange = 0..15
150 | |         }
    | |_________- in this macro invocation
    |
    = note: this error originates in the macro `impl_lookup_table` (in Nightly builds, run with -Z macro-backtrace for 
more info)
help: consider importing this attribute macro
    |
 16 + use core::prelude::rust_2024::derive;
    |

error: cannot find macro `debug_assert` in this scope
   --> C:\Users\Mechrevo\.cargo\registry\src\index.crates.io-1949cf8c6b5b557f\curve25519-dalek-5.0.0-pre.1\src\window.r
s:55:17
    |
 55 |                   debug_assert!(x >= $neg);
    |                   ^^^^^^^^^^^^
...
144 | /         impl_lookup_table! {
145 | |             Name = LookupTableRadix32,
146 | |             Size = 16,
147 | |             SizeNeg = -16,
148 | |             SizeRange = 1..17,
149 | |             ConversionRange = 0..15
150 | |         }
    | |_________- in this macro invocation
    |
    = note: this error originates in the macro `impl_lookup_table` (in Nightly builds, run with -Z macro-backtrace for 
more info)
help: consider importing this macro
    |
 16 + use core::debug_assert;
    |

error: cannot find macro `debug_assert` in this scope
   --> C:\Users\Mechrevo\.cargo\registry\src\index.crates.io-1949cf8c6b5b557f\curve25519-dalek-5.0.0-pre.1\src\window.r
s:56:17
    |
 56 |                   debug_assert!(x as i16 <= $size as i16); // XXX We have to convert to i16s here for the radix-2
56 case.. this is wrong.
    |                   ^^^^^^^^^^^^
...
144 | /         impl_lookup_table! {
145 | |             Name = LookupTableRadix32,
146 | |             Size = 16,
147 | |             SizeNeg = -16,
148 | |             SizeRange = 1..17,
149 | |             ConversionRange = 0..15
150 | |         }
    | |_________- in this macro invocation
    |
    = note: this error originates in the macro `impl_lookup_table` (in Nightly builds, run with -Z macro-backtrace for 
more info)
help: consider importing this macro
    |
 16 + use core::debug_assert;
    |

error: cannot find macro `write` in this scope
   --> C:\Users\Mechrevo\.cargo\registry\src\index.crates.io-1949cf8c6b5b557f\curve25519-dalek-5.0.0-pre.1\src\window.r
s:87:17
    |
 87 |                   write!(f, "{:?}(", stringify!($name))?;
    |                   ^^^^^
...
144 | /         impl_lookup_table! {
145 | |             Name = LookupTableRadix32,
146 | |             Size = 16,
147 | |             SizeNeg = -16,
148 | |             SizeRange = 1..17,
149 | |             ConversionRange = 0..15
150 | |         }
    | |_________- in this macro invocation
    |
    = note: this error originates in the macro `impl_lookup_table` (in Nightly builds, run with -Z macro-backtrace for 
more info)
help: consider importing this macro
    |
 16 + use core::write;
    |

error: cannot find macro `write` in this scope
   --> C:\Users\Mechrevo\.cargo\registry\src\index.crates.io-1949cf8c6b5b557f\curve25519-dalek-5.0.0-pre.1\src\window.r
s:90:21
    |
 90 |                       write!(f, "{:?}", x)?;
    |                       ^^^^^
...
144 | /         impl_lookup_table! {
145 | |             Name = LookupTableRadix32,
146 | |             Size = 16,
147 | |             SizeNeg = -16,
148 | |             SizeRange = 1..17,
149 | |             ConversionRange = 0..15
150 | |         }
    | |_________- in this macro invocation
    |
    = note: this error originates in the macro `impl_lookup_table` (in Nightly builds, run with -Z macro-backtrace for 
more info)
help: consider importing this macro
    |
 16 + use core::write;
    |

error: cannot find macro `write` in this scope
   --> C:\Users\Mechrevo\.cargo\registry\src\index.crates.io-1949cf8c6b5b557f\curve25519-dalek-5.0.0-pre.1\src\window.r
s:93:17
    |
 93 |                   write!(f, ")")
    |                   ^^^^^
...
144 | /         impl_lookup_table! {
145 | |             Name = LookupTableRadix32,
146 | |             Size = 16,
147 | |             SizeNeg = -16,
148 | |             SizeRange = 1..17,
149 | |             ConversionRange = 0..15
150 | |         }
    | |_________- in this macro invocation
    |
    = note: this error originates in the macro `impl_lookup_table` (in Nightly builds, run with -Z macro-backtrace for 
more info)
help: consider importing this macro
    |
 16 + use core::write;
    |

error: cannot find attribute `derive` in this scope
   --> C:\Users\Mechrevo\.cargo\registry\src\index.crates.io-1949cf8c6b5b557f\curve25519-dalek-5.0.0-pre.1\src\window.r
s:46:11
    |
 46 |           #[derive(Copy, Clone)]
    |             ^^^^^^
...
152 | /         impl_lookup_table! {
153 | |             Name = LookupTableRadix64,
154 | |             Size = 32,
155 | |             SizeNeg = -32,
156 | |             SizeRange = 1..33,
157 | |             ConversionRange = 0..31
158 | |         }
    | |_________- in this macro invocation
    |
    = note: this error originates in the macro `impl_lookup_table` (in Nightly builds, run with -Z macro-backtrace for 
more info)
help: consider importing this attribute macro
    |
 16 + use core::prelude::rust_2024::derive;
    |

error: cannot find macro `debug_assert` in this scope
   --> C:\Users\Mechrevo\.cargo\registry\src\index.crates.io-1949cf8c6b5b557f\curve25519-dalek-5.0.0-pre.1\src\window.r
s:55:17
    |
 55 |                   debug_assert!(x >= $neg);
    |                   ^^^^^^^^^^^^
...
152 | /         impl_lookup_table! {
153 | |             Name = LookupTableRadix64,
154 | |             Size = 32,
155 | |             SizeNeg = -32,
156 | |             SizeRange = 1..33,
157 | |             ConversionRange = 0..31
158 | |         }
    | |_________- in this macro invocation
    |
    = note: this error originates in the macro `impl_lookup_table` (in Nightly builds, run with -Z macro-backtrace for 
more info)
help: consider importing this macro
    |
 16 + use core::debug_assert;
    |

error: cannot find macro `debug_assert` in this scope
   --> C:\Users\Mechrevo\.cargo\registry\src\index.crates.io-1949cf8c6b5b557f\curve25519-dalek-5.0.0-pre.1\src\window.r
s:56:17
    |
 56 |                   debug_assert!(x as i16 <= $size as i16); // XXX We have to convert to i16s here for the radix-2
56 case.. this is wrong.
    |                   ^^^^^^^^^^^^
...
152 | /         impl_lookup_table! {
153 | |             Name = LookupTableRadix64,
154 | |             Size = 32,
155 | |             SizeNeg = -32,
156 | |             SizeRange = 1..33,
157 | |             ConversionRange = 0..31
158 | |         }
    | |_________- in this macro invocation
    |
    = note: this error originates in the macro `impl_lookup_table` (in Nightly builds, run with -Z macro-backtrace for 
more info)
help: consider importing this macro
    |
 16 + use core::debug_assert;
    |

error: cannot find macro `write` in this scope
   --> C:\Users\Mechrevo\.cargo\registry\src\index.crates.io-1949cf8c6b5b557f\curve25519-dalek-5.0.0-pre.1\src\window.r
s:87:17
    |
 87 |                   write!(f, "{:?}(", stringify!($name))?;
    |                   ^^^^^
...
152 | /         impl_lookup_table! {
153 | |             Name = LookupTableRadix64,
154 | |             Size = 32,
155 | |             SizeNeg = -32,
156 | |             SizeRange = 1..33,
157 | |             ConversionRange = 0..31
158 | |         }
    | |_________- in this macro invocation
    |
    = note: this error originates in the macro `impl_lookup_table` (in Nightly builds, run with -Z macro-backtrace for 
more info)
help: consider importing this macro
    |
 16 + use core::write;
    |

error: cannot find macro `write` in this scope
   --> C:\Users\Mechrevo\.cargo\registry\src\index.crates.io-1949cf8c6b5b557f\curve25519-dalek-5.0.0-pre.1\src\window.r
s:90:21
    |
 90 |                       write!(f, "{:?}", x)?;
    |                       ^^^^^
...
152 | /         impl_lookup_table! {
153 | |             Name = LookupTableRadix64,
154 | |             Size = 32,
155 | |             SizeNeg = -32,
156 | |             SizeRange = 1..33,
157 | |             ConversionRange = 0..31
158 | |         }
    | |_________- in this macro invocation
    |
    = note: this error originates in the macro `impl_lookup_table` (in Nightly builds, run with -Z macro-backtrace for 
more info)
help: consider importing this macro
    |
 16 + use core::write;
    |

error: cannot find macro `write` in this scope
   --> C:\Users\Mechrevo\.cargo\registry\src\index.crates.io-1949cf8c6b5b557f\curve25519-dalek-5.0.0-pre.1\src\window.r
s:93:17
    |
 93 |                   write!(f, ")")
    |                   ^^^^^
...
152 | /         impl_lookup_table! {
153 | |             Name = LookupTableRadix64,
154 | |             Size = 32,
155 | |             SizeNeg = -32,
156 | |             SizeRange = 1..33,
157 | |             ConversionRange = 0..31
158 | |         }
    | |_________- in this macro invocation
    |
    = note: this error originates in the macro `impl_lookup_table` (in Nightly builds, run with -Z macro-backtrace for 
more info)
help: consider importing this macro
    |
 16 + use core::write;
    |

error: cannot find attribute `derive` in this scope
   --> C:\Users\Mechrevo\.cargo\registry\src\index.crates.io-1949cf8c6b5b557f\curve25519-dalek-5.0.0-pre.1\src\window.r
s:46:11
    |
 46 |           #[derive(Copy, Clone)]
    |             ^^^^^^
...
160 | /         impl_lookup_table! {
161 | |             Name = LookupTableRadix128,
162 | |             Size = 64,
163 | |             SizeNeg = -64,
164 | |             SizeRange = 1..65,
165 | |             ConversionRange = 0..63
166 | |         }
    | |_________- in this macro invocation
    |
    = note: this error originates in the macro `impl_lookup_table` (in Nightly builds, run with -Z macro-backtrace for 
more info)
help: consider importing this attribute macro
    |
 16 + use core::prelude::rust_2024::derive;
    |

error: cannot find macro `debug_assert` in this scope
   --> C:\Users\Mechrevo\.cargo\registry\src\index.crates.io-1949cf8c6b5b557f\curve25519-dalek-5.0.0-pre.1\src\window.r
s:55:17
    |
 55 |                   debug_assert!(x >= $neg);
    |                   ^^^^^^^^^^^^
...
160 | /         impl_lookup_table! {
161 | |             Name = LookupTableRadix128,
162 | |             Size = 64,
163 | |             SizeNeg = -64,
164 | |             SizeRange = 1..65,
165 | |             ConversionRange = 0..63
166 | |         }
    | |_________- in this macro invocation
    |
    = note: this error originates in the macro `impl_lookup_table` (in Nightly builds, run with -Z macro-backtrace for 
more info)
help: consider importing this macro
    |
 16 + use core::debug_assert;
    |

error: cannot find macro `debug_assert` in this scope
   --> C:\Users\Mechrevo\.cargo\registry\src\index.crates.io-1949cf8c6b5b557f\curve25519-dalek-5.0.0-pre.1\src\window.r
s:56:17
    |
 56 |                   debug_assert!(x as i16 <= $size as i16); // XXX We have to convert to i16s here for the radix-2
56 case.. this is wrong.
    |                   ^^^^^^^^^^^^
...
160 | /         impl_lookup_table! {
161 | |             Name = LookupTableRadix128,
162 | |             Size = 64,
163 | |             SizeNeg = -64,
164 | |             SizeRange = 1..65,
165 | |             ConversionRange = 0..63
166 | |         }
    | |_________- in this macro invocation
    |
    = note: this error originates in the macro `impl_lookup_table` (in Nightly builds, run with -Z macro-backtrace for 
more info)
help: consider importing this macro
    |
 16 + use core::debug_assert;
    |

error: cannot find macro `write` in this scope
   --> C:\Users\Mechrevo\.cargo\registry\src\index.crates.io-1949cf8c6b5b557f\curve25519-dalek-5.0.0-pre.1\src\window.r
s:87:17
    |
 87 |                   write!(f, "{:?}(", stringify!($name))?;
    |                   ^^^^^
...
160 | /         impl_lookup_table! {
161 | |             Name = LookupTableRadix128,
162 | |             Size = 64,
163 | |             SizeNeg = -64,
164 | |             SizeRange = 1..65,
165 | |             ConversionRange = 0..63
166 | |         }
    | |_________- in this macro invocation
    |
    = note: this error originates in the macro `impl_lookup_table` (in Nightly builds, run with -Z macro-backtrace for 
more info)
help: consider importing this macro
    |
 16 + use core::write;
    |

error: cannot find macro `write` in this scope
   --> C:\Users\Mechrevo\.cargo\registry\src\index.crates.io-1949cf8c6b5b557f\curve25519-dalek-5.0.0-pre.1\src\window.r
s:90:21
    |
 90 |                       write!(f, "{:?}", x)?;
    |                       ^^^^^
...
160 | /         impl_lookup_table! {
161 | |             Name = LookupTableRadix128,
162 | |             Size = 64,
163 | |             SizeNeg = -64,
164 | |             SizeRange = 1..65,
165 | |             ConversionRange = 0..63
166 | |         }
    | |_________- in this macro invocation
    |
    = note: this error originates in the macro `impl_lookup_table` (in Nightly builds, run with -Z macro-backtrace for 
more info)
help: consider importing this macro
    |
 16 + use core::write;
    |

error: cannot find macro `write` in this scope
   --> C:\Users\Mechrevo\.cargo\registry\src\index.crates.io-1949cf8c6b5b557f\curve25519-dalek-5.0.0-pre.1\src\window.r
s:93:17
    |
 93 |                   write!(f, ")")
    |                   ^^^^^
...
160 | /         impl_lookup_table! {
161 | |             Name = LookupTableRadix128,
162 | |             Size = 64,
163 | |             SizeNeg = -64,
164 | |             SizeRange = 1..65,
165 | |             ConversionRange = 0..63
166 | |         }
    | |_________- in this macro invocation
    |
    = note: this error originates in the macro `impl_lookup_table` (in Nightly builds, run with -Z macro-backtrace for 
more info)
help: consider importing this macro
    |
 16 + use core::write;
    |

error: cannot find attribute `derive` in this scope
   --> C:\Users\Mechrevo\.cargo\registry\src\index.crates.io-1949cf8c6b5b557f\curve25519-dalek-5.0.0-pre.1\src\window.r
s:46:11
    |
 46 |           #[derive(Copy, Clone)]
    |             ^^^^^^
...
168 | /         impl_lookup_table! {
169 | |             Name = LookupTableRadix256,
170 | |             Size = 128,
171 | |             SizeNeg = -128,
172 | |             SizeRange = 1..129,
173 | |             ConversionRange = 0..127
174 | |         }
    | |_________- in this macro invocation
    |
    = note: this error originates in the macro `impl_lookup_table` (in Nightly builds, run with -Z macro-backtrace for 
more info)
help: consider importing this attribute macro
    |
 16 + use core::prelude::rust_2024::derive;
    |

error: cannot find macro `debug_assert` in this scope
   --> C:\Users\Mechrevo\.cargo\registry\src\index.crates.io-1949cf8c6b5b557f\curve25519-dalek-5.0.0-pre.1\src\window.r
s:55:17
    |
 55 |                   debug_assert!(x >= $neg);
    |                   ^^^^^^^^^^^^
...
168 | /         impl_lookup_table! {
169 | |             Name = LookupTableRadix256,
170 | |             Size = 128,
171 | |             SizeNeg = -128,
172 | |             SizeRange = 1..129,
173 | |             ConversionRange = 0..127
174 | |         }
    | |_________- in this macro invocation
    |
    = note: this error originates in the macro `impl_lookup_table` (in Nightly builds, run with -Z macro-backtrace for 
more info)
help: consider importing this macro
    |
 16 + use core::debug_assert;
    |

error: cannot find macro `debug_assert` in this scope
   --> C:\Users\Mechrevo\.cargo\registry\src\index.crates.io-1949cf8c6b5b557f\curve25519-dalek-5.0.0-pre.1\src\window.r
s:56:17
    |
 56 |                   debug_assert!(x as i16 <= $size as i16); // XXX We have to convert to i16s here for the radix-2
56 case.. this is wrong.
    |                   ^^^^^^^^^^^^
...
168 | /         impl_lookup_table! {
169 | |             Name = LookupTableRadix256,
170 | |             Size = 128,
171 | |             SizeNeg = -128,
172 | |             SizeRange = 1..129,
173 | |             ConversionRange = 0..127
174 | |         }
    | |_________- in this macro invocation
    |
    = note: this error originates in the macro `impl_lookup_table` (in Nightly builds, run with -Z macro-backtrace for 
more info)
help: consider importing this macro
    |
 16 + use core::debug_assert;
    |

error: cannot find macro `write` in this scope
   --> C:\Users\Mechrevo\.cargo\registry\src\index.crates.io-1949cf8c6b5b557f\curve25519-dalek-5.0.0-pre.1\src\window.r
s:87:17
    |
 87 |                   write!(f, "{:?}(", stringify!($name))?;
    |                   ^^^^^
...
168 | /         impl_lookup_table! {
169 | |             Name = LookupTableRadix256,
170 | |             Size = 128,
171 | |             SizeNeg = -128,
172 | |             SizeRange = 1..129,
173 | |             ConversionRange = 0..127
174 | |         }
    | |_________- in this macro invocation
    |
    = note: this error originates in the macro `impl_lookup_table` (in Nightly builds, run with -Z macro-backtrace for 
more info)
help: consider importing this macro
    |
 16 + use core::write;
    |

error: cannot find macro `write` in this scope
   --> C:\Users\Mechrevo\.cargo\registry\src\index.crates.io-1949cf8c6b5b557f\curve25519-dalek-5.0.0-pre.1\src\window.r
s:90:21
    |
 90 |                       write!(f, "{:?}", x)?;
    |                       ^^^^^
...
168 | /         impl_lookup_table! {
169 | |             Name = LookupTableRadix256,
170 | |             Size = 128,
171 | |             SizeNeg = -128,
172 | |             SizeRange = 1..129,
173 | |             ConversionRange = 0..127
174 | |         }
    | |_________- in this macro invocation
    |
    = note: this error originates in the macro `impl_lookup_table` (in Nightly builds, run with -Z macro-backtrace for 
more info)
help: consider importing this macro
    |
 16 + use core::write;
    |

error: cannot find macro `write` in this scope
   --> C:\Users\Mechrevo\.cargo\registry\src\index.crates.io-1949cf8c6b5b557f\curve25519-dalek-5.0.0-pre.1\src\window.r
s:93:17
    |
 93 |                   write!(f, ")")
    |                   ^^^^^
...
168 | /         impl_lookup_table! {
169 | |             Name = LookupTableRadix256,
170 | |             Size = 128,
171 | |             SizeNeg = -128,
172 | |             SizeRange = 1..129,
173 | |             ConversionRange = 0..127
174 | |         }
    | |_________- in this macro invocation
    |
    = note: this error originates in the macro `impl_lookup_table` (in Nightly builds, run with -Z macro-backtrace for 
more info)
help: consider importing this macro
    |
 16 + use core::write;
    |

error: cannot find attribute `derive` in this scope
   --> C:\Users\Mechrevo\.cargo\registry\src\index.crates.io-1949cf8c6b5b557f\curve25519-dalek-5.0.0-pre.1\src\window.r
s:182:3
    |
182 | #[derive(Copy, Clone)]
    |   ^^^^^^
    |
help: consider importing this attribute macro
    |
 16 + use core::prelude::rust_2024::derive;
    |

error: cannot find macro `debug_assert_eq` in this scope
   --> C:\Users\Mechrevo\.cargo\registry\src\index.crates.io-1949cf8c6b5b557f\curve25519-dalek-5.0.0-pre.1\src\window.r
s:188:9
    |
188 |         debug_assert_eq!(x & 1, 1);
    |         ^^^^^^^^^^^^^^^
    |
help: consider importing this macro
    |
 16 + use core::debug_assert_eq;
    |

error: cannot find macro `debug_assert` in this scope
   --> C:\Users\Mechrevo\.cargo\registry\src\index.crates.io-1949cf8c6b5b557f\curve25519-dalek-5.0.0-pre.1\src\window.r
s:189:9
    |
189 |         debug_assert!(x < 16);
    |         ^^^^^^^^^^^^
    |
help: consider importing this macro
    |
 16 + use core::debug_assert;
    |

error: cannot find macro `write` in this scope
   --> C:\Users\Mechrevo\.cargo\registry\src\index.crates.io-1949cf8c6b5b557f\curve25519-dalek-5.0.0-pre.1\src\window.r
s:197:9
    |
197 |         write!(f, "NafLookupTable5({:?})", self.0)
    |         ^^^^^
    |
help: consider importing this macro
    |
 16 + use core::write;
    |

error: cannot find attribute `derive` in this scope
   --> C:\Users\Mechrevo\.cargo\registry\src\index.crates.io-1949cf8c6b5b557f\curve25519-dalek-5.0.0-pre.1\src\window.r
s:228:3
    |
228 | #[derive(Copy, Clone)]
    |   ^^^^^^
    |
help: consider importing this attribute macro
    |
 16 + use core::prelude::rust_2024::derive;
    |

error: cannot find macro `debug_assert_eq` in this scope
   --> C:\Users\Mechrevo\.cargo\registry\src\index.crates.io-1949cf8c6b5b557f\curve25519-dalek-5.0.0-pre.1\src\window.r
s:234:9
    |
234 |         debug_assert_eq!(x & 1, 1);
    |         ^^^^^^^^^^^^^^^
    |
help: consider importing this macro
    |
 16 + use core::debug_assert_eq;
    |

error: cannot find macro `debug_assert` in this scope
   --> C:\Users\Mechrevo\.cargo\registry\src\index.crates.io-1949cf8c6b5b557f\curve25519-dalek-5.0.0-pre.1\src\window.r
s:235:9
    |
235 |         debug_assert!(x < 128);
    |         ^^^^^^^^^^^^
    |
help: consider importing this macro
    |
 16 + use core::debug_assert;
    |

error: cannot find macro `writeln` in this scope
   --> C:\Users\Mechrevo\.cargo\registry\src\index.crates.io-1949cf8c6b5b557f\curve25519-dalek-5.0.0-pre.1\src\window.r
s:244:9
    |
244 |         writeln!(f, "NafLookupTable8([")?;
    |         ^^^^^^^
    |
help: consider importing this macro
    |
 16 + use core::writeln;
    |

error: cannot find macro `writeln` in this scope
   --> C:\Users\Mechrevo\.cargo\registry\src\index.crates.io-1949cf8c6b5b557f\curve25519-dalek-5.0.0-pre.1\src\window.r
s:246:13
    |
246 |             writeln!(f, "\t{:?},", &self.0[i])?;
    |             ^^^^^^^
    |
help: consider importing this macro
    |
 16 + use core::writeln;
    |

error: cannot find macro `write` in this scope
   --> C:\Users\Mechrevo\.cargo\registry\src\index.crates.io-1949cf8c6b5b557f\curve25519-dalek-5.0.0-pre.1\src\window.r
s:248:9
    |
248 |         write!(f, "])")
    |         ^^^^^
    |
help: consider importing this macro
    |
 16 + use core::write;
    |

error[E0405]: cannot find trait `Eq` in this scope
   --> C:\Users\Mechrevo\.cargo\registry\src\index.crates.io-1949cf8c6b5b557f\curve25519-dalek-5.0.0-pre.1\src\scalar.r
s:289:6
    |
289 | impl Eq for Scalar {}
    |      ^^ not found in this scope
    |
help: consider importing this trait
    |
114 + use core::cmp::Eq;
    |

error[E0405]: cannot find trait `PartialEq` in this scope
   --> C:\Users\Mechrevo\.cargo\registry\src\index.crates.io-1949cf8c6b5b557f\curve25519-dalek-5.0.0-pre.1\src\scalar.r
s:290:6
    |
290 | impl PartialEq for Scalar {
    |      ^^^^^^^^^ not found in this scope
    |
help: consider importing this trait
    |
114 + use core::cmp::PartialEq;
    |

error[E0412]: cannot find type `Result` in this scope
   --> C:\Users\Mechrevo\.cargo\registry\src\index.crates.io-1949cf8c6b5b557f\curve25519-dalek-5.0.0-pre.1\src\scalar.r
s:404:46
    |
404 |     fn serialize<S>(&self, serializer: S) -> Result<S::Ok, S::Error>
    |                                              ^^^^^^ not found in this scope
    |
help: consider importing one of these items
    |
114 + use core::fmt::Result;
    |
114 + use core::result::Result;
    |
114 + use alloc::fmt::Result;
    |

error[E0412]: cannot find type `Result` in this scope
   --> C:\Users\Mechrevo\.cargo\registry\src\index.crates.io-1949cf8c6b5b557f\curve25519-dalek-5.0.0-pre.1\src\scalar.r
s:420:43
    |
420 |     fn deserialize<D>(deserializer: D) -> Result<Self, D::Error>
    |                                           ^^^^^^ not found in this scope
    |
help: consider importing one of these items
    |
114 + use core::fmt::Result;
    |
114 + use core::result::Result;
    |
114 + use alloc::fmt::Result;
    |

error[E0412]: cannot find type `Result` in this scope
   --> C:\Users\Mechrevo\.cargo\registry\src\index.crates.io-1949cf8c6b5b557f\curve25519-dalek-5.0.0-pre.1\src\scalar.r
s:436:50
    |
436 |             fn visit_seq<A>(self, mut seq: A) -> Result<Scalar, A::Error>
    |                                                  ^^^^^^ not found in this scope
    |
help: consider importing one of these items
    |
114 + use core::fmt::Result;
    |
114 + use core::result::Result;
    |
114 + use alloc::fmt::Result;
    |

error[E0433]: failed to resolve: use of undeclared type `Option`
   --> C:\Users\Mechrevo\.cargo\registry\src\index.crates.io-1949cf8c6b5b557f\curve25519-dalek-5.0.0-pre.1\src\scalar.r
s:447:17
    |
447 |                 Option::from(Scalar::from_canonical_bytes(bytes))
    |                 ^^^^^^ use of undeclared type `Option`
    |
help: a struct with a similar name exists
    |
447 |                 CtOption::from(Scalar::from_canonical_bytes(bytes))
    |                 ++
help: consider importing this enum
    |
114 + use core::option::Option;
    |

error[E0405]: cannot find trait `Iterator` in this scope
   --> C:\Users\Mechrevo\.cargo\registry\src\index.crates.io-1949cf8c6b5b557f\curve25519-dalek-5.0.0-pre.1\src\scalar.r
s:462:12
    |
462 |         I: Iterator<Item = T>,
    |            ^^^^^^^^ not found in this scope
    |
help: consider importing this trait
    |
114 + use core::iter::Iterator;
    |

error[E0405]: cannot find trait `Iterator` in this scope
   --> C:\Users\Mechrevo\.cargo\registry\src\index.crates.io-1949cf8c6b5b557f\curve25519-dalek-5.0.0-pre.1\src\scalar.r
s:474:12
    |
474 |         I: Iterator<Item = T>,
    |            ^^^^^^^^ not found in this scope
    |
help: consider importing this trait
    |
114 + use core::iter::Iterator;
    |

error[E0405]: cannot find trait `Default` in this scope
   --> C:\Users\Mechrevo\.cargo\registry\src\index.crates.io-1949cf8c6b5b557f\curve25519-dalek-5.0.0-pre.1\src\scalar.r
s:480:6
    |
480 | impl Default for Scalar {
    |      ^^^^^^^ not found in this scope
    |
help: consider importing this trait
    |
114 + use core::default::Default;
    |

error[E0405]: cannot find trait `From` in this scope
   --> C:\Users\Mechrevo\.cargo\registry\src\index.crates.io-1949cf8c6b5b557f\curve25519-dalek-5.0.0-pre.1\src\scalar.r
s:486:6
    |
486 | impl From<u8> for Scalar {
    |      ^^^^ not found in this scope
    |
help: consider importing this trait
    |
114 + use core::convert::From;
    |

error[E0405]: cannot find trait `From` in this scope
   --> C:\Users\Mechrevo\.cargo\registry\src\index.crates.io-1949cf8c6b5b557f\curve25519-dalek-5.0.0-pre.1\src\scalar.r
s:494:6
    |
494 | impl From<u16> for Scalar {
    |      ^^^^ not found in this scope
    |
help: consider importing this trait
    |
114 + use core::convert::From;
    |

error[E0405]: cannot find trait `From` in this scope
   --> C:\Users\Mechrevo\.cargo\registry\src\index.crates.io-1949cf8c6b5b557f\curve25519-dalek-5.0.0-pre.1\src\scalar.r
s:503:6
    |
503 | impl From<u32> for Scalar {
    |      ^^^^ not found in this scope
    |
help: consider importing this trait
    |
114 + use core::convert::From;
    |

error[E0405]: cannot find trait `From` in this scope
   --> C:\Users\Mechrevo\.cargo\registry\src\index.crates.io-1949cf8c6b5b557f\curve25519-dalek-5.0.0-pre.1\src\scalar.r
s:512:6
    |
512 | impl From<u64> for Scalar {
    |      ^^^^ not found in this scope
    |
help: consider importing this trait
    |
114 + use core::convert::From;
    |

error[E0405]: cannot find trait `From` in this scope
   --> C:\Users\Mechrevo\.cargo\registry\src\index.crates.io-1949cf8c6b5b557f\curve25519-dalek-5.0.0-pre.1\src\scalar.r
s:542:6
    |
542 | impl From<u128> for Scalar {
    |      ^^^^ not found in this scope
    |
help: consider importing this trait
    |
114 + use core::convert::From;
    |

error[E0405]: cannot find trait `Sized` in this scope
   --> C:\Users\Mechrevo\.cargo\registry\src\index.crates.io-1949cf8c6b5b557f\curve25519-dalek-5.0.0-pre.1\src\scalar.r
s:592:35
    |
592 |     pub fn random<R: CryptoRng + ?Sized>(rng: &mut R) -> Self {
    |                                   ^^^^^ not found in this scope
    |
help: consider importing this trait
    |
114 + use core::marker::Sized;
    |

error[E0405]: cannot find trait `Default` in this scope
   --> C:\Users\Mechrevo\.cargo\registry\src\index.crates.io-1949cf8c6b5b557f\curve25519-dalek-5.0.0-pre.1\src\scalar.r
s:622:39
    |
622 |         D: Digest<OutputSize = U64> + Default,
    |                                       ^^^^^^^ not found in this scope
    |
help: consider importing this trait
    |
114 + use core::default::Default;
    |

error[E0405]: cannot find trait `DoubleEndedIterator` in this scope
   --> C:\Users\Mechrevo\.cargo\registry\src\index.crates.io-1949cf8c6b5b557f\curve25519-dalek-5.0.0-pre.1\src\scalar.r
s:877:42
    |
877 |     pub(crate) fn bits_le(&self) -> impl DoubleEndedIterator<Item = bool> + '_ {
    |                                          ^^^^^^^^^^^^^^^^^^^ not found in this scope
    |
help: consider importing this trait
    |
114 + use core::iter::DoubleEndedIterator;
    |

error[E0405]: cannot find trait `PartialEq` in this scope
   --> C:\Users\Mechrevo\.cargo\registry\src\index.crates.io-1949cf8c6b5b557f\curve25519-dalek-5.0.0-pre.1\src\montgome
ry.rs:109:6
    |
109 | impl PartialEq for MontgomeryPoint {
    |      ^^^^^^^^^ not found in this scope
    |
help: consider importing this trait
    |
 52 + use core::cmp::PartialEq;
    |

error[E0405]: cannot find trait `Eq` in this scope
   --> C:\Users\Mechrevo\.cargo\registry\src\index.crates.io-1949cf8c6b5b557f\curve25519-dalek-5.0.0-pre.1\src\montgome
ry.rs:115:6
    |
115 | impl Eq for MontgomeryPoint {}
    |      ^^ not found in this scope
    |
help: consider importing this trait
    |
 52 + use core::cmp::Eq;
    |

error[E0405]: cannot find trait `Iterator` in this scope
   --> C:\Users\Mechrevo\.cargo\registry\src\index.crates.io-1949cf8c6b5b557f\curve25519-dalek-5.0.0-pre.1\src\montgome
ry.rs:183:42
    |
183 |     pub fn mul_bits_be(&self, bits: impl Iterator<Item = bool>) -> MontgomeryPoint {
    |                                          ^^^^^^^^ not found in this scope
    |
help: consider importing this trait
    |
 52 + use core::iter::Iterator;
    |

error[E0412]: cannot find type `Option` in this scope
   --> C:\Users\Mechrevo\.cargo\registry\src\index.crates.io-1949cf8c6b5b557f\curve25519-dalek-5.0.0-pre.1\src\montgome
ry.rs:239:43
    |
239 |     pub fn to_edwards(&self, sign: u8) -> Option<EdwardsPoint> {
    |                                           ^^^^^^ not found in this scope
    |
help: consider importing this enum
    |
 52 + use core::option::Option;
    |

error[E0425]: cannot find value `None` in this scope
   --> C:\Users\Mechrevo\.cargo\registry\src\index.crates.io-1949cf8c6b5b557f\curve25519-dalek-5.0.0-pre.1\src\montgome
ry.rs:257:20
    |
257 |             return None;
    |                    ^^^^ not found in this scope
    |
help: consider importing this unit variant
    |
 52 + use core::option::Option::None;
    |

error[E0405]: cannot find trait `Default` in this scope
   --> C:\Users\Mechrevo\.cargo\registry\src\index.crates.io-1949cf8c6b5b557f\curve25519-dalek-5.0.0-pre.1\src\montgome
ry.rs:383:6
    |
383 | impl Default for ProjectivePoint {
    |      ^^^^^^^ not found in this scope
    |
help: consider importing this trait
    |
 52 + use core::default::Default;
    |

error[E0405]: cannot find trait `Default` in this scope
  --> C:\Users\Mechrevo\.cargo\registry\src\index.crates.io-1949cf8c6b5b557f\curve25519-dalek-5.0.0-pre.1\src\edwards\a
ffine.rs:32:6
   |
32 | impl Default for AffinePoint {
   |      ^^^^^^^ not found in this scope
   |
help: consider importing this trait
   |
 1 + use core::default::Default;
   |

error[E0405]: cannot find trait `PartialEq` in this scope
  --> C:\Users\Mechrevo\.cargo\registry\src\index.crates.io-1949cf8c6b5b557f\curve25519-dalek-5.0.0-pre.1\src\edwards\a
ffine.rs:47:6
   |
47 | impl PartialEq for AffinePoint {
   |      ^^^^^^^^^ not found in this scope
   |
help: consider importing this trait
   |
 1 + use core::cmp::PartialEq;
   |

error[E0405]: cannot find trait `Eq` in this scope
  --> C:\Users\Mechrevo\.cargo\registry\src\index.crates.io-1949cf8c6b5b557f\curve25519-dalek-5.0.0-pre.1\src\edwards\a
ffine.rs:53:6
   |
53 | impl Eq for AffinePoint {}
   |      ^^ not found in this scope
   |
help: consider importing this trait
   |
 1 + use core::cmp::Eq;
   |

error[E0405]: cannot find trait `Eq` in this scope
   --> C:\Users\Mechrevo\.cargo\registry\src\index.crates.io-1949cf8c6b5b557f\curve25519-dalek-5.0.0-pre.1\src\edwards.
rs:183:6
    |
183 | impl Eq for CompressedEdwardsY {}
    |      ^^ not found in this scope
    |
help: consider importing this trait
    |
 98 + use core::cmp::Eq;
    |

error[E0405]: cannot find trait `PartialEq` in this scope
   --> C:\Users\Mechrevo\.cargo\registry\src\index.crates.io-1949cf8c6b5b557f\curve25519-dalek-5.0.0-pre.1\src\edwards.
rs:184:6
    |
184 | impl PartialEq for CompressedEdwardsY {
    |      ^^^^^^^^^ not found in this scope
    |
help: consider importing this trait
    |
 98 + use core::cmp::PartialEq;
    |

error[E0412]: cannot find type `Option` in this scope
   --> C:\Users\Mechrevo\.cargo\registry\src\index.crates.io-1949cf8c6b5b557f\curve25519-dalek-5.0.0-pre.1\src\edwards.
rs:211:33
    |
211 |     pub fn decompress(&self) -> Option<EdwardsPoint> {
    |                                 ^^^^^^ not found in this scope
    |
help: consider importing this enum
    |
 98 + use core::option::Option;
    |

error[E0425]: cannot find function, tuple struct or tuple variant `Some` in this scope
   --> C:\Users\Mechrevo\.cargo\registry\src\index.crates.io-1949cf8c6b5b557f\curve25519-dalek-5.0.0-pre.1\src\edwards.
rs:215:13
    |
215 |             Some(decompress::step_2(self, X, Y, Z))
    |             ^^^^ not found in this scope
    |
help: consider importing this tuple variant
    |
 98 + use core::option::Option::Some;
    |

error[E0425]: cannot find value `None` in this scope
   --> C:\Users\Mechrevo\.cargo\registry\src\index.crates.io-1949cf8c6b5b557f\curve25519-dalek-5.0.0-pre.1\src\edwards.
rs:217:13
    |
217 |             None
    |             ^^^^ not found in this scope
    |
help: consider importing this unit variant
    |
 98 + use core::option::Option::None;
    |

error[E0405]: cannot find trait `TryFrom` in this scope
   --> C:\Users\Mechrevo\.cargo\registry\src\index.crates.io-1949cf8c6b5b557f\curve25519-dalek-5.0.0-pre.1\src\edwards.
rs:260:6
    |
260 | impl TryFrom<&[u8]> for CompressedEdwardsY {
    |      ^^^^^^^ not found in this scope
    |
    = note: 'core::convert::TryFrom' is included in the prelude starting in Edition 2021
help: consider importing this trait
    |
 98 + use core::convert::TryFrom;
    |

error[E0412]: cannot find type `Result` in this scope
   --> C:\Users\Mechrevo\.cargo\registry\src\index.crates.io-1949cf8c6b5b557f\curve25519-dalek-5.0.0-pre.1\src\edwards.
rs:263:34
    |
263 |     fn try_from(slice: &[u8]) -> Result<CompressedEdwardsY, TryFromSliceError> {
    |                                  ^^^^^^ not found in this scope
    |
help: consider importing one of these items
    |
 98 + use core::fmt::Result;
    |
 98 + use core::result::Result;
    |
 98 + use alloc::fmt::Result;
    |

error[E0412]: cannot find type `Result` in this scope
   --> C:\Users\Mechrevo\.cargo\registry\src\index.crates.io-1949cf8c6b5b557f\curve25519-dalek-5.0.0-pre.1\src\edwards.
rs:285:46
    |
285 |     fn serialize<S>(&self, serializer: S) -> Result<S::Ok, S::Error>
    |                                              ^^^^^^ not found in this scope
    |
help: consider importing one of these items
    |
 98 + use core::fmt::Result;
    |
 98 + use core::result::Result;
    |
 98 + use alloc::fmt::Result;
    |

error[E0412]: cannot find type `Result` in this scope
   --> C:\Users\Mechrevo\.cargo\registry\src\index.crates.io-1949cf8c6b5b557f\curve25519-dalek-5.0.0-pre.1\src\edwards.
rs:300:46
    |
300 |     fn serialize<S>(&self, serializer: S) -> Result<S::Ok, S::Error>
    |                                              ^^^^^^ not found in this scope
    |
help: consider importing one of these items
    |
 98 + use core::fmt::Result;
    |
 98 + use core::result::Result;
    |
 98 + use alloc::fmt::Result;
    |

error[E0412]: cannot find type `Result` in this scope
   --> C:\Users\Mechrevo\.cargo\registry\src\index.crates.io-1949cf8c6b5b557f\curve25519-dalek-5.0.0-pre.1\src\edwards.
rs:315:43
    |
315 |     fn deserialize<D>(deserializer: D) -> Result<Self, D::Error>
    |                                           ^^^^^^ not found in this scope
    |
help: consider importing one of these items
    |
 98 + use core::fmt::Result;
    |
 98 + use core::result::Result;
    |
 98 + use alloc::fmt::Result;
    |

error[E0412]: cannot find type `Result` in this scope
   --> C:\Users\Mechrevo\.cargo\registry\src\index.crates.io-1949cf8c6b5b557f\curve25519-dalek-5.0.0-pre.1\src\edwards.
rs:328:50
    |
328 |             fn visit_seq<A>(self, mut seq: A) -> Result<EdwardsPoint, A::Error>
    |                                                  ^^^^^^ not found in this scope
    |
help: consider importing one of these items
    |
 98 + use core::fmt::Result;
    |
 98 + use core::result::Result;
    |
 98 + use alloc::fmt::Result;
    |

error[E0412]: cannot find type `Result` in this scope
   --> C:\Users\Mechrevo\.cargo\registry\src\index.crates.io-1949cf8c6b5b557f\curve25519-dalek-5.0.0-pre.1\src\edwards.
rs:351:43
    |
351 |     fn deserialize<D>(deserializer: D) -> Result<Self, D::Error>
    |                                           ^^^^^^ not found in this scope
    |
help: consider importing one of these items
    |
 98 + use core::fmt::Result;
    |
 98 + use core::result::Result;
    |
 98 + use alloc::fmt::Result;
    |

error[E0412]: cannot find type `Result` in this scope
   --> C:\Users\Mechrevo\.cargo\registry\src\index.crates.io-1949cf8c6b5b557f\curve25519-dalek-5.0.0-pre.1\src\edwards.
rs:364:50
    |
364 |             fn visit_seq<A>(self, mut seq: A) -> Result<CompressedEdwardsY, A::Error>
    |                                                  ^^^^^^ not found in this scope
    |
help: consider importing one of these items
    |
 98 + use core::fmt::Result;
    |
 98 + use core::result::Result;
    |
 98 + use alloc::fmt::Result;
    |

error[E0425]: cannot find function, tuple struct or tuple variant `Ok` in this scope
   --> C:\Users\Mechrevo\.cargo\registry\src\index.crates.io-1949cf8c6b5b557f\curve25519-dalek-5.0.0-pre.1\src\edwards.
rs:375:17
    |
375 |                 Ok(CompressedEdwardsY(bytes))
    |                 ^^ not found in this scope
    |
help: consider importing this tuple variant
    |
 98 + use core::result::Result::Ok;
    |

error[E0405]: cannot find trait `Default` in this scope
   --> C:\Users\Mechrevo\.cargo\registry\src\index.crates.io-1949cf8c6b5b557f\curve25519-dalek-5.0.0-pre.1\src\edwards.
rs:410:6
    |
410 | impl Default for CompressedEdwardsY {
    |      ^^^^^^^ not found in this scope
    |
help: consider importing this trait
    |
 98 + use core::default::Default;
    |

error[E0412]: cannot find type `Result` in this scope
   --> C:\Users\Mechrevo\.cargo\registry\src\index.crates.io-1949cf8c6b5b557f\curve25519-dalek-5.0.0-pre.1\src\edwards.
rs:423:40
    |
423 |     pub fn from_slice(bytes: &[u8]) -> Result<CompressedEdwardsY, TryFromSliceError> {
    |                                        ^^^^^^ not found in this scope
    |
help: consider importing one of these items
    |
 98 + use core::fmt::Result;
    |
 98 + use core::result::Result;
    |
 98 + use alloc::fmt::Result;
    |

error[E0405]: cannot find trait `Default` in this scope
   --> C:\Users\Mechrevo\.cargo\registry\src\index.crates.io-1949cf8c6b5b557f\curve25519-dalek-5.0.0-pre.1\src\edwards.
rs:439:6
    |
439 | impl Default for EdwardsPoint {
    |      ^^^^^^^ not found in this scope
    |
help: consider importing this trait
    |
 98 + use core::default::Default;
    |

error[E0405]: cannot find trait `PartialEq` in this scope
   --> C:\Users\Mechrevo\.cargo\registry\src\index.crates.io-1949cf8c6b5b557f\curve25519-dalek-5.0.0-pre.1\src\edwards.
rs:514:6
    |
514 | impl PartialEq for EdwardsPoint {
    |      ^^^^^^^^^ not found in this scope
    |
help: consider importing this trait
    |
 98 + use core::cmp::PartialEq;
    |

error[E0405]: cannot find trait `Eq` in this scope
   --> C:\Users\Mechrevo\.cargo\registry\src\index.crates.io-1949cf8c6b5b557f\curve25519-dalek-5.0.0-pre.1\src\edwards.
rs:520:6
    |
520 | impl Eq for EdwardsPoint {}
    |      ^^ not found in this scope
    |
help: consider importing this trait
    |
 98 + use core::cmp::Eq;
    |

error[E0405]: cannot find trait `Default` in this scope
   --> C:\Users\Mechrevo\.cargo\registry\src\index.crates.io-1949cf8c6b5b557f\curve25519-dalek-5.0.0-pre.1\src\edwards.
rs:700:28
    |
700 |         D: BlockSizeUser + Default + FixedOutput<OutputSize = U64> + HashMarker,
    |                            ^^^^^^^ not found in this scope
    |
help: consider importing this trait
    |
 98 + use core::default::Default;
    |

error[E0405]: cannot find trait `Default` in this scope
   --> C:\Users\Mechrevo\.cargo\registry\src\index.crates.io-1949cf8c6b5b557f\curve25519-dalek-5.0.0-pre.1\src\edwards.
rs:726:28
    |
726 |         D: BlockSizeUser + Default + FixedOutput<OutputSize = U64> + HashMarker,
    |                            ^^^^^^^ not found in this scope
    |
help: consider importing this trait
    |
 98 + use core::default::Default;
    |

error[E0405]: cannot find trait `Sized` in this scope
   --> C:\Users\Mechrevo\.cargo\registry\src\index.crates.io-1949cf8c6b5b557f\curve25519-dalek-5.0.0-pre.1\src\edwards.
rs:755:33
    |
755 |     pub fn random<R: RngCore + ?Sized>(rng: &mut R) -> Self {
    |                                 ^^^^^ not found in this scope
    |
help: consider importing this trait
    |
 98 + use core::marker::Sized;
    |

error[E0531]: cannot find tuple struct or tuple variant `Some` in this scope
   --> C:\Users\Mechrevo\.cargo\registry\src\index.crates.io-1949cf8c6b5b557f\curve25519-dalek-5.0.0-pre.1\src\edwards.
rs:759:20
    |
759 |             if let Some(p) = repr.decompress() {
    |                    ^^^^ not found in this scope
    |
help: consider importing this tuple variant
    |
 98 + use core::option::Option::Some;
    |

error[E0405]: cannot find trait `Iterator` in this scope
   --> C:\Users\Mechrevo\.cargo\registry\src\index.crates.io-1949cf8c6b5b557f\curve25519-dalek-5.0.0-pre.1\src\edwards.
rs:831:12
    |
831 |         I: Iterator<Item = T>,
    |            ^^^^^^^^ not found in this scope
    |
help: consider importing this trait
    |
 98 + use core::iter::Iterator;
    |

error[E0405]: cannot find trait `IntoIterator` in this scope
   --> C:\Users\Mechrevo\.cargo\registry\src\index.crates.io-1949cf8c6b5b557f\curve25519-dalek-5.0.0-pre.1\src\edwards.
rs:960:12
    |
960 |         I: IntoIterator,
    |            ^^^^^^^^^^^^ not found in this scope
    |
help: consider importing this trait
    |
 98 + use core::iter::IntoIterator;
    |

error[E0405]: cannot find trait `IntoIterator` in this scope
   --> C:\Users\Mechrevo\.cargo\registry\src\index.crates.io-1949cf8c6b5b557f\curve25519-dalek-5.0.0-pre.1\src\edwards.
rs:962:12
    |
962 |         J: IntoIterator,
    |            ^^^^^^^^^^^^ not found in this scope
    |
help: consider importing this trait
    |
 98 + use core::iter::IntoIterator;
    |

error[E0405]: cannot find trait `IntoIterator` in this scope
   --> C:\Users\Mechrevo\.cargo\registry\src\index.crates.io-1949cf8c6b5b557f\curve25519-dalek-5.0.0-pre.1\src\edwards.
rs:992:12
    |
992 |         I: IntoIterator,
    |            ^^^^^^^^^^^^ not found in this scope
    |
help: consider importing this trait
    |
 98 + use core::iter::IntoIterator;
    |

error[E0405]: cannot find trait `IntoIterator` in this scope
   --> C:\Users\Mechrevo\.cargo\registry\src\index.crates.io-1949cf8c6b5b557f\curve25519-dalek-5.0.0-pre.1\src\edwards.
rs:994:12
    |
994 |         J: IntoIterator<Item = Option<EdwardsPoint>>,
    |            ^^^^^^^^^^^^ not found in this scope
    |
help: consider importing this trait
    |
 98 + use core::iter::IntoIterator;
    |

error[E0412]: cannot find type `Option` in this scope
   --> C:\Users\Mechrevo\.cargo\registry\src\index.crates.io-1949cf8c6b5b557f\curve25519-dalek-5.0.0-pre.1\src\edwards.
rs:994:32
    |
994 |         J: IntoIterator<Item = Option<EdwardsPoint>>,
    |                                ^^^^^^ not found in this scope
    |
help: consider importing this enum
    |
 98 + use core::option::Option;
    |

error[E0412]: cannot find type `Option` in this scope
   --> C:\Users\Mechrevo\.cargo\registry\src\index.crates.io-1949cf8c6b5b557f\curve25519-dalek-5.0.0-pre.1\src\edwards.
rs:990:65
    |
990 |     fn optional_multiscalar_mul<I, J>(scalars: I, points: J) -> Option<EdwardsPoint>
    |                                                                 ^^^^^^ not found in this scope
    |
help: consider importing this enum
    |
 98 + use core::option::Option;
    |

error[E0405]: cannot find trait `IntoIterator` in this scope
    --> C:\Users\Mechrevo\.cargo\registry\src\index.crates.io-1949cf8c6b5b557f\curve25519-dalek-5.0.0-pre.1\src\edwards
.rs:1034:12
     |
1034 |         I: IntoIterator,
     |            ^^^^^^^^^^^^ not found in this scope
     |
help: consider importing this trait
     |
  98 + use core::iter::IntoIterator;
     |

error[E0405]: cannot find trait `IntoIterator` in this scope
    --> C:\Users\Mechrevo\.cargo\registry\src\index.crates.io-1949cf8c6b5b557f\curve25519-dalek-5.0.0-pre.1\src\edwards
.rs:1055:12
     |
1055 |         I: IntoIterator,
     |            ^^^^^^^^^^^^ not found in this scope
     |
help: consider importing this trait
     |
  98 + use core::iter::IntoIterator;
     |

error[E0405]: cannot find trait `IntoIterator` in this scope
    --> C:\Users\Mechrevo\.cargo\registry\src\index.crates.io-1949cf8c6b5b557f\curve25519-dalek-5.0.0-pre.1\src\edwards
.rs:1057:12
     |
1057 |         J: IntoIterator,
     |            ^^^^^^^^^^^^ not found in this scope
     |
help: consider importing this trait
     |
  98 + use core::iter::IntoIterator;
     |

error[E0405]: cannot find trait `IntoIterator` in this scope
    --> C:\Users\Mechrevo\.cargo\registry\src\index.crates.io-1949cf8c6b5b557f\curve25519-dalek-5.0.0-pre.1\src\edwards
.rs:1059:12
     |
1059 |         K: IntoIterator<Item = Option<Self::Point>>,
     |            ^^^^^^^^^^^^ not found in this scope
     |
help: consider importing this trait
     |
  98 + use core::iter::IntoIterator;
     |

error[E0412]: cannot find type `Option` in this scope
    --> C:\Users\Mechrevo\.cargo\registry\src\index.crates.io-1949cf8c6b5b557f\curve25519-dalek-5.0.0-pre.1\src\edwards
.rs:1059:32
     |
1059 |         K: IntoIterator<Item = Option<Self::Point>>,
     |                                ^^^^^^ not found in this scope
     |
help: consider importing this enum
     |
  98 + use core::option::Option;
     |

error[E0412]: cannot find type `Option` in this scope
    --> C:\Users\Mechrevo\.cargo\registry\src\index.crates.io-1949cf8c6b5b557f\curve25519-dalek-5.0.0-pre.1\src\edwards
.rs:1053:10
     |
1053 |     ) -> Option<Self::Point>
     |          ^^^^^^ not found in this scope
     |
help: consider importing this enum
     |
  98 + use core::option::Option;
     |

error[E0405]: cannot find trait `From` in this scope
    --> C:\Users\Mechrevo\.cargo\registry\src\index.crates.io-1949cf8c6b5b557f\curve25519-dalek-5.0.0-pre.1\src\edwards
.rs:1285:18
     |
1285 |           impl<'a> From<&'a $lhs> for $rhs {
     |                    ^^^^ not found in this scope
...
1302 | /         impl_basepoint_table_conversions! {
1303 | |             LHS = EdwardsBasepointTableRadix16,
1304 | |             RHS = EdwardsBasepointTableRadix32
1305 | |         }
     | |_________- in this macro invocation
     |
     = note: this error originates in the macro `impl_basepoint_table_conversions` (in Nightly builds, run with -Z macr
o-backtrace for more info)
help: consider importing this trait
     |
  98 + use core::convert::From;
     |

error[E0405]: cannot find trait `From` in this scope
    --> C:\Users\Mechrevo\.cargo\registry\src\index.crates.io-1949cf8c6b5b557f\curve25519-dalek-5.0.0-pre.1\src\edwards
.rs:1291:18
     |
1291 |           impl<'a> From<&'a $rhs> for $lhs {
     |                    ^^^^ not found in this scope
...
1302 | /         impl_basepoint_table_conversions! {
1303 | |             LHS = EdwardsBasepointTableRadix16,
1304 | |             RHS = EdwardsBasepointTableRadix32
1305 | |         }
     | |_________- in this macro invocation
     |
     = note: this error originates in the macro `impl_basepoint_table_conversions` (in Nightly builds, run with -Z macr
o-backtrace for more info)
help: consider importing this trait
     |
  98 + use core::convert::From;
     |

error[E0405]: cannot find trait `From` in this scope
    --> C:\Users\Mechrevo\.cargo\registry\src\index.crates.io-1949cf8c6b5b557f\curve25519-dalek-5.0.0-pre.1\src\edwards
.rs:1285:18
     |
1285 |           impl<'a> From<&'a $lhs> for $rhs {
     |                    ^^^^ not found in this scope
...
1306 | /         impl_basepoint_table_conversions! {
1307 | |             LHS = EdwardsBasepointTableRadix16,
1308 | |             RHS = EdwardsBasepointTableRadix64
1309 | |         }
     | |_________- in this macro invocation
     |
     = note: this error originates in the macro `impl_basepoint_table_conversions` (in Nightly builds, run with -Z macr
o-backtrace for more info)
help: consider importing this trait
     |
  98 + use core::convert::From;
     |

error[E0405]: cannot find trait `From` in this scope
    --> C:\Users\Mechrevo\.cargo\registry\src\index.crates.io-1949cf8c6b5b557f\curve25519-dalek-5.0.0-pre.1\src\edwards
.rs:1291:18
     |
1291 |           impl<'a> From<&'a $rhs> for $lhs {
     |                    ^^^^ not found in this scope
...
1306 | /         impl_basepoint_table_conversions! {
1307 | |             LHS = EdwardsBasepointTableRadix16,
1308 | |             RHS = EdwardsBasepointTableRadix64
1309 | |         }
     | |_________- in this macro invocation
     |
     = note: this error originates in the macro `impl_basepoint_table_conversions` (in Nightly builds, run with -Z macr
o-backtrace for more info)
help: consider importing this trait
     |
  98 + use core::convert::From;
     |

error[E0405]: cannot find trait `From` in this scope
    --> C:\Users\Mechrevo\.cargo\registry\src\index.crates.io-1949cf8c6b5b557f\curve25519-dalek-5.0.0-pre.1\src\edwards
.rs:1285:18
     |
1285 |           impl<'a> From<&'a $lhs> for $rhs {
     |                    ^^^^ not found in this scope
...
1310 | /         impl_basepoint_table_conversions! {
1311 | |             LHS = EdwardsBasepointTableRadix16,
1312 | |             RHS = EdwardsBasepointTableRadix128
1313 | |         }
     | |_________- in this macro invocation
     |
     = note: this error originates in the macro `impl_basepoint_table_conversions` (in Nightly builds, run with -Z macr
o-backtrace for more info)
help: consider importing this trait
     |
  98 + use core::convert::From;
     |

error[E0405]: cannot find trait `From` in this scope
    --> C:\Users\Mechrevo\.cargo\registry\src\index.crates.io-1949cf8c6b5b557f\curve25519-dalek-5.0.0-pre.1\src\edwards
.rs:1291:18
     |
1291 |           impl<'a> From<&'a $rhs> for $lhs {
     |                    ^^^^ not found in this scope
...
1310 | /         impl_basepoint_table_conversions! {
1311 | |             LHS = EdwardsBasepointTableRadix16,
1312 | |             RHS = EdwardsBasepointTableRadix128
1313 | |         }
     | |_________- in this macro invocation
     |
     = note: this error originates in the macro `impl_basepoint_table_conversions` (in Nightly builds, run with -Z macr
o-backtrace for more info)
help: consider importing this trait
     |
  98 + use core::convert::From;
     |

error[E0405]: cannot find trait `From` in this scope
    --> C:\Users\Mechrevo\.cargo\registry\src\index.crates.io-1949cf8c6b5b557f\curve25519-dalek-5.0.0-pre.1\src\edwards
.rs:1285:18
     |
1285 |           impl<'a> From<&'a $lhs> for $rhs {
     |                    ^^^^ not found in this scope
...
1314 | /         impl_basepoint_table_conversions! {
1315 | |             LHS = EdwardsBasepointTableRadix16,
1316 | |             RHS = EdwardsBasepointTableRadix256
1317 | |         }
     | |_________- in this macro invocation
     |
     = note: this error originates in the macro `impl_basepoint_table_conversions` (in Nightly builds, run with -Z macr
o-backtrace for more info)
help: consider importing this trait
     |
  98 + use core::convert::From;
     |

error[E0405]: cannot find trait `From` in this scope
    --> C:\Users\Mechrevo\.cargo\registry\src\index.crates.io-1949cf8c6b5b557f\curve25519-dalek-5.0.0-pre.1\src\edwards
.rs:1291:18
     |
1291 |           impl<'a> From<&'a $rhs> for $lhs {
     |                    ^^^^ not found in this scope
...
1314 | /         impl_basepoint_table_conversions! {
1315 | |             LHS = EdwardsBasepointTableRadix16,
1316 | |             RHS = EdwardsBasepointTableRadix256
1317 | |         }
     | |_________- in this macro invocation
     |
     = note: this error originates in the macro `impl_basepoint_table_conversions` (in Nightly builds, run with -Z macr
o-backtrace for more info)
help: consider importing this trait
     |
  98 + use core::convert::From;
     |

error[E0405]: cannot find trait `From` in this scope
    --> C:\Users\Mechrevo\.cargo\registry\src\index.crates.io-1949cf8c6b5b557f\curve25519-dalek-5.0.0-pre.1\src\edwards
.rs:1285:18
     |
1285 |           impl<'a> From<&'a $lhs> for $rhs {
     |                    ^^^^ not found in this scope
...
1320 | /         impl_basepoint_table_conversions! {
1321 | |             LHS = EdwardsBasepointTableRadix32,
1322 | |             RHS = EdwardsBasepointTableRadix64
1323 | |         }
     | |_________- in this macro invocation
     |
     = note: this error originates in the macro `impl_basepoint_table_conversions` (in Nightly builds, run with -Z macr
o-backtrace for more info)
help: consider importing this trait
     |
  98 + use core::convert::From;
     |

error[E0405]: cannot find trait `From` in this scope
    --> C:\Users\Mechrevo\.cargo\registry\src\index.crates.io-1949cf8c6b5b557f\curve25519-dalek-5.0.0-pre.1\src\edwards
.rs:1291:18
     |
1291 |           impl<'a> From<&'a $rhs> for $lhs {
     |                    ^^^^ not found in this scope
...
1320 | /         impl_basepoint_table_conversions! {
1321 | |             LHS = EdwardsBasepointTableRadix32,
1322 | |             RHS = EdwardsBasepointTableRadix64
1323 | |         }
     | |_________- in this macro invocation
     |
     = note: this error originates in the macro `impl_basepoint_table_conversions` (in Nightly builds, run with -Z macr
o-backtrace for more info)
help: consider importing this trait
     |
  98 + use core::convert::From;
     |

error[E0405]: cannot find trait `From` in this scope
    --> C:\Users\Mechrevo\.cargo\registry\src\index.crates.io-1949cf8c6b5b557f\curve25519-dalek-5.0.0-pre.1\src\edwards
.rs:1285:18
     |
1285 |           impl<'a> From<&'a $lhs> for $rhs {
     |                    ^^^^ not found in this scope
...
1324 | /         impl_basepoint_table_conversions! {
1325 | |             LHS = EdwardsBasepointTableRadix32,
1326 | |             RHS = EdwardsBasepointTableRadix128
1327 | |         }
     | |_________- in this macro invocation
     |
     = note: this error originates in the macro `impl_basepoint_table_conversions` (in Nightly builds, run with -Z macr
o-backtrace for more info)
help: consider importing this trait
     |
  98 + use core::convert::From;
     |

error[E0405]: cannot find trait `From` in this scope
    --> C:\Users\Mechrevo\.cargo\registry\src\index.crates.io-1949cf8c6b5b557f\curve25519-dalek-5.0.0-pre.1\src\edwards
.rs:1291:18
     |
1291 |           impl<'a> From<&'a $rhs> for $lhs {
     |                    ^^^^ not found in this scope
...
1324 | /         impl_basepoint_table_conversions! {
1325 | |             LHS = EdwardsBasepointTableRadix32,
1326 | |             RHS = EdwardsBasepointTableRadix128
1327 | |         }
     | |_________- in this macro invocation
     |
     = note: this error originates in the macro `impl_basepoint_table_conversions` (in Nightly builds, run with -Z macr
o-backtrace for more info)
help: consider importing this trait
     |
  98 + use core::convert::From;
     |

error[E0405]: cannot find trait `From` in this scope
    --> C:\Users\Mechrevo\.cargo\registry\src\index.crates.io-1949cf8c6b5b557f\curve25519-dalek-5.0.0-pre.1\src\edwards
.rs:1285:18
     |
1285 |           impl<'a> From<&'a $lhs> for $rhs {
     |                    ^^^^ not found in this scope
...
1328 | /         impl_basepoint_table_conversions! {
1329 | |             LHS = EdwardsBasepointTableRadix32,
1330 | |             RHS = EdwardsBasepointTableRadix256
1331 | |         }
     | |_________- in this macro invocation
     |
     = note: this error originates in the macro `impl_basepoint_table_conversions` (in Nightly builds, run with -Z macr
o-backtrace for more info)
help: consider importing this trait
     |
  98 + use core::convert::From;
     |

error[E0405]: cannot find trait `From` in this scope
    --> C:\Users\Mechrevo\.cargo\registry\src\index.crates.io-1949cf8c6b5b557f\curve25519-dalek-5.0.0-pre.1\src\edwards
.rs:1291:18
     |
1291 |           impl<'a> From<&'a $rhs> for $lhs {
     |                    ^^^^ not found in this scope
...
1328 | /         impl_basepoint_table_conversions! {
1329 | |             LHS = EdwardsBasepointTableRadix32,
1330 | |             RHS = EdwardsBasepointTableRadix256
1331 | |         }
     | |_________- in this macro invocation
     |
     = note: this error originates in the macro `impl_basepoint_table_conversions` (in Nightly builds, run with -Z macr
o-backtrace for more info)
help: consider importing this trait
     |
  98 + use core::convert::From;
     |

error[E0405]: cannot find trait `From` in this scope
    --> C:\Users\Mechrevo\.cargo\registry\src\index.crates.io-1949cf8c6b5b557f\curve25519-dalek-5.0.0-pre.1\src\edwards
.rs:1285:18
     |
1285 |           impl<'a> From<&'a $lhs> for $rhs {
     |                    ^^^^ not found in this scope
...
1334 | /         impl_basepoint_table_conversions! {
1335 | |             LHS = EdwardsBasepointTableRadix64,
1336 | |             RHS = EdwardsBasepointTableRadix128
1337 | |         }
     | |_________- in this macro invocation
     |
     = note: this error originates in the macro `impl_basepoint_table_conversions` (in Nightly builds, run with -Z macr
o-backtrace for more info)
help: consider importing this trait
     |
  98 + use core::convert::From;
     |

error[E0405]: cannot find trait `From` in this scope
    --> C:\Users\Mechrevo\.cargo\registry\src\index.crates.io-1949cf8c6b5b557f\curve25519-dalek-5.0.0-pre.1\src\edwards
.rs:1291:18
     |
1291 |           impl<'a> From<&'a $rhs> for $lhs {
     |                    ^^^^ not found in this scope
...
1334 | /         impl_basepoint_table_conversions! {
1335 | |             LHS = EdwardsBasepointTableRadix64,
1336 | |             RHS = EdwardsBasepointTableRadix128
1337 | |         }
     | |_________- in this macro invocation
     |
     = note: this error originates in the macro `impl_basepoint_table_conversions` (in Nightly builds, run with -Z macr
o-backtrace for more info)
help: consider importing this trait
     |
  98 + use core::convert::From;
     |

error[E0405]: cannot find trait `From` in this scope
    --> C:\Users\Mechrevo\.cargo\registry\src\index.crates.io-1949cf8c6b5b557f\curve25519-dalek-5.0.0-pre.1\src\edwards
.rs:1285:18
     |
1285 |           impl<'a> From<&'a $lhs> for $rhs {
     |                    ^^^^ not found in this scope
...
1338 | /         impl_basepoint_table_conversions! {
1339 | |             LHS = EdwardsBasepointTableRadix64,
1340 | |             RHS = EdwardsBasepointTableRadix256
1341 | |         }
     | |_________- in this macro invocation
     |
     = note: this error originates in the macro `impl_basepoint_table_conversions` (in Nightly builds, run with -Z macr
o-backtrace for more info)
help: consider importing this trait
     |
  98 + use core::convert::From;
     |

error[E0405]: cannot find trait `From` in this scope
    --> C:\Users\Mechrevo\.cargo\registry\src\index.crates.io-1949cf8c6b5b557f\curve25519-dalek-5.0.0-pre.1\src\edwards
.rs:1291:18
     |
1291 |           impl<'a> From<&'a $rhs> for $lhs {
     |                    ^^^^ not found in this scope
...
1338 | /         impl_basepoint_table_conversions! {
1339 | |             LHS = EdwardsBasepointTableRadix64,
1340 | |             RHS = EdwardsBasepointTableRadix256
1341 | |         }
     | |_________- in this macro invocation
     |
     = note: this error originates in the macro `impl_basepoint_table_conversions` (in Nightly builds, run with -Z macr
o-backtrace for more info)
help: consider importing this trait
     |
  98 + use core::convert::From;
     |

error[E0405]: cannot find trait `From` in this scope
    --> C:\Users\Mechrevo\.cargo\registry\src\index.crates.io-1949cf8c6b5b557f\curve25519-dalek-5.0.0-pre.1\src\edwards
.rs:1285:18
     |
1285 |           impl<'a> From<&'a $lhs> for $rhs {
     |                    ^^^^ not found in this scope
...
1344 | /         impl_basepoint_table_conversions! {
1345 | |             LHS = EdwardsBasepointTableRadix128,
1346 | |             RHS = EdwardsBasepointTableRadix256
1347 | |         }
     | |_________- in this macro invocation
     |
     = note: this error originates in the macro `impl_basepoint_table_conversions` (in Nightly builds, run with -Z macr
o-backtrace for more info)
help: consider importing this trait
     |
  98 + use core::convert::From;
     |

error[E0405]: cannot find trait `From` in this scope
    --> C:\Users\Mechrevo\.cargo\registry\src\index.crates.io-1949cf8c6b5b557f\curve25519-dalek-5.0.0-pre.1\src\edwards
.rs:1291:18
     |
1291 |           impl<'a> From<&'a $rhs> for $lhs {
     |                    ^^^^ not found in this scope
...
1344 | /         impl_basepoint_table_conversions! {
1345 | |             LHS = EdwardsBasepointTableRadix128,
1346 | |             RHS = EdwardsBasepointTableRadix256
1347 | |         }
     | |_________- in this macro invocation
     |
     = note: this error originates in the macro `impl_basepoint_table_conversions` (in Nightly builds, run with -Z macr
o-backtrace for more info)
help: consider importing this trait
     |
  98 + use core::convert::From;
     |

error[E0405]: cannot find trait `Eq` in this scope
   --> C:\Users\Mechrevo\.cargo\registry\src\index.crates.io-1949cf8c6b5b557f\curve25519-dalek-5.0.0-pre.1\src\ristrett
o.rs:225:6
    |
225 | impl Eq for CompressedRistretto {}
    |      ^^ not found in this scope
    |
help: consider importing this trait
    |
161 + use core::cmp::Eq;
    |

error[E0405]: cannot find trait `PartialEq` in this scope
   --> C:\Users\Mechrevo\.cargo\registry\src\index.crates.io-1949cf8c6b5b557f\curve25519-dalek-5.0.0-pre.1\src\ristrett
o.rs:226:6
    |
226 | impl PartialEq for CompressedRistretto {
    |      ^^^^^^^^^ not found in this scope
    |
help: consider importing this trait
    |
161 + use core::cmp::PartialEq;
    |

error[E0412]: cannot find type `Result` in this scope
   --> C:\Users\Mechrevo\.cargo\registry\src\index.crates.io-1949cf8c6b5b557f\curve25519-dalek-5.0.0-pre.1\src\ristrett
o.rs:255:40
    |
255 |     pub fn from_slice(bytes: &[u8]) -> Result<CompressedRistretto, TryFromSliceError> {
    |                                        ^^^^^^ not found in this scope
    |
help: consider importing one of these items
    |
161 + use core::fmt::Result;
    |
161 + use core::result::Result;
    |
161 + use alloc::fmt::Result;
    |

error[E0412]: cannot find type `Option` in this scope
   --> C:\Users\Mechrevo\.cargo\registry\src\index.crates.io-1949cf8c6b5b557f\curve25519-dalek-5.0.0-pre.1\src\ristrett
o.rs:266:33
    |
266 |     pub fn decompress(&self) -> Option<RistrettoPoint> {
    |                                 ^^^^^^ not found in this scope
    |
help: consider importing this enum
    |
161 + use core::option::Option;
    |

error[E0425]: cannot find value `None` in this scope
   --> C:\Users\Mechrevo\.cargo\registry\src\index.crates.io-1949cf8c6b5b557f\curve25519-dalek-5.0.0-pre.1\src\ristrett
o.rs:270:20
    |
270 |             return None;
    |                    ^^^^ not found in this scope
    |
help: consider importing this unit variant
    |
161 + use core::option::Option::None;
    |

error[E0425]: cannot find value `None` in this scope
   --> C:\Users\Mechrevo\.cargo\registry\src\index.crates.io-1949cf8c6b5b557f\curve25519-dalek-5.0.0-pre.1\src\ristrett
o.rs:276:13
    |
276 |             None
    |             ^^^^ not found in this scope
    |
help: consider importing this unit variant
    |
161 + use core::option::Option::None;
    |

error[E0425]: cannot find function, tuple struct or tuple variant `Some` in this scope
   --> C:\Users\Mechrevo\.cargo\registry\src\index.crates.io-1949cf8c6b5b557f\curve25519-dalek-5.0.0-pre.1\src\ristrett
o.rs:278:13
    |
278 |             Some(res)
    |             ^^^^ not found in this scope
    |
help: consider importing this tuple variant
    |
161 + use core::option::Option::Some;
    |

error[E0405]: cannot find trait `Default` in this scope
   --> C:\Users\Mechrevo\.cargo\registry\src\index.crates.io-1949cf8c6b5b557f\curve25519-dalek-5.0.0-pre.1\src\ristrett
o.rs:353:6
    |
353 | impl Default for CompressedRistretto {
    |      ^^^^^^^ not found in this scope
    |
help: consider importing this trait
    |
161 + use core::default::Default;
    |

error[E0405]: cannot find trait `TryFrom` in this scope
   --> C:\Users\Mechrevo\.cargo\registry\src\index.crates.io-1949cf8c6b5b557f\curve25519-dalek-5.0.0-pre.1\src\ristrett
o.rs:359:6
    |
359 | impl TryFrom<&[u8]> for CompressedRistretto {
    |      ^^^^^^^ not found in this scope
    |
    = note: 'core::convert::TryFrom' is included in the prelude starting in Edition 2021
help: consider importing this trait
    |
161 + use core::convert::TryFrom;
    |

error[E0412]: cannot find type `Result` in this scope
   --> C:\Users\Mechrevo\.cargo\registry\src\index.crates.io-1949cf8c6b5b557f\curve25519-dalek-5.0.0-pre.1\src\ristrett
o.rs:362:34
    |
362 |     fn try_from(slice: &[u8]) -> Result<CompressedRistretto, TryFromSliceError> {
    |                                  ^^^^^^ not found in this scope
    |
help: consider importing one of these items
    |
161 + use core::fmt::Result;
    |
161 + use core::result::Result;
    |
161 + use alloc::fmt::Result;
    |

error[E0412]: cannot find type `Result` in this scope
   --> C:\Users\Mechrevo\.cargo\registry\src\index.crates.io-1949cf8c6b5b557f\curve25519-dalek-5.0.0-pre.1\src\ristrett
o.rs:382:46
    |
382 |     fn serialize<S>(&self, serializer: S) -> Result<S::Ok, S::Error>
    |                                              ^^^^^^ not found in this scope
    |
help: consider importing one of these items
    |
161 + use core::fmt::Result;
    |
161 + use core::result::Result;
    |
161 + use alloc::fmt::Result;
    |

error[E0412]: cannot find type `Result` in this scope
   --> C:\Users\Mechrevo\.cargo\registry\src\index.crates.io-1949cf8c6b5b557f\curve25519-dalek-5.0.0-pre.1\src\ristrett
o.rs:397:46
    |
397 |     fn serialize<S>(&self, serializer: S) -> Result<S::Ok, S::Error>
    |                                              ^^^^^^ not found in this scope
    |
help: consider importing one of these items
    |
161 + use core::fmt::Result;
    |
161 + use core::result::Result;
    |
161 + use alloc::fmt::Result;
    |

error[E0412]: cannot find type `Result` in this scope
   --> C:\Users\Mechrevo\.cargo\registry\src\index.crates.io-1949cf8c6b5b557f\curve25519-dalek-5.0.0-pre.1\src\ristrett
o.rs:412:43
    |
412 |     fn deserialize<D>(deserializer: D) -> Result<Self, D::Error>
    |                                           ^^^^^^ not found in this scope
    |
help: consider importing one of these items
    |
161 + use core::fmt::Result;
    |
161 + use core::result::Result;
    |
161 + use alloc::fmt::Result;
    |

error[E0412]: cannot find type `Result` in this scope
   --> C:\Users\Mechrevo\.cargo\registry\src\index.crates.io-1949cf8c6b5b557f\curve25519-dalek-5.0.0-pre.1\src\ristrett
o.rs:425:50
    |
425 |             fn visit_seq<A>(self, mut seq: A) -> Result<RistrettoPoint, A::Error>
    |                                                  ^^^^^^ not found in this scope
    |
help: consider importing one of these items
    |
161 + use core::fmt::Result;
    |
161 + use core::result::Result;
    |
161 + use alloc::fmt::Result;
    |

error[E0412]: cannot find type `Result` in this scope
   --> C:\Users\Mechrevo\.cargo\registry\src\index.crates.io-1949cf8c6b5b557f\curve25519-dalek-5.0.0-pre.1\src\ristrett
o.rs:448:43
    |
448 |     fn deserialize<D>(deserializer: D) -> Result<Self, D::Error>
    |                                           ^^^^^^ not found in this scope
    |
help: consider importing one of these items
    |
161 + use core::fmt::Result;
    |
161 + use core::result::Result;
    |
161 + use alloc::fmt::Result;
    |

error[E0412]: cannot find type `Result` in this scope
   --> C:\Users\Mechrevo\.cargo\registry\src\index.crates.io-1949cf8c6b5b557f\curve25519-dalek-5.0.0-pre.1\src\ristrett
o.rs:461:50
    |
461 |             fn visit_seq<A>(self, mut seq: A) -> Result<CompressedRistretto, A::Error>
    |                                                  ^^^^^^ not found in this scope
    |
help: consider importing one of these items
    |
161 + use core::fmt::Result;
    |
161 + use core::result::Result;
    |
161 + use alloc::fmt::Result;
    |

error[E0425]: cannot find function, tuple struct or tuple variant `Ok` in this scope
   --> C:\Users\Mechrevo\.cargo\registry\src\index.crates.io-1949cf8c6b5b557f\curve25519-dalek-5.0.0-pre.1\src\ristrett
o.rs:472:17
    |
472 |                 Ok(CompressedRistretto(bytes))
    |                 ^^ not found in this scope
    |
help: consider importing this tuple variant
    |
161 + use core::result::Result::Ok;
    |

error[E0405]: cannot find trait `IntoIterator` in this scope
   --> C:\Users\Mechrevo\.cargo\registry\src\index.crates.io-1949cf8c6b5b557f\curve25519-dalek-5.0.0-pre.1\src\ristrett
o.rs:566:12
    |
566 |         I: IntoIterator<Item = &'a RistrettoPoint>,
    |            ^^^^^^^^^^^^ not found in this scope
    |
help: consider importing this trait
    |
161 + use core::iter::IntoIterator;
    |

error[E0405]: cannot find trait `From` in this scope
   --> C:\Users\Mechrevo\.cargo\registry\src\index.crates.io-1949cf8c6b5b557f\curve25519-dalek-5.0.0-pre.1\src\ristrett
o.rs:584:18
    |
584 |         impl<'a> From<&'a RistrettoPoint> for BatchCompressState {
    |                  ^^^^ not found in this scope
    |
help: consider importing this trait
    |
161 + use core::convert::From;
    |

error[E0405]: cannot find trait `Sized` in this scope
   --> C:\Users\Mechrevo\.cargo\registry\src\index.crates.io-1949cf8c6b5b557f\curve25519-dalek-5.0.0-pre.1\src\ristrett
o.rs:722:35
    |
722 |     pub fn random<R: CryptoRng + ?Sized>(rng: &mut R) -> Self {
    |                                   ^^^^^ not found in this scope
    |
help: consider importing this trait
    |
161 + use core::marker::Sized;
    |

error[E0405]: cannot find trait `Sized` in this scope
   --> C:\Users\Mechrevo\.cargo\registry\src\index.crates.io-1949cf8c6b5b557f\curve25519-dalek-5.0.0-pre.1\src\ristrett
o.rs:745:44
    |
745 |     pub fn try_from_rng<R: TryCryptoRng + ?Sized>(rng: &mut R) -> Result<Self, R::Error> {
    |                                            ^^^^^ not found in this scope
    |
help: consider importing this trait
    |
161 + use core::marker::Sized;
    |

error[E0412]: cannot find type `Result` in this scope
   --> C:\Users\Mechrevo\.cargo\registry\src\index.crates.io-1949cf8c6b5b557f\curve25519-dalek-5.0.0-pre.1\src\ristrett
o.rs:745:67
    |
745 |     pub fn try_from_rng<R: TryCryptoRng + ?Sized>(rng: &mut R) -> Result<Self, R::Error> {
    |                                                                   ^^^^^^ not found in this scope
    |
help: consider importing one of these items
    |
161 + use core::fmt::Result;
    |
161 + use core::result::Result;
    |
161 + use alloc::fmt::Result;
    |

error[E0425]: cannot find function, tuple struct or tuple variant `Ok` in this scope
   --> C:\Users\Mechrevo\.cargo\registry\src\index.crates.io-1949cf8c6b5b557f\curve25519-dalek-5.0.0-pre.1\src\ristrett
o.rs:749:9
    |
749 |         Ok(RistrettoPoint::from_uniform_bytes(&uniform_bytes))
    |         ^^ not found in this scope
    |
help: consider importing this tuple variant
    |
161 + use core::result::Result::Ok;
    |

error[E0405]: cannot find trait `Default` in this scope
   --> C:\Users\Mechrevo\.cargo\registry\src\index.crates.io-1949cf8c6b5b557f\curve25519-dalek-5.0.0-pre.1\src\ristrett
o.rs:784:39
    |
784 |         D: Digest<OutputSize = U64> + Default,
    |                                       ^^^^^^^ not found in this scope
    |
help: consider importing this trait
    |
161 + use core::default::Default;
    |

error[E0405]: cannot find trait `Default` in this scope
   --> C:\Users\Mechrevo\.cargo\registry\src\index.crates.io-1949cf8c6b5b557f\curve25519-dalek-5.0.0-pre.1\src\ristrett
o.rs:799:39
    |
799 |         D: Digest<OutputSize = U64> + Default,
    |                                       ^^^^^^^ not found in this scope
    |
help: consider importing this trait
    |
161 + use core::default::Default;
    |

error[E0405]: cannot find trait `Default` in this scope
   --> C:\Users\Mechrevo\.cargo\registry\src\index.crates.io-1949cf8c6b5b557f\curve25519-dalek-5.0.0-pre.1\src\ristrett
o.rs:845:6
    |
845 | impl Default for RistrettoPoint {
    |      ^^^^^^^ not found in this scope
    |
help: consider importing this trait
    |
161 + use core::default::Default;
    |

error[E0405]: cannot find trait `PartialEq` in this scope
   --> C:\Users\Mechrevo\.cargo\registry\src\index.crates.io-1949cf8c6b5b557f\curve25519-dalek-5.0.0-pre.1\src\ristrett
o.rs:855:6
    |
855 | impl PartialEq for RistrettoPoint {
    |      ^^^^^^^^^ not found in this scope
    |
help: consider importing this trait
    |
161 + use core::cmp::PartialEq;
    |

error[E0405]: cannot find trait `Eq` in this scope
   --> C:\Users\Mechrevo\.cargo\registry\src\index.crates.io-1949cf8c6b5b557f\curve25519-dalek-5.0.0-pre.1\src\ristrett
o.rs:878:6
    |
878 | impl Eq for RistrettoPoint {}
    |      ^^ not found in this scope
    |
help: consider importing this trait
    |
161 + use core::cmp::Eq;
    |

error[E0405]: cannot find trait `Iterator` in this scope
   --> C:\Users\Mechrevo\.cargo\registry\src\index.crates.io-1949cf8c6b5b557f\curve25519-dalek-5.0.0-pre.1\src\ristrett
o.rs:934:12
    |
934 |         I: Iterator<Item = T>,
    |            ^^^^^^^^ not found in this scope
    |
help: consider importing this trait
    |
161 + use core::iter::Iterator;
    |

error[E0405]: cannot find trait `IntoIterator` in this scope
    --> C:\Users\Mechrevo\.cargo\registry\src\index.crates.io-1949cf8c6b5b557f\curve25519-dalek-5.0.0-pre.1\src\ristret
to.rs:1016:12
     |
1016 |         I: IntoIterator,
     |            ^^^^^^^^^^^^ not found in this scope
     |
help: consider importing this trait
     |
 161 + use core::iter::IntoIterator;
     |

error[E0405]: cannot find trait `IntoIterator` in this scope
    --> C:\Users\Mechrevo\.cargo\registry\src\index.crates.io-1949cf8c6b5b557f\curve25519-dalek-5.0.0-pre.1\src\ristret
to.rs:1018:12
     |
1018 |         J: IntoIterator,
     |            ^^^^^^^^^^^^ not found in this scope
     |
help: consider importing this trait
     |
 161 + use core::iter::IntoIterator;
     |

error[E0405]: cannot find trait `IntoIterator` in this scope
    --> C:\Users\Mechrevo\.cargo\registry\src\index.crates.io-1949cf8c6b5b557f\curve25519-dalek-5.0.0-pre.1\src\ristret
to.rs:1032:12
     |
1032 |         I: IntoIterator,
     |            ^^^^^^^^^^^^ not found in this scope
     |
help: consider importing this trait
     |
 161 + use core::iter::IntoIterator;
     |

error[E0405]: cannot find trait `IntoIterator` in this scope
    --> C:\Users\Mechrevo\.cargo\registry\src\index.crates.io-1949cf8c6b5b557f\curve25519-dalek-5.0.0-pre.1\src\ristret
to.rs:1034:12
     |
1034 |         J: IntoIterator<Item = Option<RistrettoPoint>>,
     |            ^^^^^^^^^^^^ not found in this scope
     |
help: consider importing this trait
     |
 161 + use core::iter::IntoIterator;
     |

error[E0412]: cannot find type `Option` in this scope
    --> C:\Users\Mechrevo\.cargo\registry\src\index.crates.io-1949cf8c6b5b557f\curve25519-dalek-5.0.0-pre.1\src\ristret
to.rs:1034:32
     |
1034 |         J: IntoIterator<Item = Option<RistrettoPoint>>,
     |                                ^^^^^^ not found in this scope
     |
help: consider importing this enum
     |
 161 + use core::option::Option;
     |

error[E0412]: cannot find type `Option` in this scope
    --> C:\Users\Mechrevo\.cargo\registry\src\index.crates.io-1949cf8c6b5b557f\curve25519-dalek-5.0.0-pre.1\src\ristret
to.rs:1030:65
     |
1030 |     fn optional_multiscalar_mul<I, J>(scalars: I, points: J) -> Option<RistrettoPoint>
     |                                                                 ^^^^^^ not found in this scope
     |
help: consider importing this enum
     |
 161 + use core::option::Option;
     |

error[E0405]: cannot find trait `IntoIterator` in this scope
    --> C:\Users\Mechrevo\.cargo\registry\src\index.crates.io-1949cf8c6b5b557f\curve25519-dalek-5.0.0-pre.1\src\ristret
to.rs:1058:12
     |
1058 |         I: IntoIterator,
     |            ^^^^^^^^^^^^ not found in this scope
     |
help: consider importing this trait
     |
 161 + use core::iter::IntoIterator;
     |

error[E0405]: cannot find trait `IntoIterator` in this scope
    --> C:\Users\Mechrevo\.cargo\registry\src\index.crates.io-1949cf8c6b5b557f\curve25519-dalek-5.0.0-pre.1\src\ristret
to.rs:1081:12
     |
1081 |         I: IntoIterator,
     |            ^^^^^^^^^^^^ not found in this scope
     |
help: consider importing this trait
     |
 161 + use core::iter::IntoIterator;
     |

error[E0405]: cannot find trait `IntoIterator` in this scope
    --> C:\Users\Mechrevo\.cargo\registry\src\index.crates.io-1949cf8c6b5b557f\curve25519-dalek-5.0.0-pre.1\src\ristret
to.rs:1083:12
     |
1083 |         J: IntoIterator,
     |            ^^^^^^^^^^^^ not found in this scope
     |
help: consider importing this trait
     |
 161 + use core::iter::IntoIterator;
     |

error[E0405]: cannot find trait `IntoIterator` in this scope
    --> C:\Users\Mechrevo\.cargo\registry\src\index.crates.io-1949cf8c6b5b557f\curve25519-dalek-5.0.0-pre.1\src\ristret
to.rs:1085:12
     |
1085 |         K: IntoIterator<Item = Option<Self::Point>>,
     |            ^^^^^^^^^^^^ not found in this scope
     |
help: consider importing this trait
     |
 161 + use core::iter::IntoIterator;
     |

error[E0412]: cannot find type `Option` in this scope
    --> C:\Users\Mechrevo\.cargo\registry\src\index.crates.io-1949cf8c6b5b557f\curve25519-dalek-5.0.0-pre.1\src\ristret
to.rs:1085:32
     |
1085 |         K: IntoIterator<Item = Option<Self::Point>>,
     |                                ^^^^^^ not found in this scope
     |
help: consider importing this enum
     |
 161 + use core::option::Option;
     |

error[E0412]: cannot find type `Option` in this scope
    --> C:\Users\Mechrevo\.cargo\registry\src\index.crates.io-1949cf8c6b5b557f\curve25519-dalek-5.0.0-pre.1\src\ristret
to.rs:1079:10
     |
1079 |     ) -> Option<Self::Point>
     |          ^^^^^^ not found in this scope
     |
help: consider importing this enum
     |
 161 + use core::option::Option;
     |

error[E0405]: cannot find trait `IntoIterator` in this scope
   --> C:\Users\Mechrevo\.cargo\registry\src\index.crates.io-1949cf8c6b5b557f\curve25519-dalek-5.0.0-pre.1\src\traits.r
s:130:12
    |
130 |         I: IntoIterator,
    |            ^^^^^^^^^^^^ not found in this scope
    |
help: consider importing this trait
    |
 16 + use core::iter::IntoIterator;
    |

error[E0405]: cannot find trait `IntoIterator` in this scope
   --> C:\Users\Mechrevo\.cargo\registry\src\index.crates.io-1949cf8c6b5b557f\curve25519-dalek-5.0.0-pre.1\src\traits.r
s:132:12
    |
132 |         J: IntoIterator,
    |            ^^^^^^^^^^^^ not found in this scope
    |
help: consider importing this trait
    |
 16 + use core::iter::IntoIterator;
    |

error[E0405]: cannot find trait `IntoIterator` in this scope
   --> C:\Users\Mechrevo\.cargo\registry\src\index.crates.io-1949cf8c6b5b557f\curve25519-dalek-5.0.0-pre.1\src\traits.r
s:198:12
    |
198 |         I: IntoIterator,
    |            ^^^^^^^^^^^^ not found in this scope
    |
help: consider importing this trait
    |
 16 + use core::iter::IntoIterator;
    |

error[E0405]: cannot find trait `IntoIterator` in this scope
   --> C:\Users\Mechrevo\.cargo\registry\src\index.crates.io-1949cf8c6b5b557f\curve25519-dalek-5.0.0-pre.1\src\traits.r
s:200:12
    |
200 |         J: IntoIterator<Item = Option<Self::Point>>;
    |            ^^^^^^^^^^^^ not found in this scope
    |
help: consider importing this trait
    |
 16 + use core::iter::IntoIterator;
    |

error[E0412]: cannot find type `Option` in this scope
   --> C:\Users\Mechrevo\.cargo\registry\src\index.crates.io-1949cf8c6b5b557f\curve25519-dalek-5.0.0-pre.1\src\traits.r
s:200:32
    |
200 |         J: IntoIterator<Item = Option<Self::Point>>;
    |                                ^^^^^^ not found in this scope
    |
help: consider importing this enum
    |
 16 + use core::option::Option;
    |

error[E0412]: cannot find type `Option` in this scope
   --> C:\Users\Mechrevo\.cargo\registry\src\index.crates.io-1949cf8c6b5b557f\curve25519-dalek-5.0.0-pre.1\src\traits.r
s:196:65
    |
196 |     fn optional_multiscalar_mul<I, J>(scalars: I, points: J) -> Option<Self::Point>
    |                                                                 ^^^^^^ not found in this scope
    |
help: consider importing this enum
    |
 16 + use core::option::Option;
    |

error[E0405]: cannot find trait `IntoIterator` in this scope
   --> C:\Users\Mechrevo\.cargo\registry\src\index.crates.io-1949cf8c6b5b557f\curve25519-dalek-5.0.0-pre.1\src\traits.r
s:251:12
    |
251 |         I: IntoIterator,
    |            ^^^^^^^^^^^^ not found in this scope
    |
help: consider importing this trait
    |
 16 + use core::iter::IntoIterator;
    |

error[E0405]: cannot find trait `IntoIterator` in this scope
   --> C:\Users\Mechrevo\.cargo\registry\src\index.crates.io-1949cf8c6b5b557f\curve25519-dalek-5.0.0-pre.1\src\traits.r
s:253:12
    |
253 |         J: IntoIterator,
    |            ^^^^^^^^^^^^ not found in this scope
    |
help: consider importing this trait
    |
 16 + use core::iter::IntoIterator;
    |

error[E0405]: cannot find trait `Clone` in this scope
   --> C:\Users\Mechrevo\.cargo\registry\src\index.crates.io-1949cf8c6b5b557f\curve25519-dalek-5.0.0-pre.1\src\traits.r
s:255:22
    |
255 |         Self::Point: Clone,
    |                      ^^^^^ not found in this scope
    |
help: consider importing this trait
    |
 16 + use core::clone::Clone;
    |

error[E0425]: cannot find function, tuple struct or tuple variant `Some` in this scope
   --> C:\Users\Mechrevo\.cargo\registry\src\index.crates.io-1949cf8c6b5b557f\curve25519-dalek-5.0.0-pre.1\src\traits.r
s:259:40
    |
259 |             points.into_iter().map(|P| Some(P.borrow().clone())),
    |                                        ^^^^ not found in this scope
    |
help: consider importing this tuple variant
    |
 16 + use core::option::Option::Some;
    |

error[E0405]: cannot find trait `Sized` in this scope
   --> C:\Users\Mechrevo\.cargo\registry\src\index.crates.io-1949cf8c6b5b557f\curve25519-dalek-5.0.0-pre.1\src\traits.r
s:291:45
    |
291 | pub trait VartimePrecomputedMultiscalarMul: Sized {
    |                                             ^^^^^ not found in this scope
    |
help: consider importing this trait
    |
 16 + use core::marker::Sized;
    |

error[E0405]: cannot find trait `Clone` in this scope
   --> C:\Users\Mechrevo\.cargo\registry\src\index.crates.io-1949cf8c6b5b557f\curve25519-dalek-5.0.0-pre.1\src\traits.r
s:293:17
    |
293 |     type Point: Clone;
    |                 ^^^^^ not found in this scope
    |
help: consider importing this trait
    |
 16 + use core::clone::Clone;
    |

error[E0405]: cannot find trait `IntoIterator` in this scope
   --> C:\Users\Mechrevo\.cargo\registry\src\index.crates.io-1949cf8c6b5b557f\curve25519-dalek-5.0.0-pre.1\src\traits.r
s:299:12
    |
299 |         I: IntoIterator,
    |            ^^^^^^^^^^^^ not found in this scope
    |
help: consider importing this trait
    |
 16 + use core::iter::IntoIterator;
    |

error[E0405]: cannot find trait `IntoIterator` in this scope
   --> C:\Users\Mechrevo\.cargo\registry\src\index.crates.io-1949cf8c6b5b557f\curve25519-dalek-5.0.0-pre.1\src\traits.r
s:326:12
    |
326 |         I: IntoIterator,
    |            ^^^^^^^^^^^^ not found in this scope
    |
help: consider importing this trait
    |
 16 + use core::iter::IntoIterator;
    |

error[E0405]: cannot find trait `IntoIterator` in this scope
   --> C:\Users\Mechrevo\.cargo\registry\src\index.crates.io-1949cf8c6b5b557f\curve25519-dalek-5.0.0-pre.1\src\traits.r
s:365:12
    |
365 |         I: IntoIterator,
    |            ^^^^^^^^^^^^ not found in this scope
    |
help: consider importing this trait
    |
 16 + use core::iter::IntoIterator;
    |

error[E0405]: cannot find trait `IntoIterator` in this scope
   --> C:\Users\Mechrevo\.cargo\registry\src\index.crates.io-1949cf8c6b5b557f\curve25519-dalek-5.0.0-pre.1\src\traits.r
s:367:12
    |
367 |         J: IntoIterator,
    |            ^^^^^^^^^^^^ not found in this scope
    |
help: consider importing this trait
    |
 16 + use core::iter::IntoIterator;
    |

error[E0405]: cannot find trait `IntoIterator` in this scope
   --> C:\Users\Mechrevo\.cargo\registry\src\index.crates.io-1949cf8c6b5b557f\curve25519-dalek-5.0.0-pre.1\src\traits.r
s:369:12
    |
369 |         K: IntoIterator,
    |            ^^^^^^^^^^^^ not found in this scope
    |
help: consider importing this trait
    |
 16 + use core::iter::IntoIterator;
    |

error[E0425]: cannot find function, tuple struct or tuple variant `Some` in this scope
   --> C:\Users\Mechrevo\.cargo\registry\src\index.crates.io-1949cf8c6b5b557f\curve25519-dalek-5.0.0-pre.1\src\traits.r
s:376:48
    |
376 |             dynamic_points.into_iter().map(|P| Some(P.borrow().clone())),
    |                                                ^^^^ not found in this scope
    |
help: consider importing this tuple variant
    |
 16 + use core::option::Option::Some;
    |

error[E0405]: cannot find trait `IntoIterator` in this scope
   --> C:\Users\Mechrevo\.cargo\registry\src\index.crates.io-1949cf8c6b5b557f\curve25519-dalek-5.0.0-pre.1\src\traits.r
s:409:12
    |
409 |         I: IntoIterator,
    |            ^^^^^^^^^^^^ not found in this scope
    |
help: consider importing this trait
    |
 16 + use core::iter::IntoIterator;
    |

error[E0405]: cannot find trait `IntoIterator` in this scope
   --> C:\Users\Mechrevo\.cargo\registry\src\index.crates.io-1949cf8c6b5b557f\curve25519-dalek-5.0.0-pre.1\src\traits.r
s:411:12
    |
411 |         J: IntoIterator,
    |            ^^^^^^^^^^^^ not found in this scope
    |
help: consider importing this trait
    |
 16 + use core::iter::IntoIterator;
    |

error[E0405]: cannot find trait `IntoIterator` in this scope
   --> C:\Users\Mechrevo\.cargo\registry\src\index.crates.io-1949cf8c6b5b557f\curve25519-dalek-5.0.0-pre.1\src\traits.r
s:413:12
    |
413 |         K: IntoIterator<Item = Option<Self::Point>>;
    |            ^^^^^^^^^^^^ not found in this scope
    |
help: consider importing this trait
    |
 16 + use core::iter::IntoIterator;
    |

error[E0412]: cannot find type `Option` in this scope
   --> C:\Users\Mechrevo\.cargo\registry\src\index.crates.io-1949cf8c6b5b557f\curve25519-dalek-5.0.0-pre.1\src\traits.r
s:413:32
    |
413 |         K: IntoIterator<Item = Option<Self::Point>>;
    |                                ^^^^^^ not found in this scope
    |
help: consider importing this enum
    |
 16 + use core::option::Option;
    |

error[E0412]: cannot find type `Option` in this scope
   --> C:\Users\Mechrevo\.cargo\registry\src\index.crates.io-1949cf8c6b5b557f\curve25519-dalek-5.0.0-pre.1\src\traits.r
s:407:10
    |
407 |     ) -> Option<Self::Point>
    |          ^^^^^^ not found in this scope
    |
help: consider importing this enum
    |
 16 + use core::option::Option;
    |

error[E0405]: cannot find trait `Eq` in this scope
  --> C:\Users\Mechrevo\.cargo\registry\src\index.crates.io-1949cf8c6b5b557f\curve25519-dalek-5.0.0-pre.1\src\field.rs:
84:6
   |
84 | impl Eq for FieldElement {}
   |      ^^ not found in this scope
   |
help: consider importing this trait
   |
28 + use core::cmp::Eq;
   |

error[E0405]: cannot find trait `PartialEq` in this scope
  --> C:\Users\Mechrevo\.cargo\registry\src\index.crates.io-1949cf8c6b5b557f\curve25519-dalek-5.0.0-pre.1\src\field.rs:
86:6
   |
86 | impl PartialEq for FieldElement {
   |      ^^^^^^^^^ not found in this scope
   |
help: consider importing this trait
   |
28 + use core::cmp::PartialEq;
   |

error[E0405]: cannot find trait `Default` in this scope
   --> C:\Users\Mechrevo\.cargo\registry\src\index.crates.io-1949cf8c6b5b557f\curve25519-dalek-5.0.0-pre.1\src\field.rs
:374:28
    |
374 |         D: BlockSizeUser + Default + FixedOutput<OutputSize = U64> + HashMarker,
    |                            ^^^^^^^ not found in this scope
    |
help: consider importing this trait
    |
 28 + use core::default::Default;
    |

error[E0405]: cannot find trait `Default` in this scope
   --> C:\Users\Mechrevo\.cargo\registry\src\index.crates.io-1949cf8c6b5b557f\curve25519-dalek-5.0.0-pre.1\src\field.rs
:419:24
    |
419 |     D: BlockSizeUser + Default + FixedOutput + HashMarker,
    |                        ^^^^^^^ not found in this scope
    |
help: consider importing this trait
    |
 28 + use core::default::Default;
    |

error[E0405]: cannot find trait `Default` in this scope
   --> C:\Users\Mechrevo\.cargo\registry\src\index.crates.io-1949cf8c6b5b557f\curve25519-dalek-5.0.0-pre.1\src\backend\
serial\curve_models\mod.rs:250:6
    |
250 | impl Default for ProjectiveNielsPoint {
    |      ^^^^^^^ not found in this scope
    |
help: consider importing this trait
    |
126 + use core::default::Default;
    |

error[E0405]: cannot find trait `Default` in this scope
   --> C:\Users\Mechrevo\.cargo\registry\src\index.crates.io-1949cf8c6b5b557f\curve25519-dalek-5.0.0-pre.1\src\backend\
serial\curve_models\mod.rs:266:6
    |
266 | impl Default for AffineNielsPoint {
    |      ^^^^^^^ not found in this scope
    |
help: consider importing this trait
    |
126 + use core::default::Default;
    |

error[E0405]: cannot find trait `IntoIterator` in this scope
   --> C:\Users\Mechrevo\.cargo\registry\src\index.crates.io-1949cf8c6b5b557f\curve25519-dalek-5.0.0-pre.1\src\backend\
serial\scalar_mul\straus.rs:105:12
    |
105 |         I: IntoIterator,
    |            ^^^^^^^^^^^^ not found in this scope
    |
help: consider importing this trait
    |
 16 + use core::iter::IntoIterator;
    |

error[E0405]: cannot find trait `IntoIterator` in this scope
   --> C:\Users\Mechrevo\.cargo\registry\src\index.crates.io-1949cf8c6b5b557f\curve25519-dalek-5.0.0-pre.1\src\backend\
serial\scalar_mul\straus.rs:107:12
    |
107 |         J: IntoIterator,
    |            ^^^^^^^^^^^^ not found in this scope
    |
help: consider importing this trait
    |
 16 + use core::iter::IntoIterator;
    |

error[E0405]: cannot find trait `IntoIterator` in this scope
   --> C:\Users\Mechrevo\.cargo\registry\src\index.crates.io-1949cf8c6b5b557f\curve25519-dalek-5.0.0-pre.1\src\backend\
serial\scalar_mul\straus.rs:161:12
    |
161 |         I: IntoIterator,
    |            ^^^^^^^^^^^^ not found in this scope
    |
help: consider importing this trait
    |
 16 + use core::iter::IntoIterator;
    |

error[E0405]: cannot find trait `IntoIterator` in this scope
   --> C:\Users\Mechrevo\.cargo\registry\src\index.crates.io-1949cf8c6b5b557f\curve25519-dalek-5.0.0-pre.1\src\backend\
serial\scalar_mul\straus.rs:163:12
    |
163 |         J: IntoIterator<Item = Option<EdwardsPoint>>,
    |            ^^^^^^^^^^^^ not found in this scope
    |
help: consider importing this trait
    |
 16 + use core::iter::IntoIterator;
    |

error[E0412]: cannot find type `Option` in this scope
   --> C:\Users\Mechrevo\.cargo\registry\src\index.crates.io-1949cf8c6b5b557f\curve25519-dalek-5.0.0-pre.1\src\backend\
serial\scalar_mul\straus.rs:163:32
    |
163 |         J: IntoIterator<Item = Option<EdwardsPoint>>,
    |                                ^^^^^^ not found in this scope
    |
help: consider importing this enum
    |
 16 + use core::option::Option;
    |

error[E0412]: cannot find type `Option` in this scope
   --> C:\Users\Mechrevo\.cargo\registry\src\index.crates.io-1949cf8c6b5b557f\curve25519-dalek-5.0.0-pre.1\src\backend\
serial\scalar_mul\straus.rs:159:65
    |
159 |     fn optional_multiscalar_mul<I, J>(scalars: I, points: J) -> Option<EdwardsPoint>
    |                                                                 ^^^^^^ not found in this scope
    |
help: consider importing this enum
    |
 16 + use core::option::Option;
    |

error[E0412]: cannot find type `Option` in this scope
   --> C:\Users\Mechrevo\.cargo\registry\src\index.crates.io-1949cf8c6b5b557f\curve25519-dalek-5.0.0-pre.1\src\backend\
serial\scalar_mul\straus.rs:179:24
    |
179 |             .collect::<Option<Vec<_>>>()?;
    |                        ^^^^^^ not found in this scope
    |
help: consider importing this enum
    |
 16 + use core::option::Option;
    |

error[E0425]: cannot find function, tuple struct or tuple variant `Some` in this scope
   --> C:\Users\Mechrevo\.cargo\registry\src\index.crates.io-1949cf8c6b5b557f\curve25519-dalek-5.0.0-pre.1\src\backend\
serial\scalar_mul\straus.rs:199:9
    |
199 |         Some(r.as_extended())
    |         ^^^^ not found in this scope
    |
help: consider importing this tuple variant
    |
 16 + use core::option::Option::Some;
    |

error[E0405]: cannot find trait `IntoIterator` in this scope
  --> C:\Users\Mechrevo\.cargo\registry\src\index.crates.io-1949cf8c6b5b557f\curve25519-dalek-5.0.0-pre.1\src\backend\s
erial\scalar_mul\precomputed_straus.rs:38:12
   |
38 |         I: IntoIterator,
   |            ^^^^^^^^^^^^ not found in this scope
   |
help: consider importing this trait
   |
14 + use core::iter::IntoIterator;
   |

error[E0405]: cannot find trait `IntoIterator` in this scope
  --> C:\Users\Mechrevo\.cargo\registry\src\index.crates.io-1949cf8c6b5b557f\curve25519-dalek-5.0.0-pre.1\src\backend\s
erial\scalar_mul\precomputed_straus.rs:64:12
   |
64 |         I: IntoIterator,
   |            ^^^^^^^^^^^^ not found in this scope
   |
help: consider importing this trait
   |
14 + use core::iter::IntoIterator;
   |

error[E0405]: cannot find trait `IntoIterator` in this scope
  --> C:\Users\Mechrevo\.cargo\registry\src\index.crates.io-1949cf8c6b5b557f\curve25519-dalek-5.0.0-pre.1\src\backend\s
erial\scalar_mul\precomputed_straus.rs:66:12
   |
66 |         J: IntoIterator,
   |            ^^^^^^^^^^^^ not found in this scope
   |
help: consider importing this trait
   |
14 + use core::iter::IntoIterator;
   |

error[E0405]: cannot find trait `IntoIterator` in this scope
  --> C:\Users\Mechrevo\.cargo\registry\src\index.crates.io-1949cf8c6b5b557f\curve25519-dalek-5.0.0-pre.1\src\backend\s
erial\scalar_mul\precomputed_straus.rs:68:12
   |
68 |         K: IntoIterator<Item = Option<Self::Point>>,
   |            ^^^^^^^^^^^^ not found in this scope
   |
help: consider importing this trait
   |
14 + use core::iter::IntoIterator;
   |

error[E0412]: cannot find type `Option` in this scope
  --> C:\Users\Mechrevo\.cargo\registry\src\index.crates.io-1949cf8c6b5b557f\curve25519-dalek-5.0.0-pre.1\src\backend\s
erial\scalar_mul\precomputed_straus.rs:68:32
   |
68 |         K: IntoIterator<Item = Option<Self::Point>>,
   |                                ^^^^^^ not found in this scope
   |
help: consider importing this enum
   |
14 + use core::option::Option;
   |

error[E0412]: cannot find type `Option` in this scope
  --> C:\Users\Mechrevo\.cargo\registry\src\index.crates.io-1949cf8c6b5b557f\curve25519-dalek-5.0.0-pre.1\src\backend\s
erial\scalar_mul\precomputed_straus.rs:62:10
   |
62 |     ) -> Option<Self::Point>
   |          ^^^^^^ not found in this scope
   |
help: consider importing this enum
   |
14 + use core::option::Option;
   |

error[E0412]: cannot find type `Option` in this scope
  --> C:\Users\Mechrevo\.cargo\registry\src\index.crates.io-1949cf8c6b5b557f\curve25519-dalek-5.0.0-pre.1\src\backend\s
erial\scalar_mul\precomputed_straus.rs:82:24
   |
82 |             .collect::<Option<Vec<_>>>()?;
   |                        ^^^^^^ not found in this scope
   |
help: consider importing this enum
   |
14 + use core::option::Option;
   |

error[E0425]: cannot find function, tuple struct or tuple variant `Some` in this scope
   --> C:\Users\Mechrevo\.cargo\registry\src\index.crates.io-1949cf8c6b5b557f\curve25519-dalek-5.0.0-pre.1\src\backend\
serial\scalar_mul\precomputed_straus.rs:126:9
    |
126 |         Some(S.as_extended())
    |         ^^^^ not found in this scope
    |
help: consider importing this tuple variant
    |
 14 + use core::option::Option::Some;
    |

error[E0405]: cannot find trait `IntoIterator` in this scope
  --> C:\Users\Mechrevo\.cargo\registry\src\index.crates.io-1949cf8c6b5b557f\curve25519-dalek-5.0.0-pre.1\src\backend\s
erial\scalar_mul\pippenger.rs:69:12
   |
69 |         I: IntoIterator,
   |            ^^^^^^^^^^^^ not found in this scope
   |
help: consider importing this trait
   |
14 + use core::iter::IntoIterator;
   |

error[E0405]: cannot find trait `IntoIterator` in this scope
  --> C:\Users\Mechrevo\.cargo\registry\src\index.crates.io-1949cf8c6b5b557f\curve25519-dalek-5.0.0-pre.1\src\backend\s
erial\scalar_mul\pippenger.rs:71:12
   |
71 |         J: IntoIterator<Item = Option<EdwardsPoint>>,
   |            ^^^^^^^^^^^^ not found in this scope
   |
help: consider importing this trait
   |
14 + use core::iter::IntoIterator;
   |

error[E0412]: cannot find type `Option` in this scope
  --> C:\Users\Mechrevo\.cargo\registry\src\index.crates.io-1949cf8c6b5b557f\curve25519-dalek-5.0.0-pre.1\src\backend\s
erial\scalar_mul\pippenger.rs:71:32
   |
71 |         J: IntoIterator<Item = Option<EdwardsPoint>>,
   |                                ^^^^^^ not found in this scope
   |
help: consider importing this enum
   |
14 + use core::option::Option;
   |

error[E0412]: cannot find type `Option` in this scope
  --> C:\Users\Mechrevo\.cargo\registry\src\index.crates.io-1949cf8c6b5b557f\curve25519-dalek-5.0.0-pre.1\src\backend\s
erial\scalar_mul\pippenger.rs:67:65
   |
67 |     fn optional_multiscalar_mul<I, J>(scalars: I, points: J) -> Option<EdwardsPoint>
   |                                                                 ^^^^^^ not found in this scope
   |
help: consider importing this enum
   |
14 + use core::option::Option;
   |

error[E0412]: cannot find type `Option` in this scope
   --> C:\Users\Mechrevo\.cargo\registry\src\index.crates.io-1949cf8c6b5b557f\curve25519-dalek-5.0.0-pre.1\src\backend\
serial\scalar_mul\pippenger.rs:104:24
    |
104 |             .collect::<Option<Vec<_>>>()?;
    |                        ^^^^^^ not found in this scope
    |
help: consider importing this enum
    |
 14 + use core::option::Option;
    |

error[E0425]: cannot find function, tuple struct or tuple variant `Some` in this scope
   --> C:\Users\Mechrevo\.cargo\registry\src\index.crates.io-1949cf8c6b5b557f\curve25519-dalek-5.0.0-pre.1\src\backend\
serial\scalar_mul\pippenger.rs:159:9
    |
159 |         Some(columns.fold(hi_column, |total, p| total.mul_by_pow_2(w as u32) + p))
    |         ^^^^ not found in this scope
    |
help: consider importing this tuple variant
    |
 14 + use core::option::Option::Some;
    |

error[E0405]: cannot find trait `From` in this scope
   --> C:\Users\Mechrevo\.cargo\registry\src\index.crates.io-1949cf8c6b5b557f\curve25519-dalek-5.0.0-pre.1\src\backend\
vector\packed_simd.rs:37:14
    |
 37 |           impl From<$ty> for core::arch::x86_64::__m256i {
    |                ^^^^ not found in this scope
...
218 | / impl_shared!(
219 | |     u64x4,
220 | |     u64,
221 | |     _mm256_add_epi64,
...   |
225 | |     _mm256_extract_epi64
226 | | );
    | |_- in this macro invocation
    |
    = note: this error originates in the macro `impl_shared` (in Nightly builds, run with -Z macro-backtrace for more i
nfo)
help: consider importing this trait
    |
 17 + use core::convert::From;
    |

error[E0405]: cannot find trait `From` in this scope
   --> C:\Users\Mechrevo\.cargo\registry\src\index.crates.io-1949cf8c6b5b557f\curve25519-dalek-5.0.0-pre.1\src\backend\
vector\packed_simd.rs:45:14
    |
 45 |           impl From<core::arch::x86_64::__m256i> for $ty {
    |                ^^^^ not found in this scope
...
218 | / impl_shared!(
219 | |     u64x4,
220 | |     u64,
221 | |     _mm256_add_epi64,
...   |
225 | |     _mm256_extract_epi64
226 | | );
    | |_- in this macro invocation
    |
    = note: this error originates in the macro `impl_shared` (in Nightly builds, run with -Z macro-backtrace for more i
nfo)
help: consider importing this trait
    |
 17 + use core::convert::From;
    |

error[E0405]: cannot find trait `PartialEq` in this scope
   --> C:\Users\Mechrevo\.cargo\registry\src\index.crates.io-1949cf8c6b5b557f\curve25519-dalek-5.0.0-pre.1\src\backend\
vector\packed_simd.rs:53:14
    |
 53 |           impl PartialEq for $ty {
    |                ^^^^^^^^^ not found in this scope
...
218 | / impl_shared!(
219 | |     u64x4,
220 | |     u64,
221 | |     _mm256_add_epi64,
...   |
225 | |     _mm256_extract_epi64
226 | | );
    | |_- in this macro invocation
    |
    = note: this error originates in the macro `impl_shared` (in Nightly builds, run with -Z macro-backtrace for more i
nfo)
help: consider importing this trait
    |
 17 + use core::cmp::PartialEq;
    |

error[E0405]: cannot find trait `Eq` in this scope
   --> C:\Users\Mechrevo\.cargo\registry\src\index.crates.io-1949cf8c6b5b557f\curve25519-dalek-5.0.0-pre.1\src\backend\
vector\packed_simd.rs:83:14
    |
 83 |           impl Eq for $ty {}
    |                ^^ not found in this scope
...
218 | / impl_shared!(
219 | |     u64x4,
220 | |     u64,
221 | |     _mm256_add_epi64,
...   |
225 | |     _mm256_extract_epi64
226 | | );
    | |_- in this macro invocation
    |
    = note: this error originates in the macro `impl_shared` (in Nightly builds, run with -Z macro-backtrace for more i
nfo)
help: consider importing this trait
    |
 17 + use core::cmp::Eq;
    |

error[E0405]: cannot find trait `From` in this scope
   --> C:\Users\Mechrevo\.cargo\registry\src\index.crates.io-1949cf8c6b5b557f\curve25519-dalek-5.0.0-pre.1\src\backend\
vector\packed_simd.rs:37:14
    |
 37 |           impl From<$ty> for core::arch::x86_64::__m256i {
    |                ^^^^ not found in this scope
...
227 | / impl_shared!(
228 | |     u32x8,
229 | |     u32,
230 | |     _mm256_add_epi32,
...   |
234 | |     _mm256_extract_epi32
235 | | );
    | |_- in this macro invocation
    |
    = note: this error originates in the macro `impl_shared` (in Nightly builds, run with -Z macro-backtrace for more i
nfo)
help: consider importing this trait
    |
 17 + use core::convert::From;
    |

error[E0405]: cannot find trait `From` in this scope
   --> C:\Users\Mechrevo\.cargo\registry\src\index.crates.io-1949cf8c6b5b557f\curve25519-dalek-5.0.0-pre.1\src\backend\
vector\packed_simd.rs:45:14
    |
 45 |           impl From<core::arch::x86_64::__m256i> for $ty {
    |                ^^^^ not found in this scope
...
227 | / impl_shared!(
228 | |     u32x8,
229 | |     u32,
230 | |     _mm256_add_epi32,
...   |
234 | |     _mm256_extract_epi32
235 | | );
    | |_- in this macro invocation
    |
    = note: this error originates in the macro `impl_shared` (in Nightly builds, run with -Z macro-backtrace for more i
nfo)
help: consider importing this trait
    |
 17 + use core::convert::From;
    |

error[E0405]: cannot find trait `PartialEq` in this scope
   --> C:\Users\Mechrevo\.cargo\registry\src\index.crates.io-1949cf8c6b5b557f\curve25519-dalek-5.0.0-pre.1\src\backend\
vector\packed_simd.rs:53:14
    |
 53 |           impl PartialEq for $ty {
    |                ^^^^^^^^^ not found in this scope
...
227 | / impl_shared!(
228 | |     u32x8,
229 | |     u32,
230 | |     _mm256_add_epi32,
...   |
234 | |     _mm256_extract_epi32
235 | | );
    | |_- in this macro invocation
    |
    = note: this error originates in the macro `impl_shared` (in Nightly builds, run with -Z macro-backtrace for more i
nfo)
help: consider importing this trait
    |
 17 + use core::cmp::PartialEq;
    |

error[E0405]: cannot find trait `Eq` in this scope
   --> C:\Users\Mechrevo\.cargo\registry\src\index.crates.io-1949cf8c6b5b557f\curve25519-dalek-5.0.0-pre.1\src\backend\
vector\packed_simd.rs:83:14
    |
 83 |           impl Eq for $ty {}
    |                ^^ not found in this scope
...
227 | / impl_shared!(
228 | |     u32x8,
229 | |     u32,
230 | |     _mm256_add_epi32,
...   |
234 | |     _mm256_extract_epi32
235 | | );
    | |_- in this macro invocation
    |
    = note: this error originates in the macro `impl_shared` (in Nightly builds, run with -Z macro-backtrace for more i
nfo)
help: consider importing this trait
    |
 17 + use core::cmp::Eq;
    |

error[E0405]: cannot find trait `From` in this scope
   --> C:\Users\Mechrevo\.cargo\registry\src\index.crates.io-1949cf8c6b5b557f\curve25519-dalek-5.0.0-pre.1\src\backend\
vector\packed_simd.rs:177:18
    |
177 |             impl From<$src> for $dst {
    |                  ^^^^ not found in this scope
...
237 | impl_conv!(u64x4 => u32x8);
    | -------------------------- in this macro invocation
    |
    = note: this error originates in the macro `impl_conv` (in Nightly builds, run with -Z macro-backtrace for more inf
o)
help: consider importing this trait
    |
 17 + use core::convert::From;
    |

error[E0405]: cannot find trait `From` in this scope
  --> C:\Users\Mechrevo\.cargo\registry\src\index.crates.io-1949cf8c6b5b557f\curve25519-dalek-5.0.0-pre.1\src\backend\v
ector\avx2\edwards.rs:67:6
   |
67 | impl From<edwards::EdwardsPoint> for ExtendedPoint {
   |      ^^^^ not found in this scope
   |
help: consider importing this trait
   |
38 + use core::convert::From;
   |

error[E0405]: cannot find trait `From` in this scope
  --> C:\Users\Mechrevo\.cargo\registry\src\index.crates.io-1949cf8c6b5b557f\curve25519-dalek-5.0.0-pre.1\src\backend\v
ector\avx2\edwards.rs:74:6
   |
74 | impl From<ExtendedPoint> for edwards::EdwardsPoint {
   |      ^^^^ not found in this scope
   |
help: consider importing this trait
   |
38 + use core::convert::From;
   |

error[E0405]: cannot find trait `Default` in this scope
  --> C:\Users\Mechrevo\.cargo\registry\src\index.crates.io-1949cf8c6b5b557f\curve25519-dalek-5.0.0-pre.1\src\backend\v
ector\avx2\edwards.rs:98:6
   |
98 | impl Default for ExtendedPoint {
   |      ^^^^^^^ not found in this scope
   |
help: consider importing this trait
   |
38 + use core::default::Default;
   |

error[E0405]: cannot find trait `From` in this scope
   --> C:\Users\Mechrevo\.cargo\registry\src\index.crates.io-1949cf8c6b5b557f\curve25519-dalek-5.0.0-pre.1\src\backend\
vector\avx2\edwards.rs:198:6
    |
198 | impl From<ExtendedPoint> for CachedPoint {
    |      ^^^^ not found in this scope
    |
help: consider importing this trait
    |
 38 + use core::convert::From;
    |

error[E0405]: cannot find trait `Default` in this scope
   --> C:\Users\Mechrevo\.cargo\registry\src\index.crates.io-1949cf8c6b5b557f\curve25519-dalek-5.0.0-pre.1\src\backend\
vector\avx2\edwards.rs:217:6
    |
217 | impl Default for CachedPoint {
    |      ^^^^^^^ not found in this scope
    |
help: consider importing this trait
    |
 38 + use core::default::Default;
    |

error[E0405]: cannot find trait `From` in this scope
   --> C:\Users\Mechrevo\.cargo\registry\src\index.crates.io-1949cf8c6b5b557f\curve25519-dalek-5.0.0-pre.1\src\backend\
vector\avx2\edwards.rs:309:6
    |
309 | impl From<&edwards::EdwardsPoint> for LookupTable<CachedPoint> {
    |      ^^^^ not found in this scope
    |
help: consider importing this trait
    |
 38 + use core::convert::From;
    |

error[E0405]: cannot find trait `From` in this scope
   --> C:\Users\Mechrevo\.cargo\registry\src\index.crates.io-1949cf8c6b5b557f\curve25519-dalek-5.0.0-pre.1\src\backend\
vector\avx2\edwards.rs:321:6
    |
321 | impl From<&edwards::EdwardsPoint> for NafLookupTable5<CachedPoint> {
    |      ^^^^ not found in this scope
    |
help: consider importing this trait
    |
 38 + use core::convert::From;
    |

error[E0405]: cannot find trait `From` in this scope
   --> C:\Users\Mechrevo\.cargo\registry\src\index.crates.io-1949cf8c6b5b557f\curve25519-dalek-5.0.0-pre.1\src\backend\
vector\avx2\edwards.rs:336:6
    |
336 | impl From<&edwards::EdwardsPoint> for NafLookupTable8<CachedPoint> {
    |      ^^^^ not found in this scope
    |
help: consider importing this trait
    |
 38 + use core::convert::From;
    |

error[E0405]: cannot find trait `IntoIterator` in this scope
  --> C:\Users\Mechrevo\.cargo\registry\src\index.crates.io-1949cf8c6b5b557f\curve25519-dalek-5.0.0-pre.1\src\backend\v
ector\scalar_mul\straus.rs:57:16
   |
57 |             I: IntoIterator,
   |                ^^^^^^^^^^^^ not found in this scope
   |
help: consider importing this trait
   |
23 +     use core::iter::IntoIterator;
   |

error[E0405]: cannot find trait `IntoIterator` in this scope
  --> C:\Users\Mechrevo\.cargo\registry\src\index.crates.io-1949cf8c6b5b557f\curve25519-dalek-5.0.0-pre.1\src\backend\v
ector\scalar_mul\straus.rs:59:16
   |
59 |             J: IntoIterator,
   |                ^^^^^^^^^^^^ not found in this scope
   |
help: consider importing this trait
   |
23 +     use core::iter::IntoIterator;
   |

error[E0405]: cannot find trait `IntoIterator` in this scope
  --> C:\Users\Mechrevo\.cargo\registry\src\index.crates.io-1949cf8c6b5b557f\curve25519-dalek-5.0.0-pre.1\src\backend\v
ector\scalar_mul\straus.rs:95:16
   |
95 |             I: IntoIterator,
   |                ^^^^^^^^^^^^ not found in this scope
   |
help: consider importing this trait
   |
23 +     use core::iter::IntoIterator;
   |

error[E0405]: cannot find trait `IntoIterator` in this scope
  --> C:\Users\Mechrevo\.cargo\registry\src\index.crates.io-1949cf8c6b5b557f\curve25519-dalek-5.0.0-pre.1\src\backend\v
ector\scalar_mul\straus.rs:97:16
   |
97 |             J: IntoIterator<Item = Option<EdwardsPoint>>,
   |                ^^^^^^^^^^^^ not found in this scope
   |
help: consider importing this trait
   |
23 +     use core::iter::IntoIterator;
   |

error[E0412]: cannot find type `Option` in this scope
  --> C:\Users\Mechrevo\.cargo\registry\src\index.crates.io-1949cf8c6b5b557f\curve25519-dalek-5.0.0-pre.1\src\backend\v
ector\scalar_mul\straus.rs:97:36
   |
97 |             J: IntoIterator<Item = Option<EdwardsPoint>>,
   |                                    ^^^^^^ not found in this scope
   |
help: consider importing this enum
   |
23 +     use core::option::Option;
   |

error[E0412]: cannot find type `Option` in this scope
  --> C:\Users\Mechrevo\.cargo\registry\src\index.crates.io-1949cf8c6b5b557f\curve25519-dalek-5.0.0-pre.1\src\backend\v
ector\scalar_mul\straus.rs:93:69
   |
93 |         fn optional_multiscalar_mul<I, J>(scalars: I, points: J) -> Option<EdwardsPoint>
   |                                                                     ^^^^^^ not found in this scope
   |
help: consider importing this enum
   |
23 +     use core::option::Option;
   |

error[E0412]: cannot find type `Option` in this scope
   --> C:\Users\Mechrevo\.cargo\registry\src\index.crates.io-1949cf8c6b5b557f\curve25519-dalek-5.0.0-pre.1\src\backend\
vector\scalar_mul\straus.rs:106:28
    |
106 |                 .collect::<Option<Vec<_>>>()?;
    |                            ^^^^^^ not found in this scope
    |
help: consider importing this enum
    |
 23 +     use core::option::Option;
    |

error[E0425]: cannot find function, tuple struct or tuple variant `Some` in this scope
   --> C:\Users\Mechrevo\.cargo\registry\src\index.crates.io-1949cf8c6b5b557f\curve25519-dalek-5.0.0-pre.1\src\backend\
vector\scalar_mul\straus.rs:126:13
    |
126 |             Some(Q.into())
    |             ^^^^ not found in this scope
    |
help: consider importing this tuple variant
    |
 23 +     use core::option::Option::Some;
    |

error[E0405]: cannot find trait `IntoIterator` in this scope
  --> C:\Users\Mechrevo\.cargo\registry\src\index.crates.io-1949cf8c6b5b557f\curve25519-dalek-5.0.0-pre.1\src\backend\v
ector\scalar_mul\precomputed_straus.rs:49:16
   |
49 |             I: IntoIterator,
   |                ^^^^^^^^^^^^ not found in this scope
   |
help: consider importing this trait
   |
23 +     use core::iter::IntoIterator;
   |

error[E0405]: cannot find trait `IntoIterator` in this scope
  --> C:\Users\Mechrevo\.cargo\registry\src\index.crates.io-1949cf8c6b5b557f\curve25519-dalek-5.0.0-pre.1\src\backend\v
ector\scalar_mul\precomputed_straus.rs:75:16
   |
75 |             I: IntoIterator,
   |                ^^^^^^^^^^^^ not found in this scope
   |
help: consider importing this trait
   |
23 +     use core::iter::IntoIterator;
   |

error[E0405]: cannot find trait `IntoIterator` in this scope
  --> C:\Users\Mechrevo\.cargo\registry\src\index.crates.io-1949cf8c6b5b557f\curve25519-dalek-5.0.0-pre.1\src\backend\v
ector\scalar_mul\precomputed_straus.rs:77:16
   |
77 |             J: IntoIterator,
   |                ^^^^^^^^^^^^ not found in this scope
   |
help: consider importing this trait
   |
23 +     use core::iter::IntoIterator;
   |

error[E0405]: cannot find trait `IntoIterator` in this scope
  --> C:\Users\Mechrevo\.cargo\registry\src\index.crates.io-1949cf8c6b5b557f\curve25519-dalek-5.0.0-pre.1\src\backend\v
ector\scalar_mul\precomputed_straus.rs:79:16
   |
79 |             K: IntoIterator<Item = Option<EdwardsPoint>>,
   |                ^^^^^^^^^^^^ not found in this scope
   |
help: consider importing this trait
   |
23 +     use core::iter::IntoIterator;
   |

error[E0412]: cannot find type `Option` in this scope
  --> C:\Users\Mechrevo\.cargo\registry\src\index.crates.io-1949cf8c6b5b557f\curve25519-dalek-5.0.0-pre.1\src\backend\v
ector\scalar_mul\precomputed_straus.rs:79:36
   |
79 |             K: IntoIterator<Item = Option<EdwardsPoint>>,
   |                                    ^^^^^^ not found in this scope
   |
help: consider importing this enum
   |
23 +     use core::option::Option;
   |

error[E0412]: cannot find type `Option` in this scope
  --> C:\Users\Mechrevo\.cargo\registry\src\index.crates.io-1949cf8c6b5b557f\curve25519-dalek-5.0.0-pre.1\src\backend\v
ector\scalar_mul\precomputed_straus.rs:73:14
   |
73 |         ) -> Option<EdwardsPoint>
   |              ^^^^^^ not found in this scope
   |
help: consider importing this enum
   |
23 +     use core::option::Option;
   |

error[E0412]: cannot find type `Option` in this scope
  --> C:\Users\Mechrevo\.cargo\registry\src\index.crates.io-1949cf8c6b5b557f\curve25519-dalek-5.0.0-pre.1\src\backend\v
ector\scalar_mul\precomputed_straus.rs:93:28
   |
93 |                 .collect::<Option<Vec<_>>>()?;
   |                            ^^^^^^ not found in this scope
   |
help: consider importing this enum
   |
23 +     use core::option::Option;
   |

error[E0425]: cannot find function, tuple struct or tuple variant `Some` in this scope
   --> C:\Users\Mechrevo\.cargo\registry\src\index.crates.io-1949cf8c6b5b557f\curve25519-dalek-5.0.0-pre.1\src\backend\
vector\scalar_mul\precomputed_straus.rs:135:13
    |
135 |             Some(R.into())
    |             ^^^^ not found in this scope
    |
help: consider importing this tuple variant
    |
 23 +     use core::option::Option::Some;
    |

error[E0405]: cannot find trait `IntoIterator` in this scope
  --> C:\Users\Mechrevo\.cargo\registry\src\index.crates.io-1949cf8c6b5b557f\curve25519-dalek-5.0.0-pre.1\src\backend\v
ector\scalar_mul\pippenger.rs:46:16
   |
46 |             I: IntoIterator,
   |                ^^^^^^^^^^^^ not found in this scope
   |
help: consider importing this trait
   |
21 +     use core::iter::IntoIterator;
   |

error[E0405]: cannot find trait `IntoIterator` in this scope
  --> C:\Users\Mechrevo\.cargo\registry\src\index.crates.io-1949cf8c6b5b557f\curve25519-dalek-5.0.0-pre.1\src\backend\v
ector\scalar_mul\pippenger.rs:48:16
   |
48 |             J: IntoIterator<Item = Option<EdwardsPoint>>,
   |                ^^^^^^^^^^^^ not found in this scope
   |
help: consider importing this trait
   |
21 +     use core::iter::IntoIterator;
   |

error[E0412]: cannot find type `Option` in this scope
  --> C:\Users\Mechrevo\.cargo\registry\src\index.crates.io-1949cf8c6b5b557f\curve25519-dalek-5.0.0-pre.1\src\backend\v
ector\scalar_mul\pippenger.rs:48:36
   |
48 |             J: IntoIterator<Item = Option<EdwardsPoint>>,
   |                                    ^^^^^^ not found in this scope
   |
help: consider importing this enum
   |
21 +     use core::option::Option;
   |

error[E0412]: cannot find type `Option` in this scope
  --> C:\Users\Mechrevo\.cargo\registry\src\index.crates.io-1949cf8c6b5b557f\curve25519-dalek-5.0.0-pre.1\src\backend\v
ector\scalar_mul\pippenger.rs:44:69
   |
44 |         fn optional_multiscalar_mul<I, J>(scalars: I, points: J) -> Option<EdwardsPoint>
   |                                                                     ^^^^^^ not found in this scope
   |
help: consider importing this enum
   |
21 +     use core::option::Option;
   |

error[E0412]: cannot find type `Option` in this scope
  --> C:\Users\Mechrevo\.cargo\registry\src\index.crates.io-1949cf8c6b5b557f\curve25519-dalek-5.0.0-pre.1\src\backend\v
ector\scalar_mul\pippenger.rs:75:28
   |
75 |                 .collect::<Option<Vec<_>>>()?;
   |                            ^^^^^^ not found in this scope
   |
help: consider importing this enum
   |
21 +     use core::option::Option;
   |

error[E0425]: cannot find function, tuple struct or tuple variant `Some` in this scope
   --> C:\Users\Mechrevo\.cargo\registry\src\index.crates.io-1949cf8c6b5b557f\curve25519-dalek-5.0.0-pre.1\src\backend\
vector\scalar_mul\pippenger.rs:131:13
    |
131 |             Some(
    |             ^^^^ not found in this scope
    |
help: consider importing this tuple variant
    |
 21 +     use core::option::Option::Some;
    |

error[E0405]: cannot find trait `IntoIterator` in this scope
  --> C:\Users\Mechrevo\.cargo\registry\src\index.crates.io-1949cf8c6b5b557f\curve25519-dalek-5.0.0-pre.1\src\backend\m
od.rs:81:8
   |
81 |     I: IntoIterator,
   |        ^^^^^^^^^^^^ not found in this scope
   |
help: consider importing this trait
   |
37 + use core::iter::IntoIterator;
   |

error[E0405]: cannot find trait `IntoIterator` in this scope
  --> C:\Users\Mechrevo\.cargo\registry\src\index.crates.io-1949cf8c6b5b557f\curve25519-dalek-5.0.0-pre.1\src\backend\m
od.rs:83:8
   |
83 |     J: IntoIterator<Item = Option<EdwardsPoint>>,
   |        ^^^^^^^^^^^^ not found in this scope
   |
help: consider importing this trait
   |
37 + use core::iter::IntoIterator;
   |

error[E0412]: cannot find type `Option` in this scope
  --> C:\Users\Mechrevo\.cargo\registry\src\index.crates.io-1949cf8c6b5b557f\curve25519-dalek-5.0.0-pre.1\src\backend\m
od.rs:83:28
   |
83 |     J: IntoIterator<Item = Option<EdwardsPoint>>,
   |                            ^^^^^^ not found in this scope
   |
help: consider importing this enum
   |
37 + use core::option::Option;
   |

error[E0412]: cannot find type `Option` in this scope
  --> C:\Users\Mechrevo\.cargo\registry\src\index.crates.io-1949cf8c6b5b557f\curve25519-dalek-5.0.0-pre.1\src\backend\m
od.rs:79:75
   |
79 | pub fn pippenger_optional_multiscalar_mul<I, J>(scalars: I, points: J) -> Option<EdwardsPoint>
   |                                                                           ^^^^^^ not found in this scope
   |
help: consider importing this enum
   |
37 + use core::option::Option;
   |

error[E0405]: cannot find trait `IntoIterator` in this scope
   --> C:\Users\Mechrevo\.cargo\registry\src\index.crates.io-1949cf8c6b5b557f\curve25519-dalek-5.0.0-pre.1\src\backend\
mod.rs:114:12
    |
114 |         I: IntoIterator,
    |            ^^^^^^^^^^^^ not found in this scope
    |
help: consider importing this trait
    |
 37 + use core::iter::IntoIterator;
    |

error[E0405]: cannot find trait `IntoIterator` in this scope
   --> C:\Users\Mechrevo\.cargo\registry\src\index.crates.io-1949cf8c6b5b557f\curve25519-dalek-5.0.0-pre.1\src\backend\
mod.rs:164:12
    |
164 |         I: IntoIterator,
    |            ^^^^^^^^^^^^ not found in this scope
    |
help: consider importing this trait
    |
 37 + use core::iter::IntoIterator;
    |

error[E0405]: cannot find trait `IntoIterator` in this scope
   --> C:\Users\Mechrevo\.cargo\registry\src\index.crates.io-1949cf8c6b5b557f\curve25519-dalek-5.0.0-pre.1\src\backend\
mod.rs:166:12
    |
166 |         J: IntoIterator,
    |            ^^^^^^^^^^^^ not found in this scope
    |
help: consider importing this trait
    |
 37 + use core::iter::IntoIterator;
    |

error[E0405]: cannot find trait `IntoIterator` in this scope
   --> C:\Users\Mechrevo\.cargo\registry\src\index.crates.io-1949cf8c6b5b557f\curve25519-dalek-5.0.0-pre.1\src\backend\
mod.rs:168:12
    |
168 |         K: IntoIterator<Item = Option<EdwardsPoint>>,
    |            ^^^^^^^^^^^^ not found in this scope
    |
help: consider importing this trait
    |
 37 + use core::iter::IntoIterator;
    |

error[E0412]: cannot find type `Option` in this scope
   --> C:\Users\Mechrevo\.cargo\registry\src\index.crates.io-1949cf8c6b5b557f\curve25519-dalek-5.0.0-pre.1\src\backend\
mod.rs:168:32
    |
168 |         K: IntoIterator<Item = Option<EdwardsPoint>>,
    |                                ^^^^^^ not found in this scope
    |
help: consider importing this enum
    |
 37 + use core::option::Option;
    |

error[E0412]: cannot find type `Option` in this scope
   --> C:\Users\Mechrevo\.cargo\registry\src\index.crates.io-1949cf8c6b5b557f\curve25519-dalek-5.0.0-pre.1\src\backend\
mod.rs:162:10
    |
162 |     ) -> Option<EdwardsPoint>
    |          ^^^^^^ not found in this scope
    |
help: consider importing this enum
    |
 37 + use core::option::Option;
    |

error[E0405]: cannot find trait `IntoIterator` in this scope
   --> C:\Users\Mechrevo\.cargo\registry\src\index.crates.io-1949cf8c6b5b557f\curve25519-dalek-5.0.0-pre.1\src\backend\
mod.rs:198:8
    |
198 |     I: IntoIterator,
    |        ^^^^^^^^^^^^ not found in this scope
    |
help: consider importing this trait
    |
 37 + use core::iter::IntoIterator;
    |

error[E0405]: cannot find trait `IntoIterator` in this scope
   --> C:\Users\Mechrevo\.cargo\registry\src\index.crates.io-1949cf8c6b5b557f\curve25519-dalek-5.0.0-pre.1\src\backend\
mod.rs:200:8
    |
200 |     J: IntoIterator,
    |        ^^^^^^^^^^^^ not found in this scope
    |
help: consider importing this trait
    |
 37 + use core::iter::IntoIterator;
    |

error[E0405]: cannot find trait `IntoIterator` in this scope
   --> C:\Users\Mechrevo\.cargo\registry\src\index.crates.io-1949cf8c6b5b557f\curve25519-dalek-5.0.0-pre.1\src\backend\
mod.rs:226:8
    |
226 |     I: IntoIterator,
    |        ^^^^^^^^^^^^ not found in this scope
    |
help: consider importing this trait
    |
 37 + use core::iter::IntoIterator;
    |

error[E0405]: cannot find trait `IntoIterator` in this scope
   --> C:\Users\Mechrevo\.cargo\registry\src\index.crates.io-1949cf8c6b5b557f\curve25519-dalek-5.0.0-pre.1\src\backend\
mod.rs:228:8
    |
228 |     J: IntoIterator<Item = Option<EdwardsPoint>>,
    |        ^^^^^^^^^^^^ not found in this scope
    |
help: consider importing this trait
    |
 37 + use core::iter::IntoIterator;
    |

error[E0412]: cannot find type `Option` in this scope
   --> C:\Users\Mechrevo\.cargo\registry\src\index.crates.io-1949cf8c6b5b557f\curve25519-dalek-5.0.0-pre.1\src\backend\
mod.rs:228:28
    |
228 |     J: IntoIterator<Item = Option<EdwardsPoint>>,
    |                            ^^^^^^ not found in this scope
    |
help: consider importing this enum
    |
 37 + use core::option::Option;
    |

error[E0412]: cannot find type `Option` in this scope
   --> C:\Users\Mechrevo\.cargo\registry\src\index.crates.io-1949cf8c6b5b557f\curve25519-dalek-5.0.0-pre.1\src\backend\
mod.rs:224:72
    |
224 | pub fn straus_optional_multiscalar_mul<I, J>(scalars: I, points: J) -> Option<EdwardsPoint>
    |                                                                        ^^^^^^ not found in this scope
    |
help: consider importing this enum
    |
 37 + use core::option::Option;
    |

error[E0405]: cannot find trait `Default` in this scope
   --> C:\Users\Mechrevo\.cargo\registry\src\index.crates.io-1949cf8c6b5b557f\curve25519-dalek-5.0.0-pre.1\src\window.r
s:79:33
    |
 79 |           impl<T: Copy + Default> Default for $name<T> {
    |                                   ^^^^^^^ not found in this scope
...
132 | / impl_lookup_table! {
133 | |     Name = LookupTable,
134 | |     Size = 8,
135 | |     SizeNeg = -8,
136 | |     SizeRange = 1..9,
137 | |     ConversionRange = 0..7
138 | | }
    | |_- in this macro invocation
    |
    = note: this error originates in the macro `impl_lookup_table` (in Nightly builds, run with -Z macro-backtrace for 
more info)
help: consider importing this trait
    |
 16 + use core::default::Default;
    |

error[E0405]: cannot find trait `Copy` in this scope
   --> C:\Users\Mechrevo\.cargo\registry\src\index.crates.io-1949cf8c6b5b557f\curve25519-dalek-5.0.0-pre.1\src\window.r
s:79:17
    |
 79 |           impl<T: Copy + Default> Default for $name<T> {
    |                   ^^^^ not found in this scope
...
132 | / impl_lookup_table! {
133 | |     Name = LookupTable,
134 | |     Size = 8,
135 | |     SizeNeg = -8,
136 | |     SizeRange = 1..9,
137 | |     ConversionRange = 0..7
138 | | }
    | |_- in this macro invocation
    |
    = note: this error originates in the macro `impl_lookup_table` (in Nightly builds, run with -Z macro-backtrace for 
more info)
help: consider importing this trait
    |
 16 + use core::marker::Copy;
    |

error[E0405]: cannot find trait `Default` in this scope
   --> C:\Users\Mechrevo\.cargo\registry\src\index.crates.io-1949cf8c6b5b557f\curve25519-dalek-5.0.0-pre.1\src\window.r
s:79:24
    |
 79 |           impl<T: Copy + Default> Default for $name<T> {
    |                          ^^^^^^^ not found in this scope
...
132 | / impl_lookup_table! {
133 | |     Name = LookupTable,
134 | |     Size = 8,
135 | |     SizeNeg = -8,
136 | |     SizeRange = 1..9,
137 | |     ConversionRange = 0..7
138 | | }
    | |_- in this macro invocation
    |
    = note: this error originates in the macro `impl_lookup_table` (in Nightly builds, run with -Z macro-backtrace for 
more info)
help: consider importing this trait
    |
 16 + use core::default::Default;
    |

error[E0405]: cannot find trait `From` in this scope
   --> C:\Users\Mechrevo\.cargo\registry\src\index.crates.io-1949cf8c6b5b557f\curve25519-dalek-5.0.0-pre.1\src\window.r
s:97:18
    |
 97 |           impl<'a> From<&'a EdwardsPoint> for $name<ProjectiveNielsPoint> {
    |                    ^^^^ not found in this scope
...
132 | / impl_lookup_table! {
133 | |     Name = LookupTable,
134 | |     Size = 8,
135 | |     SizeNeg = -8,
136 | |     SizeRange = 1..9,
137 | |     ConversionRange = 0..7
138 | | }
    | |_- in this macro invocation
    |
    = note: this error originates in the macro `impl_lookup_table` (in Nightly builds, run with -Z macro-backtrace for 
more info)
help: consider importing this trait
    |
 16 + use core::convert::From;
    |

error[E0405]: cannot find trait `From` in this scope
   --> C:\Users\Mechrevo\.cargo\registry\src\index.crates.io-1949cf8c6b5b557f\curve25519-dalek-5.0.0-pre.1\src\window.r
s:107:18
    |
107 |           impl<'a> From<&'a EdwardsPoint> for $name<AffineNielsPoint> {
    |                    ^^^^ not found in this scope
...
132 | / impl_lookup_table! {
133 | |     Name = LookupTable,
134 | |     Size = 8,
135 | |     SizeNeg = -8,
136 | |     SizeRange = 1..9,
137 | |     ConversionRange = 0..7
138 | | }
    | |_- in this macro invocation
    |
    = note: this error originates in the macro `impl_lookup_table` (in Nightly builds, run with -Z macro-backtrace for 
more info)
help: consider importing this trait
    |
 16 + use core::convert::From;
    |

error[E0405]: cannot find trait `Copy` in this scope
   --> C:\Users\Mechrevo\.cargo\registry\src\index.crates.io-1949cf8c6b5b557f\curve25519-dalek-5.0.0-pre.1\src\window.r
s:121:16
    |
121 |               T: Copy + Default + Zeroize,
    |                  ^^^^ not found in this scope
...
132 | / impl_lookup_table! {
133 | |     Name = LookupTable,
134 | |     Size = 8,
135 | |     SizeNeg = -8,
136 | |     SizeRange = 1..9,
137 | |     ConversionRange = 0..7
138 | | }
    | |_- in this macro invocation
    |
    = note: this error originates in the macro `impl_lookup_table` (in Nightly builds, run with -Z macro-backtrace for 
more info)
help: consider importing this trait
    |
 16 + use core::marker::Copy;
    |

error[E0405]: cannot find trait `Default` in this scope
   --> C:\Users\Mechrevo\.cargo\registry\src\index.crates.io-1949cf8c6b5b557f\curve25519-dalek-5.0.0-pre.1\src\window.r
s:121:23
    |
121 |               T: Copy + Default + Zeroize,
    |                         ^^^^^^^ not found in this scope
...
132 | / impl_lookup_table! {
133 | |     Name = LookupTable,
134 | |     Size = 8,
135 | |     SizeNeg = -8,
136 | |     SizeRange = 1..9,
137 | |     ConversionRange = 0..7
138 | | }
    | |_- in this macro invocation
    |
    = note: this error originates in the macro `impl_lookup_table` (in Nightly builds, run with -Z macro-backtrace for 
more info)
help: consider importing this trait
    |
 16 + use core::default::Default;
    |

error[E0405]: cannot find trait `Default` in this scope
   --> C:\Users\Mechrevo\.cargo\registry\src\index.crates.io-1949cf8c6b5b557f\curve25519-dalek-5.0.0-pre.1\src\window.r
s:79:33
    |
 79 |           impl<T: Copy + Default> Default for $name<T> {
    |                                   ^^^^^^^ not found in this scope
...
144 | /         impl_lookup_table! {
145 | |             Name = LookupTableRadix32,
146 | |             Size = 16,
147 | |             SizeNeg = -16,
148 | |             SizeRange = 1..17,
149 | |             ConversionRange = 0..15
150 | |         }
    | |_________- in this macro invocation
    |
    = note: this error originates in the macro `impl_lookup_table` (in Nightly builds, run with -Z macro-backtrace for 
more info)
help: consider importing this trait
    |
 16 + use core::default::Default;
    |

error[E0405]: cannot find trait `Copy` in this scope
   --> C:\Users\Mechrevo\.cargo\registry\src\index.crates.io-1949cf8c6b5b557f\curve25519-dalek-5.0.0-pre.1\src\window.r
s:79:17
    |
 79 |           impl<T: Copy + Default> Default for $name<T> {
    |                   ^^^^ not found in this scope
...
144 | /         impl_lookup_table! {
145 | |             Name = LookupTableRadix32,
146 | |             Size = 16,
147 | |             SizeNeg = -16,
148 | |             SizeRange = 1..17,
149 | |             ConversionRange = 0..15
150 | |         }
    | |_________- in this macro invocation
    |
    = note: this error originates in the macro `impl_lookup_table` (in Nightly builds, run with -Z macro-backtrace for 
more info)
help: consider importing this trait
    |
 16 + use core::marker::Copy;
    |

error[E0405]: cannot find trait `Default` in this scope
   --> C:\Users\Mechrevo\.cargo\registry\src\index.crates.io-1949cf8c6b5b557f\curve25519-dalek-5.0.0-pre.1\src\window.r
s:79:24
    |
 79 |           impl<T: Copy + Default> Default for $name<T> {
    |                          ^^^^^^^ not found in this scope
...
144 | /         impl_lookup_table! {
145 | |             Name = LookupTableRadix32,
146 | |             Size = 16,
147 | |             SizeNeg = -16,
148 | |             SizeRange = 1..17,
149 | |             ConversionRange = 0..15
150 | |         }
    | |_________- in this macro invocation
    |
    = note: this error originates in the macro `impl_lookup_table` (in Nightly builds, run with -Z macro-backtrace for 
more info)
help: consider importing this trait
    |
 16 + use core::default::Default;
    |

error[E0405]: cannot find trait `From` in this scope
   --> C:\Users\Mechrevo\.cargo\registry\src\index.crates.io-1949cf8c6b5b557f\curve25519-dalek-5.0.0-pre.1\src\window.r
s:97:18
    |
 97 |           impl<'a> From<&'a EdwardsPoint> for $name<ProjectiveNielsPoint> {
    |                    ^^^^ not found in this scope
...
144 | /         impl_lookup_table! {
145 | |             Name = LookupTableRadix32,
146 | |             Size = 16,
147 | |             SizeNeg = -16,
148 | |             SizeRange = 1..17,
149 | |             ConversionRange = 0..15
150 | |         }
    | |_________- in this macro invocation
    |
    = note: this error originates in the macro `impl_lookup_table` (in Nightly builds, run with -Z macro-backtrace for 
more info)
help: consider importing this trait
    |
 16 + use core::convert::From;
    |

error[E0405]: cannot find trait `From` in this scope
   --> C:\Users\Mechrevo\.cargo\registry\src\index.crates.io-1949cf8c6b5b557f\curve25519-dalek-5.0.0-pre.1\src\window.r
s:107:18
    |
107 |           impl<'a> From<&'a EdwardsPoint> for $name<AffineNielsPoint> {
    |                    ^^^^ not found in this scope
...
144 | /         impl_lookup_table! {
145 | |             Name = LookupTableRadix32,
146 | |             Size = 16,
147 | |             SizeNeg = -16,
148 | |             SizeRange = 1..17,
149 | |             ConversionRange = 0..15
150 | |         }
    | |_________- in this macro invocation
    |
    = note: this error originates in the macro `impl_lookup_table` (in Nightly builds, run with -Z macro-backtrace for 
more info)
help: consider importing this trait
    |
 16 + use core::convert::From;
    |

error[E0405]: cannot find trait `Copy` in this scope
   --> C:\Users\Mechrevo\.cargo\registry\src\index.crates.io-1949cf8c6b5b557f\curve25519-dalek-5.0.0-pre.1\src\window.r
s:121:16
    |
121 |               T: Copy + Default + Zeroize,
    |                  ^^^^ not found in this scope
...
144 | /         impl_lookup_table! {
145 | |             Name = LookupTableRadix32,
146 | |             Size = 16,
147 | |             SizeNeg = -16,
148 | |             SizeRange = 1..17,
149 | |             ConversionRange = 0..15
150 | |         }
    | |_________- in this macro invocation
    |
    = note: this error originates in the macro `impl_lookup_table` (in Nightly builds, run with -Z macro-backtrace for 
more info)
help: consider importing this trait
    |
 16 + use core::marker::Copy;
    |

error[E0405]: cannot find trait `Default` in this scope
   --> C:\Users\Mechrevo\.cargo\registry\src\index.crates.io-1949cf8c6b5b557f\curve25519-dalek-5.0.0-pre.1\src\window.r
s:121:23
    |
121 |               T: Copy + Default + Zeroize,
    |                         ^^^^^^^ not found in this scope
...
144 | /         impl_lookup_table! {
145 | |             Name = LookupTableRadix32,
146 | |             Size = 16,
147 | |             SizeNeg = -16,
148 | |             SizeRange = 1..17,
149 | |             ConversionRange = 0..15
150 | |         }
    | |_________- in this macro invocation
    |
    = note: this error originates in the macro `impl_lookup_table` (in Nightly builds, run with -Z macro-backtrace for 
more info)
help: consider importing this trait
    |
 16 + use core::default::Default;
    |

error[E0405]: cannot find trait `Default` in this scope
   --> C:\Users\Mechrevo\.cargo\registry\src\index.crates.io-1949cf8c6b5b557f\curve25519-dalek-5.0.0-pre.1\src\window.r
s:79:33
    |
 79 |           impl<T: Copy + Default> Default for $name<T> {
    |                                   ^^^^^^^ not found in this scope
...
152 | /         impl_lookup_table! {
153 | |             Name = LookupTableRadix64,
154 | |             Size = 32,
155 | |             SizeNeg = -32,
156 | |             SizeRange = 1..33,
157 | |             ConversionRange = 0..31
158 | |         }
    | |_________- in this macro invocation
    |
    = note: this error originates in the macro `impl_lookup_table` (in Nightly builds, run with -Z macro-backtrace for 
more info)
help: consider importing this trait
    |
 16 + use core::default::Default;
    |

error[E0405]: cannot find trait `Copy` in this scope
   --> C:\Users\Mechrevo\.cargo\registry\src\index.crates.io-1949cf8c6b5b557f\curve25519-dalek-5.0.0-pre.1\src\window.r
s:79:17
    |
 79 |           impl<T: Copy + Default> Default for $name<T> {
    |                   ^^^^ not found in this scope
...
152 | /         impl_lookup_table! {
153 | |             Name = LookupTableRadix64,
154 | |             Size = 32,
155 | |             SizeNeg = -32,
156 | |             SizeRange = 1..33,
157 | |             ConversionRange = 0..31
158 | |         }
    | |_________- in this macro invocation
    |
    = note: this error originates in the macro `impl_lookup_table` (in Nightly builds, run with -Z macro-backtrace for 
more info)
help: consider importing this trait
    |
 16 + use core::marker::Copy;
    |

error[E0405]: cannot find trait `Default` in this scope
   --> C:\Users\Mechrevo\.cargo\registry\src\index.crates.io-1949cf8c6b5b557f\curve25519-dalek-5.0.0-pre.1\src\window.r
s:79:24
    |
 79 |           impl<T: Copy + Default> Default for $name<T> {
    |                          ^^^^^^^ not found in this scope
...
152 | /         impl_lookup_table! {
153 | |             Name = LookupTableRadix64,
154 | |             Size = 32,
155 | |             SizeNeg = -32,
156 | |             SizeRange = 1..33,
157 | |             ConversionRange = 0..31
158 | |         }
    | |_________- in this macro invocation
    |
    = note: this error originates in the macro `impl_lookup_table` (in Nightly builds, run with -Z macro-backtrace for 
more info)
help: consider importing this trait
    |
 16 + use core::default::Default;
    |

error[E0405]: cannot find trait `From` in this scope
   --> C:\Users\Mechrevo\.cargo\registry\src\index.crates.io-1949cf8c6b5b557f\curve25519-dalek-5.0.0-pre.1\src\window.r
s:97:18
    |
 97 |           impl<'a> From<&'a EdwardsPoint> for $name<ProjectiveNielsPoint> {
    |                    ^^^^ not found in this scope
...
152 | /         impl_lookup_table! {
153 | |             Name = LookupTableRadix64,
154 | |             Size = 32,
155 | |             SizeNeg = -32,
156 | |             SizeRange = 1..33,
157 | |             ConversionRange = 0..31
158 | |         }
    | |_________- in this macro invocation
    |
    = note: this error originates in the macro `impl_lookup_table` (in Nightly builds, run with -Z macro-backtrace for 
more info)
help: consider importing this trait
    |
 16 + use core::convert::From;
    |

error[E0405]: cannot find trait `From` in this scope
   --> C:\Users\Mechrevo\.cargo\registry\src\index.crates.io-1949cf8c6b5b557f\curve25519-dalek-5.0.0-pre.1\src\window.r
s:107:18
    |
107 |           impl<'a> From<&'a EdwardsPoint> for $name<AffineNielsPoint> {
    |                    ^^^^ not found in this scope
...
152 | /         impl_lookup_table! {
153 | |             Name = LookupTableRadix64,
154 | |             Size = 32,
155 | |             SizeNeg = -32,
156 | |             SizeRange = 1..33,
157 | |             ConversionRange = 0..31
158 | |         }
    | |_________- in this macro invocation
    |
    = note: this error originates in the macro `impl_lookup_table` (in Nightly builds, run with -Z macro-backtrace for 
more info)
help: consider importing this trait
    |
 16 + use core::convert::From;
    |

error[E0405]: cannot find trait `Copy` in this scope
   --> C:\Users\Mechrevo\.cargo\registry\src\index.crates.io-1949cf8c6b5b557f\curve25519-dalek-5.0.0-pre.1\src\window.r
s:121:16
    |
121 |               T: Copy + Default + Zeroize,
    |                  ^^^^ not found in this scope
...
152 | /         impl_lookup_table! {
153 | |             Name = LookupTableRadix64,
154 | |             Size = 32,
155 | |             SizeNeg = -32,
156 | |             SizeRange = 1..33,
157 | |             ConversionRange = 0..31
158 | |         }
    | |_________- in this macro invocation
    |
    = note: this error originates in the macro `impl_lookup_table` (in Nightly builds, run with -Z macro-backtrace for 
more info)
help: consider importing this trait
    |
 16 + use core::marker::Copy;
    |

error[E0405]: cannot find trait `Default` in this scope
   --> C:\Users\Mechrevo\.cargo\registry\src\index.crates.io-1949cf8c6b5b557f\curve25519-dalek-5.0.0-pre.1\src\window.r
s:121:23
    |
121 |               T: Copy + Default + Zeroize,
    |                         ^^^^^^^ not found in this scope
...
152 | /         impl_lookup_table! {
153 | |             Name = LookupTableRadix64,
154 | |             Size = 32,
155 | |             SizeNeg = -32,
156 | |             SizeRange = 1..33,
157 | |             ConversionRange = 0..31
158 | |         }
    | |_________- in this macro invocation
    |
    = note: this error originates in the macro `impl_lookup_table` (in Nightly builds, run with -Z macro-backtrace for 
more info)
help: consider importing this trait
    |
 16 + use core::default::Default;
    |

error[E0405]: cannot find trait `Default` in this scope
   --> C:\Users\Mechrevo\.cargo\registry\src\index.crates.io-1949cf8c6b5b557f\curve25519-dalek-5.0.0-pre.1\src\window.r
s:79:33
    |
 79 |           impl<T: Copy + Default> Default for $name<T> {
    |                                   ^^^^^^^ not found in this scope
...
160 | /         impl_lookup_table! {
161 | |             Name = LookupTableRadix128,
162 | |             Size = 64,
163 | |             SizeNeg = -64,
164 | |             SizeRange = 1..65,
165 | |             ConversionRange = 0..63
166 | |         }
    | |_________- in this macro invocation
    |
    = note: this error originates in the macro `impl_lookup_table` (in Nightly builds, run with -Z macro-backtrace for 
more info)
help: consider importing this trait
    |
 16 + use core::default::Default;
    |

error[E0405]: cannot find trait `Copy` in this scope
   --> C:\Users\Mechrevo\.cargo\registry\src\index.crates.io-1949cf8c6b5b557f\curve25519-dalek-5.0.0-pre.1\src\window.r
s:79:17
    |
 79 |           impl<T: Copy + Default> Default for $name<T> {
    |                   ^^^^ not found in this scope
...
160 | /         impl_lookup_table! {
161 | |             Name = LookupTableRadix128,
162 | |             Size = 64,
163 | |             SizeNeg = -64,
164 | |             SizeRange = 1..65,
165 | |             ConversionRange = 0..63
166 | |         }
    | |_________- in this macro invocation
    |
    = note: this error originates in the macro `impl_lookup_table` (in Nightly builds, run with -Z macro-backtrace for 
more info)
help: consider importing this trait
    |
 16 + use core::marker::Copy;
    |

error[E0405]: cannot find trait `Default` in this scope
   --> C:\Users\Mechrevo\.cargo\registry\src\index.crates.io-1949cf8c6b5b557f\curve25519-dalek-5.0.0-pre.1\src\window.r
s:79:24
    |
 79 |           impl<T: Copy + Default> Default for $name<T> {
    |                          ^^^^^^^ not found in this scope
...
160 | /         impl_lookup_table! {
161 | |             Name = LookupTableRadix128,
162 | |             Size = 64,
163 | |             SizeNeg = -64,
164 | |             SizeRange = 1..65,
165 | |             ConversionRange = 0..63
166 | |         }
    | |_________- in this macro invocation
    |
    = note: this error originates in the macro `impl_lookup_table` (in Nightly builds, run with -Z macro-backtrace for 
more info)
help: consider importing this trait
    |
 16 + use core::default::Default;
    |

error[E0405]: cannot find trait `From` in this scope
   --> C:\Users\Mechrevo\.cargo\registry\src\index.crates.io-1949cf8c6b5b557f\curve25519-dalek-5.0.0-pre.1\src\window.r
s:97:18
    |
 97 |           impl<'a> From<&'a EdwardsPoint> for $name<ProjectiveNielsPoint> {
    |                    ^^^^ not found in this scope
...
160 | /         impl_lookup_table! {
161 | |             Name = LookupTableRadix128,
162 | |             Size = 64,
163 | |             SizeNeg = -64,
164 | |             SizeRange = 1..65,
165 | |             ConversionRange = 0..63
166 | |         }
    | |_________- in this macro invocation
    |
    = note: this error originates in the macro `impl_lookup_table` (in Nightly builds, run with -Z macro-backtrace for 
more info)
help: consider importing this trait
    |
 16 + use core::convert::From;
    |

error[E0405]: cannot find trait `From` in this scope
   --> C:\Users\Mechrevo\.cargo\registry\src\index.crates.io-1949cf8c6b5b557f\curve25519-dalek-5.0.0-pre.1\src\window.r
s:107:18
    |
107 |           impl<'a> From<&'a EdwardsPoint> for $name<AffineNielsPoint> {
    |                    ^^^^ not found in this scope
...
160 | /         impl_lookup_table! {
161 | |             Name = LookupTableRadix128,
162 | |             Size = 64,
163 | |             SizeNeg = -64,
164 | |             SizeRange = 1..65,
165 | |             ConversionRange = 0..63
166 | |         }
    | |_________- in this macro invocation
    |
    = note: this error originates in the macro `impl_lookup_table` (in Nightly builds, run with -Z macro-backtrace for 
more info)
help: consider importing this trait
    |
 16 + use core::convert::From;
    |

error[E0405]: cannot find trait `Copy` in this scope
   --> C:\Users\Mechrevo\.cargo\registry\src\index.crates.io-1949cf8c6b5b557f\curve25519-dalek-5.0.0-pre.1\src\window.r
s:121:16
    |
121 |               T: Copy + Default + Zeroize,
    |                  ^^^^ not found in this scope
...
160 | /         impl_lookup_table! {
161 | |             Name = LookupTableRadix128,
162 | |             Size = 64,
163 | |             SizeNeg = -64,
164 | |             SizeRange = 1..65,
165 | |             ConversionRange = 0..63
166 | |         }
    | |_________- in this macro invocation
    |
    = note: this error originates in the macro `impl_lookup_table` (in Nightly builds, run with -Z macro-backtrace for 
more info)
help: consider importing this trait
    |
 16 + use core::marker::Copy;
    |

error[E0405]: cannot find trait `Default` in this scope
   --> C:\Users\Mechrevo\.cargo\registry\src\index.crates.io-1949cf8c6b5b557f\curve25519-dalek-5.0.0-pre.1\src\window.r
s:121:23
    |
121 |               T: Copy + Default + Zeroize,
    |                         ^^^^^^^ not found in this scope
...
160 | /         impl_lookup_table! {
161 | |             Name = LookupTableRadix128,
162 | |             Size = 64,
163 | |             SizeNeg = -64,
164 | |             SizeRange = 1..65,
165 | |             ConversionRange = 0..63
166 | |         }
    | |_________- in this macro invocation
    |
    = note: this error originates in the macro `impl_lookup_table` (in Nightly builds, run with -Z macro-backtrace for 
more info)
help: consider importing this trait
    |
 16 + use core::default::Default;
    |

error[E0405]: cannot find trait `Default` in this scope
   --> C:\Users\Mechrevo\.cargo\registry\src\index.crates.io-1949cf8c6b5b557f\curve25519-dalek-5.0.0-pre.1\src\window.r
s:79:33
    |
 79 |           impl<T: Copy + Default> Default for $name<T> {
    |                                   ^^^^^^^ not found in this scope
...
168 | /         impl_lookup_table! {
169 | |             Name = LookupTableRadix256,
170 | |             Size = 128,
171 | |             SizeNeg = -128,
172 | |             SizeRange = 1..129,
173 | |             ConversionRange = 0..127
174 | |         }
    | |_________- in this macro invocation
    |
    = note: this error originates in the macro `impl_lookup_table` (in Nightly builds, run with -Z macro-backtrace for 
more info)
help: consider importing this trait
    |
 16 + use core::default::Default;
    |

error[E0405]: cannot find trait `Copy` in this scope
   --> C:\Users\Mechrevo\.cargo\registry\src\index.crates.io-1949cf8c6b5b557f\curve25519-dalek-5.0.0-pre.1\src\window.r
s:79:17
    |
 79 |           impl<T: Copy + Default> Default for $name<T> {
    |                   ^^^^ not found in this scope
...
168 | /         impl_lookup_table! {
169 | |             Name = LookupTableRadix256,
170 | |             Size = 128,
171 | |             SizeNeg = -128,
172 | |             SizeRange = 1..129,
173 | |             ConversionRange = 0..127
174 | |         }
    | |_________- in this macro invocation
    |
    = note: this error originates in the macro `impl_lookup_table` (in Nightly builds, run with -Z macro-backtrace for 
more info)
help: consider importing this trait
    |
 16 + use core::marker::Copy;
    |

error[E0405]: cannot find trait `Default` in this scope
   --> C:\Users\Mechrevo\.cargo\registry\src\index.crates.io-1949cf8c6b5b557f\curve25519-dalek-5.0.0-pre.1\src\window.r
s:79:24
    |
 79 |           impl<T: Copy + Default> Default for $name<T> {
    |                          ^^^^^^^ not found in this scope
...
168 | /         impl_lookup_table! {
169 | |             Name = LookupTableRadix256,
170 | |             Size = 128,
171 | |             SizeNeg = -128,
172 | |             SizeRange = 1..129,
173 | |             ConversionRange = 0..127
174 | |         }
    | |_________- in this macro invocation
    |
    = note: this error originates in the macro `impl_lookup_table` (in Nightly builds, run with -Z macro-backtrace for 
more info)
help: consider importing this trait
    |
 16 + use core::default::Default;
    |

error[E0405]: cannot find trait `From` in this scope
   --> C:\Users\Mechrevo\.cargo\registry\src\index.crates.io-1949cf8c6b5b557f\curve25519-dalek-5.0.0-pre.1\src\window.r
s:97:18
    |
 97 |           impl<'a> From<&'a EdwardsPoint> for $name<ProjectiveNielsPoint> {
    |                    ^^^^ not found in this scope
...
168 | /         impl_lookup_table! {
169 | |             Name = LookupTableRadix256,
170 | |             Size = 128,
171 | |             SizeNeg = -128,
172 | |             SizeRange = 1..129,
173 | |             ConversionRange = 0..127
174 | |         }
    | |_________- in this macro invocation
    |
    = note: this error originates in the macro `impl_lookup_table` (in Nightly builds, run with -Z macro-backtrace for 
more info)
help: consider importing this trait
    |
 16 + use core::convert::From;
    |

error[E0405]: cannot find trait `From` in this scope
   --> C:\Users\Mechrevo\.cargo\registry\src\index.crates.io-1949cf8c6b5b557f\curve25519-dalek-5.0.0-pre.1\src\window.r
s:107:18
    |
107 |           impl<'a> From<&'a EdwardsPoint> for $name<AffineNielsPoint> {
    |                    ^^^^ not found in this scope
...
168 | /         impl_lookup_table! {
169 | |             Name = LookupTableRadix256,
170 | |             Size = 128,
171 | |             SizeNeg = -128,
172 | |             SizeRange = 1..129,
173 | |             ConversionRange = 0..127
174 | |         }
    | |_________- in this macro invocation
    |
    = note: this error originates in the macro `impl_lookup_table` (in Nightly builds, run with -Z macro-backtrace for 
more info)
help: consider importing this trait
    |
 16 + use core::convert::From;
    |

error[E0405]: cannot find trait `Copy` in this scope
   --> C:\Users\Mechrevo\.cargo\registry\src\index.crates.io-1949cf8c6b5b557f\curve25519-dalek-5.0.0-pre.1\src\window.r
s:121:16
    |
121 |               T: Copy + Default + Zeroize,
    |                  ^^^^ not found in this scope
...
168 | /         impl_lookup_table! {
169 | |             Name = LookupTableRadix256,
170 | |             Size = 128,
171 | |             SizeNeg = -128,
172 | |             SizeRange = 1..129,
173 | |             ConversionRange = 0..127
174 | |         }
    | |_________- in this macro invocation
    |
    = note: this error originates in the macro `impl_lookup_table` (in Nightly builds, run with -Z macro-backtrace for 
more info)
help: consider importing this trait
    |
 16 + use core::marker::Copy;
    |

error[E0405]: cannot find trait `Default` in this scope
   --> C:\Users\Mechrevo\.cargo\registry\src\index.crates.io-1949cf8c6b5b557f\curve25519-dalek-5.0.0-pre.1\src\window.r
s:121:23
    |
121 |               T: Copy + Default + Zeroize,
    |                         ^^^^^^^ not found in this scope
...
168 | /         impl_lookup_table! {
169 | |             Name = LookupTableRadix256,
170 | |             Size = 128,
171 | |             SizeNeg = -128,
172 | |             SizeRange = 1..129,
173 | |             ConversionRange = 0..127
174 | |         }
    | |_________- in this macro invocation
    |
    = note: this error originates in the macro `impl_lookup_table` (in Nightly builds, run with -Z macro-backtrace for 
more info)
help: consider importing this trait
    |
 16 + use core::default::Default;
    |

error[E0405]: cannot find trait `Copy` in this scope
   --> C:\Users\Mechrevo\.cargo\registry\src\index.crates.io-1949cf8c6b5b557f\curve25519-dalek-5.0.0-pre.1\src\window.r
s:185:9
    |
185 | impl<T: Copy> NafLookupTable5<T> {
    |         ^^^^ not found in this scope
    |
help: consider importing this trait
    |
 16 + use core::marker::Copy;
    |

error[E0405]: cannot find trait `From` in this scope
   --> C:\Users\Mechrevo\.cargo\registry\src\index.crates.io-1949cf8c6b5b557f\curve25519-dalek-5.0.0-pre.1\src\window.r
s:201:10
    |
201 | impl<'a> From<&'a EdwardsPoint> for NafLookupTable5<ProjectiveNielsPoint> {
    |          ^^^^ not found in this scope
    |
help: consider importing this trait
    |
 16 + use core::convert::From;
    |

error[E0405]: cannot find trait `From` in this scope
   --> C:\Users\Mechrevo\.cargo\registry\src\index.crates.io-1949cf8c6b5b557f\curve25519-dalek-5.0.0-pre.1\src\window.r
s:213:10
    |
213 | impl<'a> From<&'a EdwardsPoint> for NafLookupTable5<AffineNielsPoint> {
    |          ^^^^ not found in this scope
    |
help: consider importing this trait
    |
 16 + use core::convert::From;
    |

error[E0405]: cannot find trait `Copy` in this scope
   --> C:\Users\Mechrevo\.cargo\registry\src\index.crates.io-1949cf8c6b5b557f\curve25519-dalek-5.0.0-pre.1\src\window.r
s:232:9
    |
232 | impl<T: Copy> NafLookupTable8<T> {
    |         ^^^^ not found in this scope
    |
help: consider importing this trait
    |
 16 + use core::marker::Copy;
    |

error[E0405]: cannot find trait `From` in this scope
   --> C:\Users\Mechrevo\.cargo\registry\src\index.crates.io-1949cf8c6b5b557f\curve25519-dalek-5.0.0-pre.1\src\window.r
s:253:10
    |
253 | impl<'a> From<&'a EdwardsPoint> for NafLookupTable8<ProjectiveNielsPoint> {
    |          ^^^^ not found in this scope
    |
help: consider importing this trait
    |
 16 + use core::convert::From;
    |

error[E0405]: cannot find trait `From` in this scope
   --> C:\Users\Mechrevo\.cargo\registry\src\index.crates.io-1949cf8c6b5b557f\curve25519-dalek-5.0.0-pre.1\src\window.r
s:266:10
    |
266 | impl<'a> From<&'a EdwardsPoint> for NafLookupTable8<AffineNielsPoint> {
    |          ^^^^ not found in this scope
    |
help: consider importing this trait
    |
 16 + use core::convert::From;
    |

Some errors have detailed explanations: E0405, E0412, E0425, E0433, E0531, E0786.
error: could not compile `curve25519-dalek` (lib) due to 419 previous errors
failed to build app: failed to build app
       Error failed to build app: failed to build app
