node :         Info Looking up installed tauri packages to check mismatched versions...
At line:1 char:43
+ ... u-desktop'; node 'node_modules\@tauri-apps\cli\tauri.js' build 2>&1 | ...
+                 ~~~~~~~~~~~~~~~~~~~~~~~~~~~~~~~~~~~~~~~~~~~~~~~~~~~~~~~
    + CategoryInfo          : NotSpecified: (        Info Lo...hed versions...:String) [], RemoteException
    + FullyQualifiedErrorId : NativeCommandError
 
     Running beforeBuildCommand `npm run build`

> alou-desktop@0.1.8 build
> vite build

[36mvite v7.3.0 [32mbuilding client environment for production...[36m[39m
transforming...
[33mnode_modules/ox/_esm/core/Base64.js (6:27): A comment

"/*#__PURE__*/"

in "node_modules/ox/_esm/core/Base64.js" contains an annotation that Rollup cannot interpret due to the position of the
 comment. The comment will be removed to avoid issues.[39m
[32m✓[39m 1587 modules transformed.
rendering chunks...
[33m[plugin vite:reporter] 
(!) D:/AI/alou-pay/aloupay/alou-desktop/src/services/api.js is dynamically imported by D:/AI/alou-pay/aloupay/alou-desk
top/src/components/AgentChat/useGroupChatRemoteControl.js but also statically imported by D:/AI/alou-pay/aloupay/alou-d
esktop/src/components/AgentChat/useAgentMessages.js, D:/AI/alou-pay/aloupay/alou-desktop/src/components/AgentChat/useGr
oupChat.js, D:/AI/alou-pay/aloupay/alou-desktop/src/components/ApiConfigModal.jsx, D:/AI/alou-pay/aloupay/alou-desktop/
src/services/agentResolverService.js, D:/AI/alou-pay/aloupay/alou-desktop/src/services/agentService.js, D:/AI/alou-pay/
aloupay/alou-desktop/src/services/asyncTaskService.js, D:/AI/alou-pay/aloupay/alou-desktop/src/services/authService.js,
 D:/AI/alou-pay/aloupay/alou-desktop/src/services/cliService.js, D:/AI/alou-pay/aloupay/alou-desktop/src/services/clust
erActionService.js, D:/AI/alou-pay/aloupay/alou-desktop/src/services/mcpUiService.js, D:/AI/alou-pay/aloupay/alou-deskt
op/src/services/userService.js, dynamic import will not move module into another chunk.
[39m
[33m[plugin vite:reporter] 
(!) D:/AI/alou-pay/aloupay/alou-desktop/node_modules/@tauri-apps/api/core.js is dynamically imported by D:/AI/alou-pay/
aloupay/alou-desktop/src/components/wallet/WalletConnectQR.jsx, D:/AI/alou-pay/aloupay/alou-desktop/src/routes/AppRoute
s.jsx, D:/AI/alou-pay/aloupay/alou-desktop/src/services/agentResolverService.js, D:/AI/alou-pay/aloupay/alou-desktop/sr
c/services/agentService.js, D:/AI/alou-pay/aloupay/alou-desktop/src/services/agentService.js, D:/AI/alou-pay/aloupay/al
ou-desktop/src/services/agentService.js, D:/AI/alou-pay/aloupay/alou-desktop/src/services/ipfsContentService.js, D:/AI/
alou-pay/aloupay/alou-desktop/src/services/walletSyncService.js, D:/AI/alou-pay/aloupay/alou-desktop/src/services/walle
tSyncService.js but also statically imported by D:/AI/alou-pay/aloupay/alou-desktop/node_modules/@tauri-apps/api/dpi.js
, D:/AI/alou-pay/aloupay/alou-desktop/node_modules/@tauri-apps/api/event.js, D:/AI/alou-pay/aloupay/alou-desktop/node_m
odules/@tauri-apps/api/image.js, D:/AI/alou-pay/aloupay/alou-desktop/node_modules/@tauri-apps/api/window.js, D:/AI/alou
-pay/aloupay/alou-desktop/src/components/SDKComponents.jsx, D:/AI/alou-pay/aloupay/alou-desktop/src/components/agent/Di
apIdentityPanel.jsx, D:/AI/alou-pay/aloupay/alou-desktop/src/services/agentAssetsService.js, D:/AI/alou-pay/aloupay/alo
u-desktop/src/services/desktopWalletService.js, D:/AI/alou-pay/aloupay/alou-desktop/src/services/diapService.js, D:/AI/
alou-pay/aloupay/alou-desktop/src/services/ipfsService.js, D:/AI/alou-pay/aloupay/alou-desktop/src/services/kiloCliServ
ice.js, D:/AI/alou-pay/aloupay/alou-desktop/src/services/lspService.js, D:/AI/alou-pay/aloupay/alou-desktop/src/service
s/pubsubService.js, D:/AI/alou-pay/aloupay/alou-desktop/src/services/specService.js, D:/AI/alou-pay/aloupay/alou-deskto
p/src/services/workflowService.js, dynamic import will not move module into another chunk.
[39m
[33m[plugin vite:reporter] 
(!) D:/AI/alou-pay/aloupay/alou-desktop/src/services/desktopWalletService.js is dynamically imported by D:/AI/alou-pay/
aloupay/alou-desktop/src/services/walletService.js but also statically imported by D:/AI/alou-pay/aloupay/alou-desktop/
src/components/wallet/LocalWalletForm.jsx, D:/AI/alou-pay/aloupay/alou-desktop/src/components/wallet/WalletConnectQR.js
x, D:/AI/alou-pay/aloupay/alou-desktop/src/views/LoginView.jsx, dynamic import will not move module into another chunk.
[39m
computing gzip size...
[2mdist/[22m[32mindex.html                               [39m[1m[2m    0.49 kB[22m[1m[22m[2m │ gzip:   0.32 kB[22m
[2mdist/[22m[32massets/设置 0.7-B7cfnK54.png               [39m[1m[2m    4.16 kB[22m[1m[22m
[2mdist/[22m[32massets/钱包0.3-uz_dx3EM.png                [39m[1m[2m    4.39 kB[22m[1m[22m
[2mdist/[22m[32massets/刷新0.2-Dngaj36O.png                [39m[1m[2m    4.57 kB[22m[1m[22m
[2mdist/[22m[32massets/icon_翻译-BGOgOenL.png              [39m[1m[2m    4.66 kB[22m[1m[22m
[2mdist/[22m[32massets/创建-P5XHfrUh.png                   [39m[1m[2m    4.82 kB[22m[1m[22m
[2mdist/[22m[32massets/关闭0.3-B0ij6vXB.png                [39m[1m[2m    4.86 kB[22m[1m[22m
[2mdist/[22m[32massets/加载0.2-D4wA2mqL.png                [39m[1m[2m    5.09 kB[22m[1m[22m
[2mdist/[22m[32massets/搜索-BqvwV6ic.png                   [39m[1m[2m    5.30 kB[22m[1m[22m
[2mdist/[22m[32massets/收缩6-1uov1L64.png                  [39m[1m[2m    5.33 kB[22m[1m[22m
[2mdist/[22m[32massets/登录-DWyJq7sS.png                   [39m[1m[2m    5.59 kB[22m[1m[22m
[2mdist/[22m[32massets/链接0.2-ILmol1oB.png                [39m[1m[2m    6.54 kB[22m[1m[22m
[2mdist/[22m[32massets/群组-8bPyGzcN.png                   [39m[1m[2m    6.72 kB[22m[1m[22m
[2mdist/[22m[32massets/设置0.3-CiIAR45n.png                [39m[1m[2m    8.67 kB[22m[1m[22m
[2mdist/[22m[35massets/index-B2iXpuh3.css                [39m[1m[2m  172.12 kB[22m[1m[22m[2m │ gzip:  26.70 kB[22m
[2mdist/[22m[36massets/PhCaretLeft-B7YLoNEF.js           [39m[1m[2m    1.88 kB[22m[1m[22m[2m │ gzip:   0.92 kB[22m
[2mdist/[22m[36massets/PhCaretDown-ddSjwcwm.js           [39m[1m[2m    1.94 kB[22m[1m[22m[2m │ gzip:   0.96 kB[22m
[2mdist/[22m[36massets/PhCaretRight-BY8D5MIg.js          [39m[1m[2m    1.96 kB[22m[1m[22m[2m │ gzip:   0.94 kB[22m
[2mdist/[22m[36massets/PhCaretUp-BG10nSut.js             [39m[1m[2m    2.02 kB[22m[1m[22m[2m │ gzip:   0.94 kB[22m
[2mdist/[22m[36massets/PhArrowUpRight-Bn-JhHsY.js        [39m[1m[2m    2.06 kB[22m[1m[22m[2m │ gzip:   1.02 kB[22m
[2mdist/[22m[36massets/PhArrowDown-CkoOD89h.js           [39m[1m[2m    2.10 kB[22m[1m[22m[2m │ gzip:   1.01 kB[22m
[2mdist/[22m[36massets/PhArrowRight-BI-V03Xf.js          [39m[1m[2m    2.11 kB[22m[1m[22m[2m │ gzip:   1.01 kB[22m
[2mdist/[22m[36massets/PhPlus-CBvZvLax.js                [39m[1m[2m    2.11 kB[22m[1m[22m[2m │ gzip:   0.97 kB[22m
[2mdist/[22m[36massets/PhCheck-DrKd7pBC.js               [39m[1m[2m    2.11 kB[22m[1m[22m[2m │ gzip:   0.99 kB[22m
[2mdist/[22m[36massets/PhArrowLeft-C0jlxVhM.js           [39m[1m[2m    2.12 kB[22m[1m[22m[2m │ gzip:   1.01 kB[22m
[2mdist/[22m[36massets/PhArrowUp-izKvURUW.js             [39m[1m[2m    2.17 kB[22m[1m[22m[2m │ gzip:   1.01 kB[22m
[2mdist/[22m[36massets/PhMagnifyingGlass-B6D0sWFL.js     [39m[1m[2m    2.21 kB[22m[1m[22m[2m │ gzip:   1.08 kB[22m
[2mdist/[22m[36massets/PhBrowser-BjzAmrHO.js             [39m[1m[2m    2.22 kB[22m[1m[22m[2m │ gzip:   0.97 kB[22m
[2mdist/[22m[36massets/PhDotsThree-CSAEcba1.js           [39m[1m[2m    2.25 kB[22m[1m[22m[2m │ gzip:   0.95 kB[22m
[2mdist/[22m[36massets/PhFunnelSimple-DKx35ITq.js        [39m[1m[2m    2.36 kB[22m[1m[22m[2m │ gzip:   1.00 kB[22m
[2mdist/[22m[36massets/PhCopy-rgttky8E.js                [39m[1m[2m    2.36 kB[22m[1m[22m[2m │ gzip:   1.01 kB[22m
[2mdist/[22m[36massets/PhClock-Sj17weCB.js               [39m[1m[2m    2.37 kB[22m[1m[22m[2m │ gzip:   1.03 kB[22m
[2mdist/[22m[36massets/PhWarningCircle-Cm58gXb9.js       [39m[1m[2m    2.43 kB[22m[1m[22m[2m │ gzip:   1.05 kB[22m
[2mdist/[22m[36massets/PhX-C3b4cCEy.js                   [39m[1m[2m    2.50 kB[22m[1m[22m[2m │ gzip:   1.06 kB[22m
[2mdist/[22m[36massets/PhDeviceMobile-CnybhXY-.js        [39m[1m[2m    2.57 kB[22m[1m[22m[2m │ gzip:   1.07 kB[22m
[2mdist/[22m[36massets/PhArrowClockwise-mOiWYLMV.js      [39m[1m[2m    2.59 kB[22m[1m[22m[2m │ gzip:   1.19 kB[22m
[2mdist/[22m[36massets/PhUser-A2fxqIV0.js                [39m[1m[2m    2.68 kB[22m[1m[22m[2m │ gzip:   1.26 kB[22m
[2mdist/[22m[36massets/PhEnvelope-SmaNeXoQ.js            [39m[1m[2m    2.68 kB[22m[1m[22m[2m │ gzip:   1.18 kB[22m
[2mdist/[22m[36massets/PhCircleHalf-Bk9C4DvT.js          [39m[1m[2m    2.71 kB[22m[1m[22m[2m │ gzip:   1.21 kB[22m
[2mdist/[22m[36massets/PhSignOut-Cq2PivQ6.js             [39m[1m[2m    2.77 kB[22m[1m[22m[2m │ gzip:   1.16 kB[22m
[2mdist/[22m[36massets/PhInfo-X33f06Ej.js                [39m[1m[2m    2.78 kB[22m[1m[22m[2m │ gzip:   1.22 kB[22m
[2mdist/[22m[36massets/PhPower-D8-AcNM6.js               [39m[1m[2m    2.78 kB[22m[1m[22m[2m │ gzip:   1.28 kB[22m
[2mdist/[22m[36massets/PhDesktop-BuCDXYJj.js             [39m[1m[2m    2.79 kB[22m[1m[22m[2m │ gzip:   1.12 kB[22m
[2mdist/[22m[36massets/PhArrowsLeftRight-CYsRQ2qh.js     [39m[1m[2m    2.80 kB[22m[1m[22m[2m │ gzip:   1.18 kB[22m
[2mdist/[22m[36massets/PhArrowCircleDown-BtlNV0TZ.js     [39m[1m[2m    2.81 kB[22m[1m[22m[2m │ gzip:   1.18 kB[22m
[2mdist/[22m[36massets/PhQuestionMark-W55Txvvb.js        [39m[1m[2m    2.84 kB[22m[1m[22m[2m │ gzip:   1.30 kB[22m
[2mdist/[22m[36massets/PhArrowSquareOut-DnQ7n_B4.js      [39m[1m[2m    2.93 kB[22m[1m[22m[2m │ gzip:   1.25 kB[22m
[2mdist/[22m[36massets/PhArrowsDownUp-PZosTqZG.js        [39m[1m[2m    2.93 kB[22m[1m[22m[2m │ gzip:   1.18 kB[22m
[2mdist/[22m[36massets/PhCreditCard-CZpdid2n.js          [39m[1m[2m    2.93 kB[22m[1m[22m[2m │ gzip:   1.16 kB[22m
[2mdist/[22m[36massets/PhBank-hhPAIPVb.js                [39m[1m[2m    2.94 kB[22m[1m[22m[2m │ gzip:   1.25 kB[22m
[2mdist/[22m[36massets/PhVault-B8m1usHw.js               [39m[1m[2m    2.97 kB[22m[1m[22m[2m │ gzip:   1.20 kB[22m
[2mdist/[22m[36massets/PhCompass-Df1ugFO-.js             [39m[1m[2m    2.98 kB[22m[1m[22m[2m │ gzip:   1.28 kB[22m
[2mdist/[22m[36massets/PhPaperPlaneRight-Dvo-nXr9.js     [39m[1m[2m    3.10 kB[22m[1m[22m[2m │ gzip:   1.42 kB[22m
[2mdist/[22m[36massets/PhTrash-BamrmMsN.js               [39m[1m[2m    3.12 kB[22m[1m[22m[2m │ gzip:   1.19 kB[22m
[2mdist/[22m[36massets/PhCurrencyDollar-B6IKKjue.js      [39m[1m[2m    3.24 kB[22m[1m[22m[2m │ gzip:   1.33 kB[22m
[2mdist/[22m[36massets/PhQuestion-rUoqC2sC.js            [39m[1m[2m    3.32 kB[22m[1m[22m[2m │ gzip:   1.45 kB[22m
[2mdist/[22m[36massets/PhImage-BYrKfN9k.js               [39m[1m[2m    3.44 kB[22m[1m[22m[2m │ gzip:   1.45 kB[22m
[2mdist/[22m[36massets/PhArrowsClockwise-Brtx2Re-.js     [39m[1m[2m    3.87 kB[22m[1m[22m[2m │ gzip:   1.59 kB[22m
[2mdist/[22m[36massets/PhWarning-CpkID9oi.js             [39m[1m[2m    3.91 kB[22m[1m[22m[2m │ gzip:   1.49 kB[22m
[2mdist/[22m[36massets/walletSyncService-DXe0zY8O.js     [39m[1m[2m    4.17 kB[22m[1m[22m[2m │ gzip:   1.72 kB[22m
[2mdist/[22m[36massets/PhIdentificationCard-BeLXJpfZ.js  [39m[1m[2m    4.22 kB[22m[1m[22m[2m │ gzip:   1.65 kB[22m
[2mdist/[22m[36massets/PhSpinner-CZMtAFdX.js             [39m[1m[2m    4.45 kB[22m[1m[22m[2m │ gzip:   1.65 kB[22m
[2mdist/[22m[36massets/PhLightbulb-DMZJsowR.js           [39m[1m[2m    4.92 kB[22m[1m[22m[2m │ gzip:   1.86 kB[22m
[2mdist/[22m[36massets/PhQrCode-uIXlI5ER.js              [39m[1m[2m    4.92 kB[22m[1m[22m[2m │ gzip:   1.47 kB[22m
[2mdist/[22m[36massets/PhPuzzlePiece-C-7mYqGO.js         [39m[1m[2m    5.37 kB[22m[1m[22m[2m │ gzip:   1.96 kB[22m
[2mdist/[22m[36massets/PhGlobe-q1mqj65V.js               [39m[1m[2m    5.72 kB[22m[1m[22m[2m │ gzip:   1.92 kB[22m
[2mdist/[22m[36massets/features-u9OlM8GJ.js              [39m[1m[2m    5.84 kB[22m[1m[22m[2m │ gzip:   2.30 kB[22m
[2mdist/[22m[36massets/PhSealCheck-BeVLq9PH.js           [39m[1m[2m   12.10 kB[22m[1m[22m[2m │ gzip:   4.02 kB[22m
[2mdist/[22m[36massets/window-DZZtwZoZ.js                [39m[1m[2m   14.24 kB[22m[1m[22m[2m │ gzip:   3.57 kB[22m
[2mdist/[22m[36massets/property-CnFDNXw5.js              [39m[1m[2m   17.20 kB[22m[1m[22m[2m │ gzip:   6.41 kB[22m
[2mdist/[22m[36massets/index-DQo684Il.js                 [39m[1m[2m   46.74 kB[22m[1m[22m[2m │ gzip:  15.07 kB[22m
[2mdist/[22m[36massets/w3m-modal-CnQyfmch.js             [39m[1m[2m   80.78 kB[22m[1m[22m[2m │ gzip:  17.62 kB[22m
[2mdist/[22m[36massets/index-DjmeBjDY.js                 [39m[1m[2m   84.89 kB[22m[1m[22m[2m │ gzip:  22.99 kB[22m
[2mdist/[22m[36massets/basic-ROdgLNVA.js                 [39m[1m[2m  115.98 kB[22m[1m[22m[2m │ gzip:  30.40 kB[22m
[2mdist/[22m[36massets/index-J-eWgCVj.js                 [39m[1m[2m  217.11 kB[22m[1m[22m[2m │ gzip:  69.26 kB[22m
[2mdist/[22m[36massets/core-D89Uwx-e.js                  [39m[1m[33m  568.09 kB[39m[22m[2m │ gzip: 164.72 kB[22m
[2mdist/[22m[36massets/index-CO3Xq2-m.js                 [39m[1m[33m1,595.06 kB[39m[22m[2m │ gzip: 530.52 kB[22m
[33m
(!) Some chunks are larger than 500 kB after minification. Consider:
- Using dynamic import() to code-split the application
- Use build.rollupOptions.output.manualChunks to improve chunking: https://rollupjs.org/configuration-options/#output-m
anualchunks
- Adjust chunk size limit for this warning via build.chunkSizeWarningLimit.[39m
[32m✓ built in 8.87s[39m
   Compiling windows v0.62.2
   Compiling webview2-com-sys v0.38.0
   Compiling curve25519-dalek v5.0.0-pre.1
   Compiling termcolor v1.4.1
   Compiling same-file v1.0.6
   Compiling webpki-roots v1.0.4
   Compiling jsonptr v0.6.3
   Compiling chrono v0.4.42
   Compiling windows-result v0.1.2
   Compiling n0-future v0.2.0
   Compiling asynchronous-codec v0.7.0
   Compiling blake3 v1.8.2
   Compiling webview2-com-macros v0.8.0
   Compiling toml_datetime v0.7.3
   Compiling serde_spanned v1.0.3
   Compiling windows-version v0.1.7
   Compiling proc-macro-error-attr v1.0.4
   Compiling thread_local v1.1.9
   Compiling unicode-segmentation v1.12.0
   Compiling signature v3.0.0-rc.5
   Compiling toml_writer v1.0.4
   Compiling iri-string v0.7.9
   Compiling ref-cast v1.0.25
   Compiling self_cell v1.2.1
   Compiling ed25519 v3.0.0-rc.2
   Compiling toml v0.9.8
   Compiling tracing-subscriber v0.3.20
   Compiling json-patch v3.0.1
   Compiling windows-core v0.53.0
   Compiling hyper-rustls v0.27.7
   Compiling tower-http v0.6.6
   Compiling walkdir v2.5.0
   Compiling infer v0.19.0
   Compiling png v0.17.16
   Compiling tauri v2.9.3
   Compiling urlpattern v0.3.0
   Compiling digest v0.10.7
   Compiling brotli v8.0.2
   Compiling pest_meta v2.8.3
   Compiling ark-poly v0.4.2
   Compiling proc-macro-error v0.4.12
   Compiling webview2-com v0.38.0
   Compiling phf v0.11.3
   Compiling cookie v0.18.1
   Compiling serde-untagged v0.1.9
   Compiling n0-future v0.1.3
   Compiling cipher v0.5.0-rc.1
   Compiling rustls-pemfile v1.0.4
   Compiling precis-core v0.1.11
memory allocation of 2162704 bytes failed
memory allocation of 2097152 bytes failed
   Compiling sha2 v0.11.0-rc.2
   Compiling winreg v0.50.0
error[E0463]: can't find crate for `precis_tools`
 --> C:\Users\Mechrevo\.cargo\registry\src\index.crates.io-1949cf8c6b5b557f\precis-core-0.1.11\build.rs:2:5
  |
2 | use precis_tools::{
  |     ^^^^^^^^^^^^ can't find crate

For more information about this error, try `rustc --explain E0463`.
error: could not compile `precis-core` (build script) due to 1 previous error
warning: build failed, waiting for other jobs to finish...
error: could not compile `brotli` (lib)

Caused by:
  process didn't exit successfully: `C:\Users\Mechrevo\.rustup\toolchains\stable-x86_64-pc-windows-msvc\bin\rustc.exe -
-crate-name brotli --edition=2015 C:\Users\Mechrevo\.cargo\registry\src\index.crates.io-1949cf8c6b5b557f\brotli-8.0.2\s
rc\lib.rs --error-format=json --json=diagnostic-rendered-ansi,artifacts,future-incompat --crate-type lib --emit=dep-inf
o,metadata,link -C opt-level=z -C linker-plugin-lto -C codegen-units=1 --cfg "feature=\"alloc-stdlib\"" --cfg "feature=
\"std\"" --check-cfg cfg(docsrs,test) --check-cfg "cfg(feature, values(\"alloc-stdlib\", \"benchmark\", \"billing\", \"
default\", \"disable-timer\", \"disallow_large_window_size\", \"external-literal-probability\", \"ffi-api\", \"float64\
", \"floating_point_context_mixing\", \"no-stdlib-ffi-binding\", \"pass-through-ffi-panics\", \"seccomp\", \"sha2\", \"
simd\", \"std\", \"validation\", \"vector_scratch_space\"))" -C metadata=d23839810d426934 -C extra-filename=-173cad0f31
370f82 --out-dir D:\AI\alou-pay\aloupay\alou-desktop\src-tauri\target\release\deps -C strip=symbols -L dependency=D:\AI
\alou-pay\aloupay\alou-desktop\src-tauri\target\release\deps --extern alloc_no_stdlib=D:\AI\alou-pay\aloupay\alou-deskt
op\src-tauri\target\release\deps\liballoc_no_stdlib-fbcea3e8b142b505.rmeta --extern alloc_stdlib=D:\AI\alou-pay\aloupay
\alou-desktop\src-tauri\target\release\deps\liballoc_stdlib-5fc9d9a2fec02ab3.rmeta --extern brotli_decompressor=D:\AI\a
lou-pay\aloupay\alou-desktop\src-tauri\target\release\deps\libbrotli_decompressor-ee6b21ae9af8011c.rmeta --cap-lints al
low` (exit code: 0xc0000409, STATUS_STACK_BUFFER_OVERRUN)
error: could not compile `windows` (lib)

Caused by:
  process didn't exit successfully: `C:\Users\Mechrevo\.rustup\toolchains\stable-x86_64-pc-windows-msvc\bin\rustc.exe -
-crate-name windows --edition=2021 C:\Users\Mechrevo\.cargo\registry\src\index.crates.io-1949cf8c6b5b557f\windows-0.62.
2\src\lib.rs --error-format=json --json=diagnostic-rendered-ansi,artifacts,future-incompat --crate-type lib --emit=dep-
info,metadata,link -C opt-level=z -C codegen-units=1 --warn=unexpected_cfgs --warn=missing_unsafe_on_extern --check-cfg
 "cfg(windows_raw_dylib, windows_slim_errors)" --cfg "feature=\"Win32\"" --cfg "feature=\"Win32_Foundation\"" --cfg "fe
ature=\"Win32_NetworkManagement\"" --cfg "feature=\"Win32_NetworkManagement_IpHelper\"" --cfg "feature=\"Win32_NetworkM
anagement_Ndis\"" --cfg "feature=\"Win32_Networking\"" --cfg "feature=\"Win32_Networking_WinSock\"" --cfg "feature=\"Wi
n32_Security\"" --cfg "feature=\"Win32_Storage\"" --cfg "feature=\"Win32_Storage_FileSystem\"" --cfg "feature=\"Win32_S
ystem\"" --cfg "feature=\"Win32_System_Com\"" --cfg "feature=\"Win32_System_IO\"" --cfg "feature=\"Win32_System_Ioctl\"
" --cfg "feature=\"Win32_System_Ole\"" --cfg "feature=\"Win32_System_Rpc\"" --cfg "feature=\"Win32_System_SystemService
s\"" --cfg "feature=\"Win32_System_Variant\"" --cfg "feature=\"Win32_System_Wmi\"" --cfg "feature=\"default\"" --cfg "f
eature=\"std\"" --check-cfg cfg(docsrs,test) --check-cfg "cfg(feature, values(\"AI\", \"AI_Actions\", \"AI_Actions_Host
ing\", \"AI_Actions_Provider\", \"AI_Agents\", \"AI_Agents_Mcp\", \"AI_MachineLearning\", \"ApplicationModel\", \"Appli
cationModel_Activation\", \"ApplicationModel_AppExtensions\", \"ApplicationModel_AppService\", \"ApplicationModel_Appoi
ntments\", \"ApplicationModel_Appointments_AppointmentsProvider\", \"ApplicationModel_Appointments_DataProvider\", \"Ap
plicationModel_Background\", \"ApplicationModel_Calls\", \"ApplicationModel_Calls_Background\", \"ApplicationModel_Call
s_Provider\", \"ApplicationModel_Chat\", \"ApplicationModel_CommunicationBlocking\", \"ApplicationModel_Contacts\", \"A
pplicationModel_Contacts_DataProvider\", \"ApplicationModel_Contacts_Provider\", \"ApplicationModel_ConversationalAgent
\", \"ApplicationModel_Core\", \"ApplicationModel_DataTransfer\", \"ApplicationModel_DataTransfer_DragDrop\", \"Applica
tionModel_DataTransfer_DragDrop_Core\", \"ApplicationModel_DataTransfer_ShareTarget\", \"ApplicationModel_Email\", \"Ap
plicationModel_Email_DataProvider\", \"ApplicationModel_ExtendedExecution\", \"ApplicationModel_ExtendedExecution_Foreg
round\", \"ApplicationModel_Holographic\", \"ApplicationModel_LockScreen\", \"ApplicationModel_PackageExtensions\", \"A
pplicationModel_Payments\", \"ApplicationModel_Payments_Provider\", \"ApplicationModel_Preview\", \"ApplicationModel_Pr
eview_Holographic\", \"ApplicationModel_Preview_InkWorkspace\", \"ApplicationModel_Preview_Notes\", \"ApplicationModel_
Resources\", \"ApplicationModel_Resources_Core\", \"ApplicationModel_Resources_Management\", \"ApplicationModel_Search\
", \"ApplicationModel_Search_Core\", \"ApplicationModel_UserActivities\", \"ApplicationModel_UserActivities_Core\", \"A
pplicationModel_UserDataAccounts\", \"ApplicationModel_UserDataAccounts_Provider\", \"ApplicationModel_UserDataAccounts
_SystemAccess\", \"ApplicationModel_UserDataTasks\", \"ApplicationModel_UserDataTasks_DataProvider\", \"ApplicationMode
l_VoiceCommands\", \"ApplicationModel_Wallet\", \"ApplicationModel_Wallet_System\", \"Data\", \"Data_Html\", \"Data_Jso
n\", \"Data_Pdf\", \"Data_Text\", \"Data_Xml\", \"Data_Xml_Dom\", \"Data_Xml_Xsl\", \"Devices\", \"Devices_Adc\", \"Dev
ices_Adc_Provider\", \"Devices_Background\", \"Devices_Bluetooth\", \"Devices_Bluetooth_Advertisement\", \"Devices_Blue
tooth_Background\", \"Devices_Bluetooth_GenericAttributeProfile\", \"Devices_Bluetooth_Rfcomm\", \"Devices_Custom\", \"
Devices_Display\", \"Devices_Display_Core\", \"Devices_Enumeration\", \"Devices_Enumeration_Pnp\", \"Devices_Geolocatio
n\", \"Devices_Geolocation_Geofencing\", \"Devices_Geolocation_Provider\", \"Devices_Gpio\", \"Devices_Gpio_Provider\",
 \"Devices_Haptics\", \"Devices_HumanInterfaceDevice\", \"Devices_I2c\", \"Devices_I2c_Provider\", \"Devices_Input\", \
"Devices_Input_Preview\", \"Devices_Lights\", \"Devices_Lights_Effects\", \"Devices_Midi\", \"Devices_PointOfService\",
 \"Devices_PointOfService_Provider\", \"Devices_Portable\", \"Devices_Power\", \"Devices_Printers\", \"Devices_Printers
_Extensions\", \"Devices_Pwm\", \"Devices_Pwm_Provider\", \"Devices_Radios\", \"Devices_Scanners\", \"Devices_Sensors\"
, \"Devices_Sensors_Custom\", \"Devices_SerialCommunication\", \"Devices_SmartCards\", \"Devices_Sms\", \"Devices_Spi\"
, \"Devices_Spi_Provider\", \"Devices_Usb\", \"Devices_WiFi\", \"Devices_WiFiDirect\", \"Devices_WiFiDirect_Services\",
 \"Foundation\", \"Foundation_Collections\", \"Foundation_Diagnostics\", \"Foundation_Metadata\", \"Foundation_Numerics
\", \"Gaming\", \"Gaming_Input\", \"Gaming_Input_Custom\", \"Gaming_Input_ForceFeedback\", \"Gaming_Input_Preview\", \"
Gaming_Preview\", \"Gaming_Preview_GamesEnumeration\", \"Gaming_UI\", \"Gaming_XboxLive\", \"Gaming_XboxLive_Storage\",
 \"Globalization\", \"Globalization_Collation\", \"Globalization_DateTimeFormatting\", \"Globalization_Fonts\", \"Globa
lization_NumberFormatting\", \"Globalization_PhoneNumberFormatting\", \"Graphics\", \"Graphics_Capture\", \"Graphics_Di
rectX\", \"Graphics_DirectX_Direct3D11\", \"Graphics_Display\", \"Graphics_Display_Core\", \"Graphics_Effects\", \"Grap
hics_Holographic\", \"Graphics_Imaging\", \"Graphics_Printing\", \"Graphics_Printing3D\", \"Graphics_Printing_OptionDet
ails\", \"Graphics_Printing_PrintSupport\", \"Graphics_Printing_PrintTicket\", \"Graphics_Printing_ProtectedPrint\", \"
Graphics_Printing_Workflow\", \"Management\", \"Management_Core\", \"Management_Deployment\", \"Management_Deployment_P
review\", \"Management_Policies\", \"Management_Setup\", \"Management_Update\", \"Management_Workplace\", \"Media\", \"
Media_AppBroadcasting\", \"Media_AppRecording\", \"Media_Audio\", \"Media_Capture\", \"Media_Capture_Core\", \"Media_Ca
pture_Frames\", \"Media_Casting\", \"Media_ClosedCaptioning\", \"Media_ContentRestrictions\", \"Media_Control\", \"Medi
a_Core\", \"Media_Core_Preview\", \"Media_Devices\", \"Media_Devices_Core\", \"Media_DialProtocol\", \"Media_Editing\",
 \"Media_Effects\", \"Media_FaceAnalysis\", \"Media_Import\", \"Media_MediaProperties\", \"Media_Miracast\", \"Media_Oc
r\", \"Media_PlayTo\", \"Media_Playback\", \"Media_Playlists\", \"Media_Protection\", \"Media_Protection_PlayReady\", \
"Media_Render\", \"Media_SpeechRecognition\", \"Media_SpeechSynthesis\", \"Media_Streaming\", \"Media_Streaming_Adaptiv
e\", \"Media_Transcoding\", \"Networking\", \"Networking_BackgroundTransfer\", \"Networking_Connectivity\", \"Networkin
g_NetworkOperators\", \"Networking_Proximity\", \"Networking_PushNotifications\", \"Networking_ServiceDiscovery\", \"Ne
tworking_ServiceDiscovery_Dnssd\", \"Networking_Sockets\", \"Networking_Vpn\", \"Networking_XboxLive\", \"Perception\",
 \"Perception_Automation\", \"Perception_Automation_Core\", \"Perception_People\", \"Perception_Spatial\", \"Perception
_Spatial_Preview\", \"Perception_Spatial_Surfaces\", \"Security\", \"Security_Authentication\", \"Security_Authenticati
on_Identity\", \"Security_Authentication_Identity_Core\", \"Security_Authentication_OnlineId\", \"Security_Authenticati
on_Web\", \"Security_Authentication_Web_Core\", \"Security_Authentication_Web_Provider\", \"Security_Authorization\", \
"Security_Authorization_AppCapabilityAccess\", \"Security_Credentials\", \"Security_Credentials_UI\", \"Security_Crypto
graphy\", \"Security_Cryptography_Certificates\", \"Security_Cryptography_Core\", \"Security_Cryptography_DataProtectio
n\", \"Security_DataProtection\", \"Security_EnterpriseData\", \"Security_ExchangeActiveSyncProvisioning\", \"Security_
Isolation\", \"Services\", \"Services_Maps\", \"Services_Maps_Guidance\", \"Services_Maps_LocalSearch\", \"Services_Map
s_OfflineMaps\", \"Services_Store\", \"Services_TargetedContent\", \"Storage\", \"Storage_AccessCache\", \"Storage_Bulk
Access\", \"Storage_Compression\", \"Storage_FileProperties\", \"Storage_Pickers\", \"Storage_Pickers_Provider\", \"Sto
rage_Provider\", \"Storage_Search\", \"Storage_Streams\", \"System\", \"System_Diagnostics\", \"System_Diagnostics_Devi
cePortal\", \"System_Diagnostics_Telemetry\", \"System_Diagnostics_TraceReporting\", \"System_Display\", \"System_Imple
mentation\", \"System_Implementation_FileExplorer\", \"System_Inventory\", \"System_Power\", \"System_Profile\", \"Syst
em_Profile_SystemManufacturers\", \"System_RemoteDesktop\", \"System_RemoteDesktop_Input\", \"System_RemoteDesktop_Prov
ider\", \"System_RemoteSystems\", \"System_Threading\", \"System_Threading_Core\", \"System_Update\", \"System_UserProf
ile\", \"UI\", \"UI_Accessibility\", \"UI_ApplicationSettings\", \"UI_Composition\", \"UI_Composition_Core\", \"UI_Comp
osition_Desktop\", \"UI_Composition_Diagnostics\", \"UI_Composition_Effects\", \"UI_Composition_Interactions\", \"UI_Co
mposition_Scenes\", \"UI_Core\", \"UI_Core_AnimationMetrics\", \"UI_Core_Preview\", \"UI_Input\", \"UI_Input_Core\", \"
UI_Input_Inking\", \"UI_Input_Inking_Analysis\", \"UI_Input_Inking_Core\", \"UI_Input_Inking_Preview\", \"UI_Input_Prev
iew\", \"UI_Input_Preview_Injection\", \"UI_Input_Preview_Text\", \"UI_Input_Spatial\", \"UI_Notifications\", \"UI_Noti
fications_Management\", \"UI_Notifications_Preview\", \"UI_Popups\", \"UI_Shell\", \"UI_StartScreen\", \"UI_Text\", \"U
I_Text_Core\", \"UI_UIAutomation\", \"UI_UIAutomation_Core\", \"UI_ViewManagement\", \"UI_ViewManagement_Core\", \"UI_W
ebUI\", \"UI_WindowManagement\", \"UI_WindowManagement_Preview\", \"Wdk\", \"Wdk_Devices\", \"Wdk_Devices_Bluetooth\", 
\"Wdk_Devices_HumanInterfaceDevice\", \"Wdk_Foundation\", \"Wdk_Graphics\", \"Wdk_Graphics_Direct3D\", \"Wdk_NetworkMan
agement\", \"Wdk_NetworkManagement_Ndis\", \"Wdk_NetworkManagement_WindowsFilteringPlatform\", \"Wdk_Storage\", \"Wdk_S
torage_FileSystem\", \"Wdk_Storage_FileSystem_Minifilters\", \"Wdk_System\", \"Wdk_System_IO\", \"Wdk_System_Memory\", 
\"Wdk_System_OfflineRegistry\", \"Wdk_System_Registry\", \"Wdk_System_SystemInformation\", \"Wdk_System_SystemServices\
", \"Wdk_System_Threading\", \"Web\", \"Web_AtomPub\", \"Web_Http\", \"Web_Http_Diagnostics\", \"Web_Http_Filters\", \"
Web_Http_Headers\", \"Web_Syndication\", \"Web_UI\", \"Web_UI_Interop\", \"Win32\", \"Win32_AI\", \"Win32_AI_MachineLea
rning\", \"Win32_AI_MachineLearning_DirectML\", \"Win32_AI_MachineLearning_WinML\", \"Win32_Data\", \"Win32_Data_HtmlHe
lp\", \"Win32_Data_RightsManagement\", \"Win32_Data_Xml\", \"Win32_Data_Xml_MsXml\", \"Win32_Data_Xml_XmlLite\", \"Win3
2_Devices\", \"Win32_Devices_AllJoyn\", \"Win32_Devices_Beep\", \"Win32_Devices_BiometricFramework\", \"Win32_Devices_B
luetooth\", \"Win32_Devices_Cdrom\", \"Win32_Devices_Communication\", \"Win32_Devices_DeviceAccess\", \"Win32_Devices_D
eviceAndDriverInstallation\", \"Win32_Devices_DeviceQuery\", \"Win32_Devices_Display\", \"Win32_Devices_Dvd\", \"Win32_
Devices_Enumeration\", \"Win32_Devices_Enumeration_Pnp\", \"Win32_Devices_Fax\", \"Win32_Devices_FunctionDiscovery\", \
"Win32_Devices_Geolocation\", \"Win32_Devices_HumanInterfaceDevice\", \"Win32_Devices_ImageAcquisition\", \"Win32_Devic
es_Nfc\", \"Win32_Devices_Nfp\", \"Win32_Devices_PortableDevices\", \"Win32_Devices_Properties\", \"Win32_Devices_Pwm\"
, \"Win32_Devices_Sensors\", \"Win32_Devices_SerialCommunication\", \"Win32_Devices_Tapi\", \"Win32_Devices_Usb\", \"Wi
n32_Devices_WebServicesOnDevices\", \"Win32_Foundation\", \"Win32_Gaming\", \"Win32_Globalization\", \"Win32_Graphics\"
, \"Win32_Graphics_CompositionSwapchain\", \"Win32_Graphics_DXCore\", \"Win32_Graphics_Direct2D\", \"Win32_Graphics_Dir
ect2D_Common\", \"Win32_Graphics_Direct3D\", \"Win32_Graphics_Direct3D10\", \"Win32_Graphics_Direct3D11\", \"Win32_Grap
hics_Direct3D11on12\", \"Win32_Graphics_Direct3D12\", \"Win32_Graphics_Direct3D9\", \"Win32_Graphics_Direct3D9on12\", \
"Win32_Graphics_Direct3D_Dxc\", \"Win32_Graphics_Direct3D_Fxc\", \"Win32_Graphics_DirectComposition\", \"Win32_Graphics
_DirectDraw\", \"Win32_Graphics_DirectManipulation\", \"Win32_Graphics_DirectWrite\", \"Win32_Graphics_Dwm\", \"Win32_G
raphics_Dxgi\", \"Win32_Graphics_Dxgi_Common\", \"Win32_Graphics_Gdi\", \"Win32_Graphics_GdiPlus\", \"Win32_Graphics_Hl
sl\", \"Win32_Graphics_Imaging\", \"Win32_Graphics_Imaging_D2D\", \"Win32_Graphics_OpenGL\", \"Win32_Graphics_Printing\
", \"Win32_Graphics_Printing_PrintTicket\", \"Win32_Management\", \"Win32_Management_MobileDeviceManagementRegistration
\", \"Win32_Media\", \"Win32_Media_Audio\", \"Win32_Media_Audio_Apo\", \"Win32_Media_Audio_DirectMusic\", \"Win32_Media
_Audio_DirectSound\", \"Win32_Media_Audio_Endpoints\", \"Win32_Media_Audio_XAudio2\", \"Win32_Media_DeviceManager\", \"
Win32_Media_DirectShow\", \"Win32_Media_DirectShow_Tv\", \"Win32_Media_DirectShow_Xml\", \"Win32_Media_DxMediaObjects\"
, \"Win32_Media_KernelStreaming\", \"Win32_Media_LibrarySharingServices\", \"Win32_Media_MediaFoundation\", \"Win32_Med
ia_MediaPlayer\", \"Win32_Media_Multimedia\", \"Win32_Media_PictureAcquisition\", \"Win32_Media_Speech\", \"Win32_Media
_Streaming\", \"Win32_Media_WindowsMediaFormat\", \"Win32_NetworkManagement\", \"Win32_NetworkManagement_Dhcp\", \"Win3
2_NetworkManagement_Dns\", \"Win32_NetworkManagement_InternetConnectionWizard\", \"Win32_NetworkManagement_IpHelper\", 
\"Win32_NetworkManagement_MobileBroadband\", \"Win32_NetworkManagement_Multicast\", \"Win32_NetworkManagement_Ndis\", \
"Win32_NetworkManagement_NetBios\", \"Win32_NetworkManagement_NetManagement\", \"Win32_NetworkManagement_NetShell\", \"
Win32_NetworkManagement_NetworkDiagnosticsFramework\", \"Win32_NetworkManagement_NetworkPolicyServer\", \"Win32_Network
Management_P2P\", \"Win32_NetworkManagement_QoS\", \"Win32_NetworkManagement_Rras\", \"Win32_NetworkManagement_Snmp\", 
\"Win32_NetworkManagement_WNet\", \"Win32_NetworkManagement_WebDav\", \"Win32_NetworkManagement_WiFi\", \"Win32_Network
Management_WindowsConnectNow\", \"Win32_NetworkManagement_WindowsConnectionManager\", \"Win32_NetworkManagement_Windows
FilteringPlatform\", \"Win32_NetworkManagement_WindowsFirewall\", \"Win32_NetworkManagement_WindowsNetworkVirtualizatio
n\", \"Win32_Networking\", \"Win32_Networking_ActiveDirectory\", \"Win32_Networking_BackgroundIntelligentTransferServic
e\", \"Win32_Networking_Clustering\", \"Win32_Networking_HttpServer\", \"Win32_Networking_Ldap\", \"Win32_Networking_Ne
tworkListManager\", \"Win32_Networking_RemoteDifferentialCompression\", \"Win32_Networking_WebSocket\", \"Win32_Network
ing_WinHttp\", \"Win32_Networking_WinInet\", \"Win32_Networking_WinSock\", \"Win32_Networking_WindowsWebServices\", \"W
in32_Security\", \"Win32_Security_AppLocker\", \"Win32_Security_Authentication\", \"Win32_Security_Authentication_Ident
ity\", \"Win32_Security_Authentication_Identity_Provider\", \"Win32_Security_Authorization\", \"Win32_Security_Authoriz
ation_UI\", \"Win32_Security_ConfigurationSnapin\", \"Win32_Security_Credentials\", \"Win32_Security_Cryptography\", \"
Win32_Security_Cryptography_Catalog\", \"Win32_Security_Cryptography_Certificates\", \"Win32_Security_Cryptography_Sip\
", \"Win32_Security_Cryptography_UI\", \"Win32_Security_DiagnosticDataQuery\", \"Win32_Security_DirectoryServices\", \"
Win32_Security_EnterpriseData\", \"Win32_Security_ExtensibleAuthenticationProtocol\", \"Win32_Security_Isolation\", \"W
in32_Security_LicenseProtection\", \"Win32_Security_NetworkAccessProtection\", \"Win32_Security_Tpm\", \"Win32_Security
_WinTrust\", \"Win32_Security_WinWlx\", \"Win32_Storage\", \"Win32_Storage_Cabinets\", \"Win32_Storage_CloudFilters\", 
\"Win32_Storage_Compression\", \"Win32_Storage_DataDeduplication\", \"Win32_Storage_DistributedFileSystem\", \"Win32_St
orage_EnhancedStorage\", \"Win32_Storage_FileHistory\", \"Win32_Storage_FileServerResourceManager\", \"Win32_Storage_Fi
leSystem\", \"Win32_Storage_Imapi\", \"Win32_Storage_IndexServer\", \"Win32_Storage_InstallableFileSystems\", \"Win32_S
torage_IscsiDisc\", \"Win32_Storage_Jet\", \"Win32_Storage_Nvme\", \"Win32_Storage_OfflineFiles\", \"Win32_Storage_Oper
ationRecorder\", \"Win32_Storage_Packaging\", \"Win32_Storage_Packaging_Appx\", \"Win32_Storage_Packaging_Opc\", \"Win3
2_Storage_ProjectedFileSystem\", \"Win32_Storage_StructuredStorage\", \"Win32_Storage_Vhd\", \"Win32_Storage_VirtualDis
kService\", \"Win32_Storage_Vss\", \"Win32_Storage_Xps\", \"Win32_Storage_Xps_Printing\", \"Win32_System\", \"Win32_Sys
tem_AddressBook\", \"Win32_System_Antimalware\", \"Win32_System_ApplicationInstallationAndServicing\", \"Win32_System_A
pplicationVerifier\", \"Win32_System_AssessmentTool\", \"Win32_System_ClrHosting\", \"Win32_System_Com\", \"Win32_Syste
m_Com_CallObj\", \"Win32_System_Com_ChannelCredentials\", \"Win32_System_Com_Events\", \"Win32_System_Com_Marshal\", \"
Win32_System_Com_StructuredStorage\", \"Win32_System_Com_UI\", \"Win32_System_Com_Urlmon\", \"Win32_System_ComponentSer
vices\", \"Win32_System_Console\", \"Win32_System_Contacts\", \"Win32_System_CorrelationVector\", \"Win32_System_DataEx
change\", \"Win32_System_DeploymentServices\", \"Win32_System_DesktopSharing\", \"Win32_System_DeveloperLicensing\", \"
Win32_System_Diagnostics\", \"Win32_System_Diagnostics_Ceip\", \"Win32_System_Diagnostics_ClrProfiling\", \"Win32_Syste
m_Diagnostics_Debug\", \"Win32_System_Diagnostics_Debug_ActiveScript\", \"Win32_System_Diagnostics_Debug_Extensions\", 
\"Win32_System_Diagnostics_Etw\", \"Win32_System_Diagnostics_ProcessSnapshotting\", \"Win32_System_Diagnostics_ToolHelp
\", \"Win32_System_Diagnostics_TraceLogging\", \"Win32_System_DistributedTransactionCoordinator\", \"Win32_System_Envir
onment\", \"Win32_System_ErrorReporting\", \"Win32_System_EventCollector\", \"Win32_System_EventLog\", \"Win32_System_E
ventNotificationService\", \"Win32_System_GroupPolicy\", \"Win32_System_HostCompute\", \"Win32_System_HostComputeNetwor
k\", \"Win32_System_HostComputeSystem\", \"Win32_System_Hypervisor\", \"Win32_System_IO\", \"Win32_System_Iis\", \"Win3
2_System_Ioctl\", \"Win32_System_JobObjects\", \"Win32_System_Js\", \"Win32_System_Kernel\", \"Win32_System_LibraryLoad
er\", \"Win32_System_Mailslots\", \"Win32_System_Mapi\", \"Win32_System_Memory\", \"Win32_System_Memory_NonVolatile\", 
\"Win32_System_MessageQueuing\", \"Win32_System_MixedReality\", \"Win32_System_Mmc\", \"Win32_System_Ole\", \"Win32_Sys
tem_ParentalControls\", \"Win32_System_PasswordManagement\", \"Win32_System_Performance\", \"Win32_System_Performance_H
ardwareCounterProfiling\", \"Win32_System_Pipes\", \"Win32_System_Power\", \"Win32_System_ProcessStatus\", \"Win32_Syst
em_RealTimeCommunications\", \"Win32_System_Recovery\", \"Win32_System_Registry\", \"Win32_System_RemoteAssistance\", \
"Win32_System_RemoteDesktop\", \"Win32_System_RemoteManagement\", \"Win32_System_RestartManager\", \"Win32_System_Resto
re\", \"Win32_System_Rpc\", \"Win32_System_Search\", \"Win32_System_Search_Common\", \"Win32_System_SecurityCenter\", \
"Win32_System_ServerBackup\", \"Win32_System_Services\", \"Win32_System_SettingsManagementInfrastructure\", \"Win32_Sys
tem_SetupAndMigration\", \"Win32_System_Shutdown\", \"Win32_System_SideShow\", \"Win32_System_StationsAndDesktops\", \"
Win32_System_SubsystemForLinux\", \"Win32_System_SystemInformation\", \"Win32_System_SystemServices\", \"Win32_System_T
askScheduler\", \"Win32_System_Threading\", \"Win32_System_Time\", \"Win32_System_TpmBaseServices\", \"Win32_System_Tra
nsactionServer\", \"Win32_System_UpdateAgent\", \"Win32_System_UpdateAssessment\", \"Win32_System_UserAccessLogging\", 
\"Win32_System_Variant\", \"Win32_System_VirtualDosMachines\", \"Win32_System_WinRT\", \"Win32_System_WinRT_AllJoyn\", 
\"Win32_System_WinRT_Composition\", \"Win32_System_WinRT_CoreInputView\", \"Win32_System_WinRT_Direct3D11\", \"Win32_Sy
stem_WinRT_Display\", \"Win32_System_WinRT_Graphics\", \"Win32_System_WinRT_Graphics_Capture\", \"Win32_System_WinRT_Gr
aphics_Direct2D\", \"Win32_System_WinRT_Graphics_Imaging\", \"Win32_System_WinRT_Holographic\", \"Win32_System_WinRT_Is
olation\", \"Win32_System_WinRT_ML\", \"Win32_System_WinRT_Media\", \"Win32_System_WinRT_Metadata\", \"Win32_System_Win
RT_Pdf\", \"Win32_System_WinRT_Printing\", \"Win32_System_WinRT_Shell\", \"Win32_System_WinRT_Storage\", \"Win32_System
_WindowsProgramming\", \"Win32_System_WindowsSync\", \"Win32_System_Wmi\", \"Win32_UI\", \"Win32_UI_Accessibility\", \"
Win32_UI_Animation\", \"Win32_UI_ColorSystem\", \"Win32_UI_Controls\", \"Win32_UI_Controls_Dialogs\", \"Win32_UI_Contro
ls_RichEdit\", \"Win32_UI_HiDpi\", \"Win32_UI_Input\", \"Win32_UI_Input_Ime\", \"Win32_UI_Input_Ink\", \"Win32_UI_Input
_KeyboardAndMouse\", \"Win32_UI_Input_Pointer\", \"Win32_UI_Input_Radial\", \"Win32_UI_Input_Touch\", \"Win32_UI_Input_
XboxController\", \"Win32_UI_InteractionContext\", \"Win32_UI_LegacyWindowsEnvironmentFeatures\", \"Win32_UI_Magnificat
ion\", \"Win32_UI_Notifications\", \"Win32_UI_Ribbon\", \"Win32_UI_Shell\", \"Win32_UI_Shell_Common\", \"Win32_UI_Shell
_PropertiesSystem\", \"Win32_UI_TabletPC\", \"Win32_UI_TextServices\", \"Win32_UI_WindowsAndMessaging\", \"Win32_UI_Wpf
\", \"Win32_Web\", \"Win32_Web_InternetExplorer\", \"default\", \"docs\", \"std\"))" -C metadata=dd2e36a4e31f6350 -C ex
tra-filename=-0132cd133dc61de5 --out-dir D:\AI\alou-pay\aloupay\alou-desktop\src-tauri\target\release\deps -C strip=sym
bols -L dependency=D:\AI\alou-pay\aloupay\alou-desktop\src-tauri\target\release\deps --extern windows_collections=D:\AI
\alou-pay\aloupay\alou-desktop\src-tauri\target\release\deps\libwindows_collections-c7d61f0a6fa03a0a.rmeta --extern win
dows_core=D:\AI\alou-pay\aloupay\alou-desktop\src-tauri\target\release\deps\libwindows_core-e42efb4dca322f85.rmeta --ex
tern windows_future=D:\AI\alou-pay\aloupay\alou-desktop\src-tauri\target\release\deps\libwindows_future-81df42a0e4efba1
e.rmeta --extern windows_numerics=D:\AI\alou-pay\aloupay\alou-desktop\src-tauri\target\release\deps\libwindows_numerics
-dfefd1fef53c07df.rmeta --cap-lints allow` (exit code: 0xc0000409, STATUS_STACK_BUFFER_OVERRUN)
note: no errors encountered even though delayed bugs were created

note: those delayed bugs will now be shown as internal compiler errors

error: internal compiler error: no resolution for an import
 --> C:\Users\Mechrevo\.cargo\registry\src\index.crates.io-1949cf8c6b5b557f\webview2-com-0.38.0\src\callback.rs:2:12
  |
2 |     core::{IUnknown, Interface, Ref, BOOL, HRESULT, PCWSTR},
  |            ^^^^^^^^
  |
note: delayed at compiler\rustc_ast_lowering\src\lib.rs:760:24 - disabled backtrace
 --> C:\Users\Mechrevo\.cargo\registry\src\index.crates.io-1949cf8c6b5b557f\webview2-com-0.38.0\src\callback.rs:2:12
  |
2 |     core::{IUnknown, Interface, Ref, BOOL, HRESULT, PCWSTR},
  |            ^^^^^^^^

error: internal compiler error: no resolution for an import
 --> C:\Users\Mechrevo\.cargo\registry\src\index.crates.io-1949cf8c6b5b557f\webview2-com-0.38.0\src\callback.rs:2:22
  |
2 |     core::{IUnknown, Interface, Ref, BOOL, HRESULT, PCWSTR},
  |                      ^^^^^^^^^
  |
note: delayed at compiler\rustc_ast_lowering\src\lib.rs:760:24 - disabled backtrace
 --> C:\Users\Mechrevo\.cargo\registry\src\index.crates.io-1949cf8c6b5b557f\webview2-com-0.38.0\src\callback.rs:2:22
  |
2 |     core::{IUnknown, Interface, Ref, BOOL, HRESULT, PCWSTR},
  |                      ^^^^^^^^^

error: internal compiler error: no resolution for an import
 --> C:\Users\Mechrevo\.cargo\registry\src\index.crates.io-1949cf8c6b5b557f\webview2-com-0.38.0\src\callback.rs:2:33
  |
2 |     core::{IUnknown, Interface, Ref, BOOL, HRESULT, PCWSTR},
  |                                 ^^^
  |
note: delayed at compiler\rustc_ast_lowering\src\lib.rs:760:24 - disabled backtrace
 --> C:\Users\Mechrevo\.cargo\registry\src\index.crates.io-1949cf8c6b5b557f\webview2-com-0.38.0\src\callback.rs:2:33
  |
2 |     core::{IUnknown, Interface, Ref, BOOL, HRESULT, PCWSTR},
  |                                 ^^^

error: internal compiler error: no resolution for an import
 --> C:\Users\Mechrevo\.cargo\registry\src\index.crates.io-1949cf8c6b5b557f\webview2-com-0.38.0\src\callback.rs:2:38
  |
2 |     core::{IUnknown, Interface, Ref, BOOL, HRESULT, PCWSTR},
  |                                      ^^^^
  |
note: delayed at compiler\rustc_ast_lowering\src\lib.rs:760:24 - disabled backtrace
 --> C:\Users\Mechrevo\.cargo\registry\src\index.crates.io-1949cf8c6b5b557f\webview2-com-0.38.0\src\callback.rs:2:38
  |
2 |     core::{IUnknown, Interface, Ref, BOOL, HRESULT, PCWSTR},
  |                                      ^^^^

error: internal compiler error: no resolution for an import
 --> C:\Users\Mechrevo\.cargo\registry\src\index.crates.io-1949cf8c6b5b557f\webview2-com-0.38.0\src\callback.rs:2:44
  |
2 |     core::{IUnknown, Interface, Ref, BOOL, HRESULT, PCWSTR},
  |                                            ^^^^^^^
  |
note: delayed at compiler\rustc_ast_lowering\src\lib.rs:760:24 - disabled backtrace
 --> C:\Users\Mechrevo\.cargo\registry\src\index.crates.io-1949cf8c6b5b557f\webview2-com-0.38.0\src\callback.rs:2:44
  |
2 |     core::{IUnknown, Interface, Ref, BOOL, HRESULT, PCWSTR},
  |                                            ^^^^^^^

error: internal compiler error: no resolution for an import
 --> C:\Users\Mechrevo\.cargo\registry\src\index.crates.io-1949cf8c6b5b557f\webview2-com-0.38.0\src\callback.rs:2:53
  |
2 |     core::{IUnknown, Interface, Ref, BOOL, HRESULT, PCWSTR},
  |                                                     ^^^^^^
  |
note: delayed at compiler\rustc_ast_lowering\src\lib.rs:760:24 - disabled backtrace
 --> C:\Users\Mechrevo\.cargo\registry\src\index.crates.io-1949cf8c6b5b557f\webview2-com-0.38.0\src\callback.rs:2:53
  |
2 |     core::{IUnknown, Interface, Ref, BOOL, HRESULT, PCWSTR},
  |                                                     ^^^^^^

error: internal compiler error: no resolution for an import
 --> C:\Users\Mechrevo\.cargo\registry\src\index.crates.io-1949cf8c6b5b557f\webview2-com-0.38.0\src\callback.rs:3:5
  |
3 |     Win32::System::Com::IStream,
  |     ^^^^^^^^^^^^^^^^^^^^^^^^^^^
  |
note: delayed at compiler\rustc_ast_lowering\src\lib.rs:760:24 - disabled backtrace
 --> C:\Users\Mechrevo\.cargo\registry\src\index.crates.io-1949cf8c6b5b557f\webview2-com-0.38.0\src\callback.rs:3:5
  |
3 |     Win32::System::Com::IStream,
  |     ^^^^^^^^^^^^^^^^^^^^^^^^^^^

error: internal compiler error: no resolution for an import
 --> C:\Users\Mechrevo\.cargo\registry\src\index.crates.io-1949cf8c6b5b557f\webview2-com-0.38.0\src\options.rs:5:12
  |
5 |     core::{Error, IUnknown, IUnknown_Vtbl, Interface, Result, BOOL, HRESULT, PCWSTR, PWSTR},
  |            ^^^^^
  |
note: delayed at compiler\rustc_ast_lowering\src\lib.rs:760:24 - disabled backtrace
 --> C:\Users\Mechrevo\.cargo\registry\src\index.crates.io-1949cf8c6b5b557f\webview2-com-0.38.0\src\options.rs:5:12
  |
5 |     core::{Error, IUnknown, IUnknown_Vtbl, Interface, Result, BOOL, HRESULT, PCWSTR, PWSTR},
  |            ^^^^^

error: internal compiler error: no resolution for an import
 --> C:\Users\Mechrevo\.cargo\registry\src\index.crates.io-1949cf8c6b5b557f\webview2-com-0.38.0\src\options.rs:5:19
  |
5 |     core::{Error, IUnknown, IUnknown_Vtbl, Interface, Result, BOOL, HRESULT, PCWSTR, PWSTR},
  |                   ^^^^^^^^
  |
note: delayed at compiler\rustc_ast_lowering\src\lib.rs:760:24 - disabled backtrace
 --> C:\Users\Mechrevo\.cargo\registry\src\index.crates.io-1949cf8c6b5b557f\webview2-com-0.38.0\src\options.rs:5:19
  |
5 |     core::{Error, IUnknown, IUnknown_Vtbl, Interface, Result, BOOL, HRESULT, PCWSTR, PWSTR},
  |                   ^^^^^^^^

error: internal compiler error: no resolution for an import
 --> C:\Users\Mechrevo\.cargo\registry\src\index.crates.io-1949cf8c6b5b557f\webview2-com-0.38.0\src\options.rs:5:29
  |
5 |     core::{Error, IUnknown, IUnknown_Vtbl, Interface, Result, BOOL, HRESULT, PCWSTR, PWSTR},
  |                             ^^^^^^^^^^^^^
  |
note: delayed at compiler\rustc_ast_lowering\src\lib.rs:760:24 - disabled backtrace
 --> C:\Users\Mechrevo\.cargo\registry\src\index.crates.io-1949cf8c6b5b557f\webview2-com-0.38.0\src\options.rs:5:29
  |
5 |     core::{Error, IUnknown, IUnknown_Vtbl, Interface, Result, BOOL, HRESULT, PCWSTR, PWSTR},
  |                             ^^^^^^^^^^^^^

error: internal compiler error: no resolution for an import
 --> C:\Users\Mechrevo\.cargo\registry\src\index.crates.io-1949cf8c6b5b557f\webview2-com-0.38.0\src\options.rs:5:44
  |
5 |     core::{Error, IUnknown, IUnknown_Vtbl, Interface, Result, BOOL, HRESULT, PCWSTR, PWSTR},
  |                                            ^^^^^^^^^
  |
note: delayed at compiler\rustc_ast_lowering\src\lib.rs:760:24 - disabled backtrace
 --> C:\Users\Mechrevo\.cargo\registry\src\index.crates.io-1949cf8c6b5b557f\webview2-com-0.38.0\src\options.rs:5:44
  |
5 |     core::{Error, IUnknown, IUnknown_Vtbl, Interface, Result, BOOL, HRESULT, PCWSTR, PWSTR},
  |                                            ^^^^^^^^^

error: internal compiler error: no resolution for an import
 --> C:\Users\Mechrevo\.cargo\registry\src\index.crates.io-1949cf8c6b5b557f\webview2-com-0.38.0\src\options.rs:5:55
  |
5 |     core::{Error, IUnknown, IUnknown_Vtbl, Interface, Result, BOOL, HRESULT, PCWSTR, PWSTR},
  |                                                       ^^^^^^
  |
note: delayed at compiler\rustc_ast_lowering\src\lib.rs:760:24 - disabled backtrace
 --> C:\Users\Mechrevo\.cargo\registry\src\index.crates.io-1949cf8c6b5b557f\webview2-com-0.38.0\src\options.rs:5:55
  |
5 |     core::{Error, IUnknown, IUnknown_Vtbl, Interface, Result, BOOL, HRESULT, PCWSTR, PWSTR},
  |                                                       ^^^^^^

error: internal compiler error: no resolution for an import
 --> C:\Users\Mechrevo\.cargo\registry\src\index.crates.io-1949cf8c6b5b557f\webview2-com-0.38.0\src\options.rs:5:63
  |
5 |     core::{Error, IUnknown, IUnknown_Vtbl, Interface, Result, BOOL, HRESULT, PCWSTR, PWSTR},
  |                                                               ^^^^
  |
note: delayed at compiler\rustc_ast_lowering\src\lib.rs:760:24 - disabled backtrace
 --> C:\Users\Mechrevo\.cargo\registry\src\index.crates.io-1949cf8c6b5b557f\webview2-com-0.38.0\src\options.rs:5:63
  |
5 |     core::{Error, IUnknown, IUnknown_Vtbl, Interface, Result, BOOL, HRESULT, PCWSTR, PWSTR},
  |                                                               ^^^^

error: internal compiler error: no resolution for an import
 --> C:\Users\Mechrevo\.cargo\registry\src\index.crates.io-1949cf8c6b5b557f\webview2-com-0.38.0\src\options.rs:5:69
  |
5 |     core::{Error, IUnknown, IUnknown_Vtbl, Interface, Result, BOOL, HRESULT, PCWSTR, PWSTR},
  |                                                                     ^^^^^^^
  |
note: delayed at compiler\rustc_ast_lowering\src\lib.rs:760:24 - disabled backtrace
 --> C:\Users\Mechrevo\.cargo\registry\src\index.crates.io-1949cf8c6b5b557f\webview2-com-0.38.0\src\options.rs:5:69
  |
5 |     core::{Error, IUnknown, IUnknown_Vtbl, Interface, Result, BOOL, HRESULT, PCWSTR, PWSTR},
  |                                                                     ^^^^^^^

error: internal compiler error: no resolution for an import
 --> C:\Users\Mechrevo\.cargo\registry\src\index.crates.io-1949cf8c6b5b557f\webview2-com-0.38.0\src\options.rs:5:78
  |
5 |     core::{Error, IUnknown, IUnknown_Vtbl, Interface, Result, BOOL, HRESULT, PCWSTR, PWSTR},
  |                                                                              ^^^^^^
  |
note: delayed at compiler\rustc_ast_lowering\src\lib.rs:760:24 - disabled backtrace
 --> C:\Users\Mechrevo\.cargo\registry\src\index.crates.io-1949cf8c6b5b557f\webview2-com-0.38.0\src\options.rs:5:78
  |
5 |     core::{Error, IUnknown, IUnknown_Vtbl, Interface, Result, BOOL, HRESULT, PCWSTR, PWSTR},
  |                                                                              ^^^^^^

error: internal compiler error: no resolution for an import
 --> C:\Users\Mechrevo\.cargo\registry\src\index.crates.io-1949cf8c6b5b557f\webview2-com-0.38.0\src\options.rs:5:86
  |
5 |     core::{Error, IUnknown, IUnknown_Vtbl, Interface, Result, BOOL, HRESULT, PCWSTR, PWSTR},
  |                                                                                      ^^^^^
  |
note: delayed at compiler\rustc_ast_lowering\src\lib.rs:760:24 - disabled backtrace
 --> C:\Users\Mechrevo\.cargo\registry\src\index.crates.io-1949cf8c6b5b557f\webview2-com-0.38.0\src\options.rs:5:86
  |
5 |     core::{Error, IUnknown, IUnknown_Vtbl, Interface, Result, BOOL, HRESULT, PCWSTR, PWSTR},
  |                                                                                      ^^^^^

error: internal compiler error: no resolution for an import
 --> C:\Users\Mechrevo\.cargo\registry\src\index.crates.io-1949cf8c6b5b557f\webview2-com-0.38.0\src\options.rs:7:22
  |
7 |         Foundation::{E_POINTER, E_UNEXPECTED, S_OK},
  |                      ^^^^^^^^^
  |
note: delayed at compiler\rustc_ast_lowering\src\lib.rs:760:24 - disabled backtrace
 --> C:\Users\Mechrevo\.cargo\registry\src\index.crates.io-1949cf8c6b5b557f\webview2-com-0.38.0\src\options.rs:7:22
  |
7 |         Foundation::{E_POINTER, E_UNEXPECTED, S_OK},
  |                      ^^^^^^^^^

error: internal compiler error: no resolution for an import
 --> C:\Users\Mechrevo\.cargo\registry\src\index.crates.io-1949cf8c6b5b557f\webview2-com-0.38.0\src\options.rs:7:33
  |
7 |         Foundation::{E_POINTER, E_UNEXPECTED, S_OK},
  |                                 ^^^^^^^^^^^^
  |
note: delayed at compiler\rustc_ast_lowering\src\lib.rs:760:24 - disabled backtrace
 --> C:\Users\Mechrevo\.cargo\registry\src\index.crates.io-1949cf8c6b5b557f\webview2-com-0.38.0\src\options.rs:7:33
  |
7 |         Foundation::{E_POINTER, E_UNEXPECTED, S_OK},
  |                                 ^^^^^^^^^^^^

error: internal compiler error: no resolution for an import
 --> C:\Users\Mechrevo\.cargo\registry\src\index.crates.io-1949cf8c6b5b557f\webview2-com-0.38.0\src\options.rs:7:47
  |
7 |         Foundation::{E_POINTER, E_UNEXPECTED, S_OK},
  |                                               ^^^^
  |
note: delayed at compiler\rustc_ast_lowering\src\lib.rs:760:24 - disabled backtrace
 --> C:\Users\Mechrevo\.cargo\registry\src\index.crates.io-1949cf8c6b5b557f\webview2-com-0.38.0\src\options.rs:7:47
  |
7 |         Foundation::{E_POINTER, E_UNEXPECTED, S_OK},
  |                                               ^^^^

error: internal compiler error: no resolution for an import
 --> C:\Users\Mechrevo\.cargo\registry\src\index.crates.io-1949cf8c6b5b557f\webview2-com-0.38.0\src\options.rs:8:9
  |
8 |         System::Com::CoTaskMemAlloc,
  |         ^^^^^^^^^^^^^^^^^^^^^^^^^^^
  |
note: delayed at compiler\rustc_ast_lowering\src\lib.rs:760:24 - disabled backtrace
 --> C:\Users\Mechrevo\.cargo\registry\src\index.crates.io-1949cf8c6b5b557f\webview2-com-0.38.0\src\options.rs:8:9
  |
8 |         System::Com::CoTaskMemAlloc,
  |         ^^^^^^^^^^^^^^^^^^^^^^^^^^^

error: internal compiler error: no resolution for an import
 --> C:\Users\Mechrevo\.cargo\registry\src\index.crates.io-1949cf8c6b5b557f\webview2-com-0.38.0\src\pwstr.rs:4:12
  |
4 |     core::{PCWSTR, PWSTR},
  |            ^^^^^^
  |
note: delayed at compiler\rustc_ast_lowering\src\lib.rs:760:24 - disabled backtrace
 --> C:\Users\Mechrevo\.cargo\registry\src\index.crates.io-1949cf8c6b5b557f\webview2-com-0.38.0\src\pwstr.rs:4:12
  |
4 |     core::{PCWSTR, PWSTR},
  |            ^^^^^^

error: internal compiler error: no resolution for an import
 --> C:\Users\Mechrevo\.cargo\registry\src\index.crates.io-1949cf8c6b5b557f\webview2-com-0.38.0\src\pwstr.rs:4:20
  |
4 |     core::{PCWSTR, PWSTR},
  |                    ^^^^^
  |
note: delayed at compiler\rustc_ast_lowering\src\lib.rs:760:24 - disabled backtrace
 --> C:\Users\Mechrevo\.cargo\registry\src\index.crates.io-1949cf8c6b5b557f\webview2-com-0.38.0\src\pwstr.rs:4:20
  |
4 |     core::{PCWSTR, PWSTR},
  |                    ^^^^^

error: internal compiler error: no resolution for an import
 --> C:\Users\Mechrevo\.cargo\registry\src\index.crates.io-1949cf8c6b5b557f\webview2-com-0.38.0\src\pwstr.rs:5:13
  |
5 |     Win32::{Globalization::lstrlenW, System::Com},
  |             ^^^^^^^^^^^^^^^^^^^^^^^
  |
note: delayed at compiler\rustc_ast_lowering\src\lib.rs:760:24 - disabled backtrace
 --> C:\Users\Mechrevo\.cargo\registry\src\index.crates.io-1949cf8c6b5b557f\webview2-com-0.38.0\src\pwstr.rs:5:13
  |
5 |     Win32::{Globalization::lstrlenW, System::Com},
  |             ^^^^^^^^^^^^^^^^^^^^^^^

error: internal compiler error: no resolution for an import
 --> C:\Users\Mechrevo\.cargo\registry\src\index.crates.io-1949cf8c6b5b557f\webview2-com-0.38.0\src\pwstr.rs:5:38
  |
5 |     Win32::{Globalization::lstrlenW, System::Com},
  |                                      ^^^^^^^^^^^
  |
note: delayed at compiler\rustc_ast_lowering\src\lib.rs:760:24 - disabled backtrace
 --> C:\Users\Mechrevo\.cargo\registry\src\index.crates.io-1949cf8c6b5b557f\webview2-com-0.38.0\src\pwstr.rs:5:38
  |
5 |     Win32::{Globalization::lstrlenW, System::Com},
  |                                      ^^^^^^^^^^^

error: internal compiler error: no resolution for an import
  --> C:\Users\Mechrevo\.cargo\registry\src\index.crates.io-1949cf8c6b5b557f\webview2-com-0.38.0\src\lib.rs:14:5
   |
14 |     core::HRESULT,
   |     ^^^^^^^^^^^^^
   |
note: delayed at compiler\rustc_ast_lowering\src\lib.rs:760:24 - disabled backtrace
  --> C:\Users\Mechrevo\.cargo\registry\src\index.crates.io-1949cf8c6b5b557f\webview2-com-0.38.0\src\lib.rs:14:5
   |
14 |     core::HRESULT,
   |     ^^^^^^^^^^^^^

error: internal compiler error: no resolution for an import
  --> C:\Users\Mechrevo\.cargo\registry\src\index.crates.io-1949cf8c6b5b557f\webview2-com-0.38.0\src\lib.rs:15:38
   |
15 |     Win32::UI::WindowsAndMessaging::{self, MSG},
   |                                      ^^^^
   |
note: delayed at compiler\rustc_ast_lowering\src\lib.rs:760:24 - disabled backtrace
  --> C:\Users\Mechrevo\.cargo\registry\src\index.crates.io-1949cf8c6b5b557f\webview2-com-0.38.0\src\lib.rs:15:38
   |
15 |     Win32::UI::WindowsAndMessaging::{self, MSG},
   |                                      ^^^^

error: internal compiler error: no resolution for an import
  --> C:\Users\Mechrevo\.cargo\registry\src\index.crates.io-1949cf8c6b5b557f\webview2-com-0.38.0\src\lib.rs:15:44
   |
15 |     Win32::UI::WindowsAndMessaging::{self, MSG},
   |                                            ^^^
   |
note: delayed at compiler\rustc_ast_lowering\src\lib.rs:760:24 - disabled backtrace
  --> C:\Users\Mechrevo\.cargo\registry\src\index.crates.io-1949cf8c6b5b557f\webview2-com-0.38.0\src\lib.rs:15:44
   |
15 |     Win32::UI::WindowsAndMessaging::{self, MSG},
   |                                            ^^^

error: internal compiler error: path with `Res::Err` but no error emitted
  --> C:\Users\Mechrevo\.cargo\registry\src\index.crates.io-1949cf8c6b5b557f\webview2-com-0.38.0\src\callback.rs:22:21
   |
22 | impl ClosureArg for HRESULT {
   |                     ^^^^^^^
   |
note: delayed at compiler\rustc_hir_analysis\src\hir_ty_lowering\mod.rs:2051:22 - disabled backtrace
  --> C:\Users\Mechrevo\.cargo\registry\src\index.crates.io-1949cf8c6b5b557f\webview2-com-0.38.0\src\callback.rs:22:21
   |
22 | impl ClosureArg for HRESULT {
   |                     ^^^^^^^

error: internal compiler error: path with `Res::Err` but no error emitted
  --> C:\Users\Mechrevo\.cargo\registry\src\index.crates.io-1949cf8c6b5b557f\webview2-com-0.38.0\src\callback.rs:34:21
   |
34 | impl ClosureArg for BOOL {
   |                     ^^^^
   |
note: delayed at compiler\rustc_hir_analysis\src\hir_ty_lowering\mod.rs:2051:22 - disabled backtrace
  --> C:\Users\Mechrevo\.cargo\registry\src\index.crates.io-1949cf8c6b5b557f\webview2-com-0.38.0\src\callback.rs:34:21
   |
34 | impl ClosureArg for BOOL {
   |                     ^^^^

error: internal compiler error: path with `Res::Err` but no error emitted
  --> C:\Users\Mechrevo\.cargo\registry\src\index.crates.io-1949cf8c6b5b557f\webview2-com-0.38.0\src\callback.rs:46:21
   |
46 | impl ClosureArg for PCWSTR {
   |                     ^^^^^^
   |
note: delayed at compiler\rustc_hir_analysis\src\hir_ty_lowering\mod.rs:2051:22 - disabled backtrace
  --> C:\Users\Mechrevo\.cargo\registry\src\index.crates.io-1949cf8c6b5b557f\webview2-com-0.38.0\src\callback.rs:46:21
   |
46 | impl ClosureArg for PCWSTR {
   |                     ^^^^^^

error: internal compiler error: path with `Res::Err` but no error emitted
  --> C:\Users\Mechrevo\.cargo\registry\src\index.crates.io-1949cf8c6b5b557f\webview2-com-0.38.0\src\callback.rs:26:24
   |
26 | impl InvokeArg<'_> for HRESULT {
   |                        ^^^^^^^
   |
note: delayed at compiler\rustc_hir_analysis\src\hir_ty_lowering\mod.rs:2051:22 - disabled backtrace
  --> C:\Users\Mechrevo\.cargo\registry\src\index.crates.io-1949cf8c6b5b557f\webview2-com-0.38.0\src\callback.rs:26:24
   |
26 | impl InvokeArg<'_> for HRESULT {
   |                        ^^^^^^^

error: internal compiler error: path with `Res::Err` but no error emitted
  --> C:\Users\Mechrevo\.cargo\registry\src\index.crates.io-1949cf8c6b5b557f\webview2-com-0.38.0\src\callback.rs:38:24
   |
38 | impl InvokeArg<'_> for BOOL {
   |                        ^^^^
   |
note: delayed at compiler\rustc_hir_analysis\src\hir_ty_lowering\mod.rs:2051:22 - disabled backtrace
  --> C:\Users\Mechrevo\.cargo\registry\src\index.crates.io-1949cf8c6b5b557f\webview2-com-0.38.0\src\callback.rs:38:24
   |
38 | impl InvokeArg<'_> for BOOL {
   |                        ^^^^

error: internal compiler error: path with `Res::Err` but no error emitted
  --> C:\Users\Mechrevo\.cargo\registry\src\index.crates.io-1949cf8c6b5b557f\webview2-com-0.38.0\src\callback.rs:50:28
   |
50 | impl<'a> InvokeArg<'a> for PCWSTR {
   |                            ^^^^^^
   |
note: delayed at compiler\rustc_hir_analysis\src\hir_ty_lowering\mod.rs:2051:22 - disabled backtrace
  --> C:\Users\Mechrevo\.cargo\registry\src\index.crates.io-1949cf8c6b5b557f\webview2-com-0.38.0\src\callback.rs:50:28
   |
50 | impl<'a> InvokeArg<'a> for PCWSTR {
   |                            ^^^^^^

error: internal compiler error: potentially unconstrained type parameters weren't evaluated: {type error}
  --> C:\Users\Mechrevo\.cargo\registry\src\index.crates.io-1949cf8c6b5b557f\webview2-com-0.38.0\src\callback.rs:22:1
   |
22 | impl ClosureArg for HRESULT {
   | ^^^^^^^^^^^^^^^^^^^^^^^^^^^
   |
note: delayed at compiler\rustc_hir_analysis\src\impl_wf_check.rs:180:19 - disabled backtrace
  --> C:\Users\Mechrevo\.cargo\registry\src\index.crates.io-1949cf8c6b5b557f\webview2-com-0.38.0\src\callback.rs:22:1
   |
22 | impl ClosureArg for HRESULT {
   | ^^^^^^^^^^^^^^^^^^^^^^^^^^^

error: internal compiler error: potentially unconstrained type parameters weren't evaluated: {type error}
  --> C:\Users\Mechrevo\.cargo\registry\src\index.crates.io-1949cf8c6b5b557f\webview2-com-0.38.0\src\callback.rs:22:1
   |
22 | impl ClosureArg for HRESULT {
   | ^^^^^^^^^^^^^^^^^^^^^^^^^^^
   |
note: delayed at compiler\rustc_hir_analysis\src\impl_wf_check.rs:82:19 - disabled backtrace
  --> C:\Users\Mechrevo\.cargo\registry\src\index.crates.io-1949cf8c6b5b557f\webview2-com-0.38.0\src\callback.rs:22:1
   |
22 | impl ClosureArg for HRESULT {
   | ^^^^^^^^^^^^^^^^^^^^^^^^^^^

error: internal compiler error: potentially unconstrained type parameters weren't evaluated: {type error}
  --> C:\Users\Mechrevo\.cargo\registry\src\index.crates.io-1949cf8c6b5b557f\webview2-com-0.38.0\src\callback.rs:26:1
   |
26 | impl InvokeArg<'_> for HRESULT {
   | ^^^^^^^^^^^^^^^^^^^^^^^^^^^^^^
   |
note: delayed at compiler\rustc_hir_analysis\src\impl_wf_check.rs:180:19 - disabled backtrace
  --> C:\Users\Mechrevo\.cargo\registry\src\index.crates.io-1949cf8c6b5b557f\webview2-com-0.38.0\src\callback.rs:26:1
   |
26 | impl InvokeArg<'_> for HRESULT {
   | ^^^^^^^^^^^^^^^^^^^^^^^^^^^^^^

error: internal compiler error: potentially unconstrained type parameters weren't evaluated: {type error}
  --> C:\Users\Mechrevo\.cargo\registry\src\index.crates.io-1949cf8c6b5b557f\webview2-com-0.38.0\src\callback.rs:26:1
   |
26 | impl InvokeArg<'_> for HRESULT {
   | ^^^^^^^^^^^^^^^^^^^^^^^^^^^^^^
   |
note: delayed at compiler\rustc_hir_analysis\src\impl_wf_check.rs:82:19 - disabled backtrace
  --> C:\Users\Mechrevo\.cargo\registry\src\index.crates.io-1949cf8c6b5b557f\webview2-com-0.38.0\src\callback.rs:26:1
   |
26 | impl InvokeArg<'_> for HRESULT {
   | ^^^^^^^^^^^^^^^^^^^^^^^^^^^^^^

error: internal compiler error: potentially unconstrained type parameters weren't evaluated: {type error}
  --> C:\Users\Mechrevo\.cargo\registry\src\index.crates.io-1949cf8c6b5b557f\webview2-com-0.38.0\src\callback.rs:34:1
   |
34 | impl ClosureArg for BOOL {
   | ^^^^^^^^^^^^^^^^^^^^^^^^
   |
note: delayed at compiler\rustc_hir_analysis\src\impl_wf_check.rs:180:19 - disabled backtrace
  --> C:\Users\Mechrevo\.cargo\registry\src\index.crates.io-1949cf8c6b5b557f\webview2-com-0.38.0\src\callback.rs:34:1
   |
34 | impl ClosureArg for BOOL {
   | ^^^^^^^^^^^^^^^^^^^^^^^^

error: internal compiler error: potentially unconstrained type parameters weren't evaluated: {type error}
  --> C:\Users\Mechrevo\.cargo\registry\src\index.crates.io-1949cf8c6b5b557f\webview2-com-0.38.0\src\callback.rs:34:1
   |
34 | impl ClosureArg for BOOL {
   | ^^^^^^^^^^^^^^^^^^^^^^^^
   |
note: delayed at compiler\rustc_hir_analysis\src\impl_wf_check.rs:82:19 - disabled backtrace
  --> C:\Users\Mechrevo\.cargo\registry\src\index.crates.io-1949cf8c6b5b557f\webview2-com-0.38.0\src\callback.rs:34:1
   |
34 | impl ClosureArg for BOOL {
   | ^^^^^^^^^^^^^^^^^^^^^^^^

error: internal compiler error: potentially unconstrained type parameters weren't evaluated: {type error}
  --> C:\Users\Mechrevo\.cargo\registry\src\index.crates.io-1949cf8c6b5b557f\webview2-com-0.38.0\src\callback.rs:38:1
   |
38 | impl InvokeArg<'_> for BOOL {
   | ^^^^^^^^^^^^^^^^^^^^^^^^^^^
   |
note: delayed at compiler\rustc_hir_analysis\src\impl_wf_check.rs:180:19 - disabled backtrace
  --> C:\Users\Mechrevo\.cargo\registry\src\index.crates.io-1949cf8c6b5b557f\webview2-com-0.38.0\src\callback.rs:38:1
   |
38 | impl InvokeArg<'_> for BOOL {
   | ^^^^^^^^^^^^^^^^^^^^^^^^^^^

error: internal compiler error: potentially unconstrained type parameters weren't evaluated: {type error}
  --> C:\Users\Mechrevo\.cargo\registry\src\index.crates.io-1949cf8c6b5b557f\webview2-com-0.38.0\src\callback.rs:38:1
   |
38 | impl InvokeArg<'_> for BOOL {
   | ^^^^^^^^^^^^^^^^^^^^^^^^^^^
   |
note: delayed at compiler\rustc_hir_analysis\src\impl_wf_check.rs:82:19 - disabled backtrace
  --> C:\Users\Mechrevo\.cargo\registry\src\index.crates.io-1949cf8c6b5b557f\webview2-com-0.38.0\src\callback.rs:38:1
   |
38 | impl InvokeArg<'_> for BOOL {
   | ^^^^^^^^^^^^^^^^^^^^^^^^^^^

error: internal compiler error: potentially unconstrained type parameters weren't evaluated: {type error}
  --> C:\Users\Mechrevo\.cargo\registry\src\index.crates.io-1949cf8c6b5b557f\webview2-com-0.38.0\src\callback.rs:46:1
   |
46 | impl ClosureArg for PCWSTR {
   | ^^^^^^^^^^^^^^^^^^^^^^^^^^
   |
note: delayed at compiler\rustc_hir_analysis\src\impl_wf_check.rs:180:19 - disabled backtrace
  --> C:\Users\Mechrevo\.cargo\registry\src\index.crates.io-1949cf8c6b5b557f\webview2-com-0.38.0\src\callback.rs:46:1
   |
46 | impl ClosureArg for PCWSTR {
   | ^^^^^^^^^^^^^^^^^^^^^^^^^^

error: internal compiler error: potentially unconstrained type parameters weren't evaluated: {type error}
  --> C:\Users\Mechrevo\.cargo\registry\src\index.crates.io-1949cf8c6b5b557f\webview2-com-0.38.0\src\callback.rs:46:1
   |
46 | impl ClosureArg for PCWSTR {
   | ^^^^^^^^^^^^^^^^^^^^^^^^^^
   |
note: delayed at compiler\rustc_hir_analysis\src\impl_wf_check.rs:82:19 - disabled backtrace
  --> C:\Users\Mechrevo\.cargo\registry\src\index.crates.io-1949cf8c6b5b557f\webview2-com-0.38.0\src\callback.rs:46:1
   |
46 | impl ClosureArg for PCWSTR {
   | ^^^^^^^^^^^^^^^^^^^^^^^^^^

error: internal compiler error: potentially unconstrained type parameters weren't evaluated: {type error}
  --> C:\Users\Mechrevo\.cargo\registry\src\index.crates.io-1949cf8c6b5b557f\webview2-com-0.38.0\src\callback.rs:50:1
   |
50 | impl<'a> InvokeArg<'a> for PCWSTR {
   | ^^^^^^^^^^^^^^^^^^^^^^^^^^^^^^^^^
   |
note: delayed at compiler\rustc_hir_analysis\src\impl_wf_check.rs:180:19 - disabled backtrace
  --> C:\Users\Mechrevo\.cargo\registry\src\index.crates.io-1949cf8c6b5b557f\webview2-com-0.38.0\src\callback.rs:50:1
   |
50 | impl<'a> InvokeArg<'a> for PCWSTR {
   | ^^^^^^^^^^^^^^^^^^^^^^^^^^^^^^^^^

error: internal compiler error: potentially unconstrained type parameters weren't evaluated: {type error}
  --> C:\Users\Mechrevo\.cargo\registry\src\index.crates.io-1949cf8c6b5b557f\webview2-com-0.38.0\src\callback.rs:50:1
   |
50 | impl<'a> InvokeArg<'a> for PCWSTR {
   | ^^^^^^^^^^^^^^^^^^^^^^^^^^^^^^^^^
   |
note: delayed at compiler\rustc_hir_analysis\src\impl_wf_check.rs:82:19 - disabled backtrace
  --> C:\Users\Mechrevo\.cargo\registry\src\index.crates.io-1949cf8c6b5b557f\webview2-com-0.38.0\src\callback.rs:50:1
   |
50 | impl<'a> InvokeArg<'a> for PCWSTR {
   | ^^^^^^^^^^^^^^^^^^^^^^^^^^^^^^^^^

error: internal compiler error: path with `Res::Err` but no error emitted
  --> C:\Users\Mechrevo\.cargo\registry\src\index.crates.io-1949cf8c6b5b557f\webview2-com-0.38.0\src\callback.rs:75:10
   |
75 |     ) -> ::windows::core::Result<()>,
   |          ^^^^^^^^^^^^^^^^^^^^^^^^^^^
   |
note: delayed at compiler\rustc_hir_analysis\src\hir_ty_lowering\mod.rs:2051:22 - disabled backtrace
  --> C:\Users\Mechrevo\.cargo\registry\src\index.crates.io-1949cf8c6b5b557f\webview2-com-0.38.0\src\callback.rs:75:10
   |
75 |     ) -> ::windows::core::Result<()>,
   |          ^^^^^^^^^^^^^^^^^^^^^^^^^^^

error: internal compiler error: path with `Res::Err` but no error emitted
  --> C:\Users\Mechrevo\.cargo\registry\src\index.crates.io-1949cf8c6b5b557f\webview2-com-0.38.0\src\callback.rs:83:10
   |
83 |     ) -> windows::core::Result<()>,
   |          ^^^^^^^^^^^^^^^^^^^^^^^^^
   |
note: delayed at compiler\rustc_hir_analysis\src\hir_ty_lowering\mod.rs:2051:22 - disabled backtrace
  --> C:\Users\Mechrevo\.cargo\registry\src\index.crates.io-1949cf8c6b5b557f\webview2-com-0.38.0\src\callback.rs:83:10
   |
83 |     ) -> windows::core::Result<()>,
   |          ^^^^^^^^^^^^^^^^^^^^^^^^^

error: internal compiler error: path with `Res::Err` but no error emitted
  --> C:\Users\Mechrevo\.cargo\registry\src\index.crates.io-1949cf8c6b5b557f\webview2-com-0.38.0\src\callback.rs:90:12
   |
90 |     Option<IUnknown>,
   |            ^^^^^^^^
   |
note: delayed at compiler\rustc_hir_analysis\src\hir_ty_lowering\mod.rs:2051:22 - disabled backtrace
  --> C:\Users\Mechrevo\.cargo\registry\src\index.crates.io-1949cf8c6b5b557f\webview2-com-0.38.0\src\callback.rs:90:12
   |
90 |     Option<IUnknown>,
   |            ^^^^^^^^

error: internal compiler error: path with `Res::Err` but no error emitted
  --> C:\Users\Mechrevo\.cargo\registry\src\index.crates.io-1949cf8c6b5b557f\webview2-com-0.38.0\src\callback.rs:97:12
   |
97 |     Option<IUnknown>,
   |            ^^^^^^^^
   |
note: delayed at compiler\rustc_hir_analysis\src\hir_ty_lowering\mod.rs:2051:22 - disabled backtrace
  --> C:\Users\Mechrevo\.cargo\registry\src\index.crates.io-1949cf8c6b5b557f\webview2-com-0.38.0\src\callback.rs:97:12
   |
97 |     Option<IUnknown>,
   |            ^^^^^^^^

error: internal compiler error: path with `Res::Err` but no error emitted
   --> C:\Users\Mechrevo\.cargo\registry\src\index.crates.io-1949cf8c6b5b557f\webview2-com-0.38.0\src\callback.rs:104:1
2
    |
104 |     Option<IUnknown>,
    |            ^^^^^^^^
    |
note: delayed at compiler\rustc_hir_analysis\src\hir_ty_lowering\mod.rs:2051:22 - disabled backtrace
   --> C:\Users\Mechrevo\.cargo\registry\src\index.crates.io-1949cf8c6b5b557f\webview2-com-0.38.0\src\callback.rs:104:1
2
    |
104 |     Option<IUnknown>,
    |            ^^^^^^^^

error: internal compiler error: path with `Res::Err` but no error emitted
   --> C:\Users\Mechrevo\.cargo\registry\src\index.crates.io-1949cf8c6b5b557f\webview2-com-0.38.0\src\callback.rs:110:5
    |
110 |     HRESULT,
    |     ^^^^^^^
    |
note: delayed at compiler\rustc_hir_analysis\src\hir_ty_lowering\mod.rs:2051:22 - disabled backtrace
   --> C:\Users\Mechrevo\.cargo\registry\src\index.crates.io-1949cf8c6b5b557f\webview2-com-0.38.0\src\callback.rs:110:5
    |
110 |     HRESULT,
    |     ^^^^^^^

error: internal compiler error: path with `Res::Err` but no error emitted
   --> C:\Users\Mechrevo\.cargo\registry\src\index.crates.io-1949cf8c6b5b557f\webview2-com-0.38.0\src\callback.rs:117:5
    |
117 |     HRESULT,
    |     ^^^^^^^
    |
note: delayed at compiler\rustc_hir_analysis\src\hir_ty_lowering\mod.rs:2051:22 - disabled backtrace
   --> C:\Users\Mechrevo\.cargo\registry\src\index.crates.io-1949cf8c6b5b557f\webview2-com-0.38.0\src\callback.rs:117:5
    |
117 |     HRESULT,
    |     ^^^^^^^

error: internal compiler error: path with `Res::Err` but no error emitted
   --> C:\Users\Mechrevo\.cargo\registry\src\index.crates.io-1949cf8c6b5b557f\webview2-com-0.38.0\src\callback.rs:125:1
2
    |
125 |     Option<IUnknown>,
    |            ^^^^^^^^
    |
note: delayed at compiler\rustc_hir_analysis\src\hir_ty_lowering\mod.rs:2051:22 - disabled backtrace
   --> C:\Users\Mechrevo\.cargo\registry\src\index.crates.io-1949cf8c6b5b557f\webview2-com-0.38.0\src\callback.rs:125:1
2
    |
125 |     Option<IUnknown>,
    |            ^^^^^^^^

error: internal compiler error: path with `Res::Err` but no error emitted
   --> C:\Users\Mechrevo\.cargo\registry\src\index.crates.io-1949cf8c6b5b557f\webview2-com-0.38.0\src\callback.rs:131:5
    |
131 |     HRESULT,
    |     ^^^^^^^
    |
note: delayed at compiler\rustc_hir_analysis\src\hir_ty_lowering\mod.rs:2051:22 - disabled backtrace
   --> C:\Users\Mechrevo\.cargo\registry\src\index.crates.io-1949cf8c6b5b557f\webview2-com-0.38.0\src\callback.rs:131:5
    |
131 |     HRESULT,
    |     ^^^^^^^

error: internal compiler error: path with `Res::Err` but no error emitted
   --> C:\Users\Mechrevo\.cargo\registry\src\index.crates.io-1949cf8c6b5b557f\webview2-com-0.38.0\src\callback.rs:139:1
2
    |
139 |     Option<IUnknown>,
    |            ^^^^^^^^
    |
note: delayed at compiler\rustc_hir_analysis\src\hir_ty_lowering\mod.rs:2051:22 - disabled backtrace
   --> C:\Users\Mechrevo\.cargo\registry\src\index.crates.io-1949cf8c6b5b557f\webview2-com-0.38.0\src\callback.rs:139:1
2
    |
139 |     Option<IUnknown>,
    |            ^^^^^^^^

error: internal compiler error: path with `Res::Err` but no error emitted
   --> C:\Users\Mechrevo\.cargo\registry\src\index.crates.io-1949cf8c6b5b557f\webview2-com-0.38.0\src\callback.rs:146:1
2
    |
146 |     Option<IUnknown>,
    |            ^^^^^^^^
    |
note: delayed at compiler\rustc_hir_analysis\src\hir_ty_lowering\mod.rs:2051:22 - disabled backtrace
   --> C:\Users\Mechrevo\.cargo\registry\src\index.crates.io-1949cf8c6b5b557f\webview2-com-0.38.0\src\callback.rs:146:1
2
    |
146 |     Option<IUnknown>,
    |            ^^^^^^^^

error: internal compiler error: path with `Res::Err` but no error emitted
   --> C:\Users\Mechrevo\.cargo\registry\src\index.crates.io-1949cf8c6b5b557f\webview2-com-0.38.0\src\callback.rs:160:1
2
    |
160 |     Option<IUnknown>,
    |            ^^^^^^^^
    |
note: delayed at compiler\rustc_hir_analysis\src\hir_ty_lowering\mod.rs:2051:22 - disabled backtrace
   --> C:\Users\Mechrevo\.cargo\registry\src\index.crates.io-1949cf8c6b5b557f\webview2-com-0.38.0\src\callback.rs:160:1
2
    |
160 |     Option<IUnknown>,
    |            ^^^^^^^^

error: internal compiler error: path with `Res::Err` but no error emitted
   --> C:\Users\Mechrevo\.cargo\registry\src\index.crates.io-1949cf8c6b5b557f\webview2-com-0.38.0\src\callback.rs:174:1
2
    |
174 |     Option<IUnknown>,
    |            ^^^^^^^^
    |
note: delayed at compiler\rustc_hir_analysis\src\hir_ty_lowering\mod.rs:2051:22 - disabled backtrace
   --> C:\Users\Mechrevo\.cargo\registry\src\index.crates.io-1949cf8c6b5b557f\webview2-com-0.38.0\src\callback.rs:174:1
2
    |
174 |     Option<IUnknown>,
    |            ^^^^^^^^

error: internal compiler error: path with `Res::Err` but no error emitted
   --> C:\Users\Mechrevo\.cargo\registry\src\index.crates.io-1949cf8c6b5b557f\webview2-com-0.38.0\src\callback.rs:181:1
2
    |
181 |     Option<IUnknown>,
    |            ^^^^^^^^
    |
note: delayed at compiler\rustc_hir_analysis\src\hir_ty_lowering\mod.rs:2051:22 - disabled backtrace
   --> C:\Users\Mechrevo\.cargo\registry\src\index.crates.io-1949cf8c6b5b557f\webview2-com-0.38.0\src\callback.rs:181:1
2
    |
181 |     Option<IUnknown>,
    |            ^^^^^^^^

error: internal compiler error: path with `Res::Err` but no error emitted
   --> C:\Users\Mechrevo\.cargo\registry\src\index.crates.io-1949cf8c6b5b557f\webview2-com-0.38.0\src\callback.rs:216:1
2
    |
216 |     Option<IUnknown>,
    |            ^^^^^^^^
    |
note: delayed at compiler\rustc_hir_analysis\src\hir_ty_lowering\mod.rs:2051:22 - disabled backtrace
   --> C:\Users\Mechrevo\.cargo\registry\src\index.crates.io-1949cf8c6b5b557f\webview2-com-0.38.0\src\callback.rs:216:1
2
    |
216 |     Option<IUnknown>,
    |            ^^^^^^^^

error: internal compiler error: path with `Res::Err` but no error emitted
   --> C:\Users\Mechrevo\.cargo\registry\src\index.crates.io-1949cf8c6b5b557f\webview2-com-0.38.0\src\callback.rs:243:5
    |
243 |     HRESULT,
    |     ^^^^^^^
    |
note: delayed at compiler\rustc_hir_analysis\src\hir_ty_lowering\mod.rs:2051:22 - disabled backtrace
   --> C:\Users\Mechrevo\.cargo\registry\src\index.crates.io-1949cf8c6b5b557f\webview2-com-0.38.0\src\callback.rs:243:5
    |
243 |     HRESULT,
    |     ^^^^^^^

error: internal compiler error: path with `Res::Err` but no error emitted
   --> C:\Users\Mechrevo\.cargo\registry\src\index.crates.io-1949cf8c6b5b557f\webview2-com-0.38.0\src\callback.rs:250:5
    |
250 |     HRESULT,
    |     ^^^^^^^
    |
note: delayed at compiler\rustc_hir_analysis\src\hir_ty_lowering\mod.rs:2051:22 - disabled backtrace
   --> C:\Users\Mechrevo\.cargo\registry\src\index.crates.io-1949cf8c6b5b557f\webview2-com-0.38.0\src\callback.rs:250:5
    |
250 |     HRESULT,
    |     ^^^^^^^

error: internal compiler error: path with `Res::Err` but no error emitted
   --> C:\Users\Mechrevo\.cargo\registry\src\index.crates.io-1949cf8c6b5b557f\webview2-com-0.38.0\src\callback.rs:247:1
    |
247 | #[completed_callback]
    | ^^^^^^^^^^^^^^^^^^^^^
    |
note: delayed at compiler\rustc_hir_analysis\src\hir_ty_lowering\mod.rs:2051:22 - disabled backtrace
   --> C:\Users\Mechrevo\.cargo\registry\src\index.crates.io-1949cf8c6b5b557f\webview2-com-0.38.0\src\callback.rs:247:1
    |
247 | #[completed_callback]
    | ^^^^^^^^^^^^^^^^^^^^^
    = note: this error: internal compiler error originates in the attribute macro `completed_callback` (in Nightly buil
ds, run with -Z macro-backtrace for more info)

error: internal compiler error: path with `Res::Err` but no error emitted
   --> C:\Users\Mechrevo\.cargo\registry\src\index.crates.io-1949cf8c6b5b557f\webview2-com-0.38.0\src\callback.rs:275:5
    |
275 |     HRESULT,
    |     ^^^^^^^
    |
note: delayed at compiler\rustc_hir_analysis\src\hir_ty_lowering\mod.rs:2051:22 - disabled backtrace
   --> C:\Users\Mechrevo\.cargo\registry\src\index.crates.io-1949cf8c6b5b557f\webview2-com-0.38.0\src\callback.rs:275:5
    |
275 |     HRESULT,
    |     ^^^^^^^

error: internal compiler error: path with `Res::Err` but no error emitted
   --> C:\Users\Mechrevo\.cargo\registry\src\index.crates.io-1949cf8c6b5b557f\webview2-com-0.38.0\src\callback.rs:280:8
0
    |
280 | pub struct PrintToPdfCompletedHandler(ICoreWebView2PrintToPdfCompletedHandler, HRESULT, BOOL);
    |                                                                                ^^^^^^^
    |
note: delayed at compiler\rustc_hir_analysis\src\hir_ty_lowering\mod.rs:2051:22 - disabled backtrace
   --> C:\Users\Mechrevo\.cargo\registry\src\index.crates.io-1949cf8c6b5b557f\webview2-com-0.38.0\src\callback.rs:280:8
0
    |
280 | pub struct PrintToPdfCompletedHandler(ICoreWebView2PrintToPdfCompletedHandler, HRESULT, BOOL);
    |                                                                                ^^^^^^^

error: internal compiler error: path with `Res::Err` but no error emitted
   --> C:\Users\Mechrevo\.cargo\registry\src\index.crates.io-1949cf8c6b5b557f\webview2-com-0.38.0\src\callback.rs:280:8
9
    |
280 | pub struct PrintToPdfCompletedHandler(ICoreWebView2PrintToPdfCompletedHandler, HRESULT, BOOL);
    |                                                                                         ^^^^
    |
note: delayed at compiler\rustc_hir_analysis\src\hir_ty_lowering\mod.rs:2051:22 - disabled backtrace
   --> C:\Users\Mechrevo\.cargo\registry\src\index.crates.io-1949cf8c6b5b557f\webview2-com-0.38.0\src\callback.rs:280:8
9
    |
280 | pub struct PrintToPdfCompletedHandler(ICoreWebView2PrintToPdfCompletedHandler, HRESULT, BOOL);
    |                                                                                         ^^^^

error: internal compiler error: path with `Res::Err` but no error emitted
   --> C:\Users\Mechrevo\.cargo\registry\src\index.crates.io-1949cf8c6b5b557f\webview2-com-0.38.0\src\callback.rs:285:5
    |
285 |     HRESULT,
    |     ^^^^^^^
    |
note: delayed at compiler\rustc_hir_analysis\src\hir_ty_lowering\mod.rs:2051:22 - disabled backtrace
   --> C:\Users\Mechrevo\.cargo\registry\src\index.crates.io-1949cf8c6b5b557f\webview2-com-0.38.0\src\callback.rs:285:5
    |
285 |     HRESULT,
    |     ^^^^^^^

error: internal compiler error: path with `Res::Err` but no error emitted
   --> C:\Users\Mechrevo\.cargo\registry\src\index.crates.io-1949cf8c6b5b557f\webview2-com-0.38.0\src\callback.rs:286:1
2
    |
286 |     Option<IStream>,
    |            ^^^^^^^
    |
note: delayed at compiler\rustc_hir_analysis\src\hir_ty_lowering\mod.rs:2051:22 - disabled backtrace
   --> C:\Users\Mechrevo\.cargo\registry\src\index.crates.io-1949cf8c6b5b557f\webview2-com-0.38.0\src\callback.rs:286:1
2
    |
286 |     Option<IStream>,
    |            ^^^^^^^

error: internal compiler error: path with `Res::Err` but no error emitted
   --> C:\Users\Mechrevo\.cargo\registry\src\index.crates.io-1949cf8c6b5b557f\webview2-com-0.38.0\src\callback.rs:292:5
    |
292 |     HRESULT,
    |     ^^^^^^^
    |
note: delayed at compiler\rustc_hir_analysis\src\hir_ty_lowering\mod.rs:2051:22 - disabled backtrace
   --> C:\Users\Mechrevo\.cargo\registry\src\index.crates.io-1949cf8c6b5b557f\webview2-com-0.38.0\src\callback.rs:292:5
    |
292 |     HRESULT,
    |     ^^^^^^^

error: internal compiler error: path with `Res::Err` but no error emitted
   --> C:\Users\Mechrevo\.cargo\registry\src\index.crates.io-1949cf8c6b5b557f\webview2-com-0.38.0\src\callback.rs:293:5
    |
293 |     PCWSTR,
    |     ^^^^^^
    |
note: delayed at compiler\rustc_hir_analysis\src\hir_ty_lowering\mod.rs:2051:22 - disabled backtrace
   --> C:\Users\Mechrevo\.cargo\registry\src\index.crates.io-1949cf8c6b5b557f\webview2-com-0.38.0\src\callback.rs:293:5
    |
293 |     PCWSTR,
    |     ^^^^^^

error: internal compiler error: path with `Res::Err` but no error emitted
   --> C:\Users\Mechrevo\.cargo\registry\src\index.crates.io-1949cf8c6b5b557f\webview2-com-0.38.0\src\callback.rs:299:5
    |
299 |     HRESULT,
    |     ^^^^^^^
    |
note: delayed at compiler\rustc_hir_analysis\src\hir_ty_lowering\mod.rs:2051:22 - disabled backtrace
   --> C:\Users\Mechrevo\.cargo\registry\src\index.crates.io-1949cf8c6b5b557f\webview2-com-0.38.0\src\callback.rs:299:5
    |
299 |     HRESULT,
    |     ^^^^^^^

error: internal compiler error: path with `Res::Err` but no error emitted
   --> C:\Users\Mechrevo\.cargo\registry\src\index.crates.io-1949cf8c6b5b557f\webview2-com-0.38.0\src\callback.rs:300:5
    |
300 |     PCWSTR,
    |     ^^^^^^
    |
note: delayed at compiler\rustc_hir_analysis\src\hir_ty_lowering\mod.rs:2051:22 - disabled backtrace
   --> C:\Users\Mechrevo\.cargo\registry\src\index.crates.io-1949cf8c6b5b557f\webview2-com-0.38.0\src\callback.rs:300:5
    |
300 |     PCWSTR,
    |     ^^^^^^

error: internal compiler error: path with `Res::Err` but no error emitted
   --> C:\Users\Mechrevo\.cargo\registry\src\index.crates.io-1949cf8c6b5b557f\webview2-com-0.38.0\src\callback.rs:304:8
8
    |
304 | pub struct CapturePreviewCompletedHandler(ICoreWebView2CapturePreviewCompletedHandler, HRESULT);
    |                                                                                        ^^^^^^^
    |
note: delayed at compiler\rustc_hir_analysis\src\hir_ty_lowering\mod.rs:2051:22 - disabled backtrace
   --> C:\Users\Mechrevo\.cargo\registry\src\index.crates.io-1949cf8c6b5b557f\webview2-com-0.38.0\src\callback.rs:304:8
8
    |
304 | pub struct CapturePreviewCompletedHandler(ICoreWebView2CapturePreviewCompletedHandler, HRESULT);
    |                                                                                        ^^^^^^^

error: internal compiler error: path with `Res::Err` but no error emitted
   --> C:\Users\Mechrevo\.cargo\registry\src\index.crates.io-1949cf8c6b5b557f\webview2-com-0.38.0\src\callback.rs:303:1
    |
303 | #[completed_callback]
    | ^^^^^^^^^^^^^^^^^^^^^
    |
note: delayed at compiler\rustc_hir_analysis\src\hir_ty_lowering\mod.rs:2051:22 - disabled backtrace
   --> C:\Users\Mechrevo\.cargo\registry\src\index.crates.io-1949cf8c6b5b557f\webview2-com-0.38.0\src\callback.rs:303:1
    |
303 | #[completed_callback]
    | ^^^^^^^^^^^^^^^^^^^^^
    = note: this error: internal compiler error originates in the attribute macro `completed_callback` (in Nightly buil
ds, run with -Z macro-backtrace for more info)

error: internal compiler error: path with `Res::Err` but no error emitted
   --> C:\Users\Mechrevo\.cargo\registry\src\index.crates.io-1949cf8c6b5b557f\webview2-com-0.38.0\src\callback.rs:316:5
    |
316 |     HRESULT,
    |     ^^^^^^^
    |
note: delayed at compiler\rustc_hir_analysis\src\hir_ty_lowering\mod.rs:2051:22 - disabled backtrace
   --> C:\Users\Mechrevo\.cargo\registry\src\index.crates.io-1949cf8c6b5b557f\webview2-com-0.38.0\src\callback.rs:316:5
    |
316 |     HRESULT,
    |     ^^^^^^^

error: internal compiler error: path with `Res::Err` but no error emitted
   --> C:\Users\Mechrevo\.cargo\registry\src\index.crates.io-1949cf8c6b5b557f\webview2-com-0.38.0\src\callback.rs:317:5
    |
317 |     PCWSTR,
    |     ^^^^^^
    |
note: delayed at compiler\rustc_hir_analysis\src\hir_ty_lowering\mod.rs:2051:22 - disabled backtrace
   --> C:\Users\Mechrevo\.cargo\registry\src\index.crates.io-1949cf8c6b5b557f\webview2-com-0.38.0\src\callback.rs:317:5
    |
317 |     PCWSTR,
    |     ^^^^^^

error: internal compiler error: path with `Res::Err` but no error emitted
   --> C:\Users\Mechrevo\.cargo\registry\src\index.crates.io-1949cf8c6b5b557f\webview2-com-0.38.0\src\callback.rs:331:1
2
    |
331 |     Option<IUnknown>,
    |            ^^^^^^^^
    |
note: delayed at compiler\rustc_hir_analysis\src\hir_ty_lowering\mod.rs:2051:22 - disabled backtrace
   --> C:\Users\Mechrevo\.cargo\registry\src\index.crates.io-1949cf8c6b5b557f\webview2-com-0.38.0\src\callback.rs:331:1
2
    |
331 |     Option<IUnknown>,
    |            ^^^^^^^^

error: internal compiler error: path with `Res::Err` but no error emitted
   --> C:\Users\Mechrevo\.cargo\registry\src\index.crates.io-1949cf8c6b5b557f\webview2-com-0.38.0\src\callback.rs:338:1
2
    |
338 |     Option<IUnknown>,
    |            ^^^^^^^^
    |
note: delayed at compiler\rustc_hir_analysis\src\hir_ty_lowering\mod.rs:2051:22 - disabled backtrace
   --> C:\Users\Mechrevo\.cargo\registry\src\index.crates.io-1949cf8c6b5b557f\webview2-com-0.38.0\src\callback.rs:338:1
2
    |
338 |     Option<IUnknown>,
    |            ^^^^^^^^

error: internal compiler error: path with `Res::Err` but no error emitted
   --> C:\Users\Mechrevo\.cargo\registry\src\index.crates.io-1949cf8c6b5b557f\webview2-com-0.38.0\src\callback.rs:358:5
    |
358 |     HRESULT,
    |     ^^^^^^^
    |
note: delayed at compiler\rustc_hir_analysis\src\hir_ty_lowering\mod.rs:2051:22 - disabled backtrace
   --> C:\Users\Mechrevo\.cargo\registry\src\index.crates.io-1949cf8c6b5b557f\webview2-com-0.38.0\src\callback.rs:358:5
    |
358 |     HRESULT,
    |     ^^^^^^^

error: internal compiler error: path with `Res::Err` but no error emitted
   --> C:\Users\Mechrevo\.cargo\registry\src\index.crates.io-1949cf8c6b5b557f\webview2-com-0.38.0\src\callback.rs:359:1
2
    |
359 |     Option<IStream>,
    |            ^^^^^^^
    |
note: delayed at compiler\rustc_hir_analysis\src\hir_ty_lowering\mod.rs:2051:22 - disabled backtrace
   --> C:\Users\Mechrevo\.cargo\registry\src\index.crates.io-1949cf8c6b5b557f\webview2-com-0.38.0\src\callback.rs:359:1
2
    |
359 |     Option<IStream>,
    |            ^^^^^^^

error: internal compiler error: path with `Res::Err` but no error emitted
   --> C:\Users\Mechrevo\.cargo\registry\src\index.crates.io-1949cf8c6b5b557f\webview2-com-0.38.0\src\callback.rs:366:1
2
    |
366 |     Option<IUnknown>,
    |            ^^^^^^^^
    |
note: delayed at compiler\rustc_hir_analysis\src\hir_ty_lowering\mod.rs:2051:22 - disabled backtrace
   --> C:\Users\Mechrevo\.cargo\registry\src\index.crates.io-1949cf8c6b5b557f\webview2-com-0.38.0\src\callback.rs:366:1
2
    |
366 |     Option<IUnknown>,
    |            ^^^^^^^^

error: internal compiler error: path with `Res::Err` but no error emitted
   --> C:\Users\Mechrevo\.cargo\registry\src\index.crates.io-1949cf8c6b5b557f\webview2-com-0.38.0\src\callback.rs:380:1
2
    |
380 |     Option<IUnknown>,
    |            ^^^^^^^^
    |
note: delayed at compiler\rustc_hir_analysis\src\hir_ty_lowering\mod.rs:2051:22 - disabled backtrace
   --> C:\Users\Mechrevo\.cargo\registry\src\index.crates.io-1949cf8c6b5b557f\webview2-com-0.38.0\src\callback.rs:380:1
2
    |
380 |     Option<IUnknown>,
    |            ^^^^^^^^

error: internal compiler error: path with `Res::Err` but no error emitted
   --> C:\Users\Mechrevo\.cargo\registry\src\index.crates.io-1949cf8c6b5b557f\webview2-com-0.38.0\src\callback.rs:394:1
2
    |
394 |     Option<IUnknown>,
    |            ^^^^^^^^
    |
note: delayed at compiler\rustc_hir_analysis\src\hir_ty_lowering\mod.rs:2051:22 - disabled backtrace
   --> C:\Users\Mechrevo\.cargo\registry\src\index.crates.io-1949cf8c6b5b557f\webview2-com-0.38.0\src\callback.rs:394:1
2
    |
394 |     Option<IUnknown>,
    |            ^^^^^^^^

error: internal compiler error: path with `Res::Err` but no error emitted
   --> C:\Users\Mechrevo\.cargo\registry\src\index.crates.io-1949cf8c6b5b557f\webview2-com-0.38.0\src\callback.rs:401:1
2
    |
401 |     Option<IUnknown>,
    |            ^^^^^^^^
    |
note: delayed at compiler\rustc_hir_analysis\src\hir_ty_lowering\mod.rs:2051:22 - disabled backtrace
   --> C:\Users\Mechrevo\.cargo\registry\src\index.crates.io-1949cf8c6b5b557f\webview2-com-0.38.0\src\callback.rs:401:1
2
    |
401 |     Option<IUnknown>,
    |            ^^^^^^^^

error: internal compiler error: path with `Res::Err` but no error emitted
   --> C:\Users\Mechrevo\.cargo\registry\src\index.crates.io-1949cf8c6b5b557f\webview2-com-0.38.0\src\callback.rs:436:1
2
    |
436 |     Option<IUnknown>,
    |            ^^^^^^^^
    |
note: delayed at compiler\rustc_hir_analysis\src\hir_ty_lowering\mod.rs:2051:22 - disabled backtrace
   --> C:\Users\Mechrevo\.cargo\registry\src\index.crates.io-1949cf8c6b5b557f\webview2-com-0.38.0\src\callback.rs:436:1
2
    |
436 |     Option<IUnknown>,
    |            ^^^^^^^^

error: internal compiler error: path with `Res::Err` but no error emitted
   --> C:\Users\Mechrevo\.cargo\registry\src\index.crates.io-1949cf8c6b5b557f\webview2-com-0.38.0\src\callback.rs:443:1
2
    |
443 |     Option<IUnknown>,
    |            ^^^^^^^^
    |
note: delayed at compiler\rustc_hir_analysis\src\hir_ty_lowering\mod.rs:2051:22 - disabled backtrace
   --> C:\Users\Mechrevo\.cargo\registry\src\index.crates.io-1949cf8c6b5b557f\webview2-com-0.38.0\src\callback.rs:443:1
2
    |
443 |     Option<IUnknown>,
    |            ^^^^^^^^

error: internal compiler error: path with `Res::Err` but no error emitted
   --> C:\Users\Mechrevo\.cargo\registry\src\index.crates.io-1949cf8c6b5b557f\webview2-com-0.38.0\src\callback.rs:477:5
    |
477 |     HRESULT,
    |     ^^^^^^^
    |
note: delayed at compiler\rustc_hir_analysis\src\hir_ty_lowering\mod.rs:2051:22 - disabled backtrace
   --> C:\Users\Mechrevo\.cargo\registry\src\index.crates.io-1949cf8c6b5b557f\webview2-com-0.38.0\src\callback.rs:477:5
    |
477 |     HRESULT,
    |     ^^^^^^^

error: internal compiler error: path with `Res::Err` but no error emitted
   --> C:\Users\Mechrevo\.cargo\registry\src\index.crates.io-1949cf8c6b5b557f\webview2-com-0.38.0\src\callback.rs:482:8
0
    |
482 | pub struct TrySuspendCompletedHandler(ICoreWebView2TrySuspendCompletedHandler, HRESULT, BOOL);
    |                                                                                ^^^^^^^
    |
note: delayed at compiler\rustc_hir_analysis\src\hir_ty_lowering\mod.rs:2051:22 - disabled backtrace
   --> C:\Users\Mechrevo\.cargo\registry\src\index.crates.io-1949cf8c6b5b557f\webview2-com-0.38.0\src\callback.rs:482:8
0
    |
482 | pub struct TrySuspendCompletedHandler(ICoreWebView2TrySuspendCompletedHandler, HRESULT, BOOL);
    |                                                                                ^^^^^^^

error: internal compiler error: path with `Res::Err` but no error emitted
   --> C:\Users\Mechrevo\.cargo\registry\src\index.crates.io-1949cf8c6b5b557f\webview2-com-0.38.0\src\callback.rs:482:8
9
    |
482 | pub struct TrySuspendCompletedHandler(ICoreWebView2TrySuspendCompletedHandler, HRESULT, BOOL);
    |                                                                                         ^^^^
    |
note: delayed at compiler\rustc_hir_analysis\src\hir_ty_lowering\mod.rs:2051:22 - disabled backtrace
   --> C:\Users\Mechrevo\.cargo\registry\src\index.crates.io-1949cf8c6b5b557f\webview2-com-0.38.0\src\callback.rs:482:8
9
    |
482 | pub struct TrySuspendCompletedHandler(ICoreWebView2TrySuspendCompletedHandler, HRESULT, BOOL);
    |                                                                                         ^^^^

error: internal compiler error: path with `Res::Err` but no error emitted
   --> C:\Users\Mechrevo\.cargo\registry\src\index.crates.io-1949cf8c6b5b557f\webview2-com-0.38.0\src\callback.rs:502:1
2
    |
502 |     Option<IUnknown>,
    |            ^^^^^^^^
    |
note: delayed at compiler\rustc_hir_analysis\src\hir_ty_lowering\mod.rs:2051:22 - disabled backtrace
   --> C:\Users\Mechrevo\.cargo\registry\src\index.crates.io-1949cf8c6b5b557f\webview2-com-0.38.0\src\callback.rs:502:1
2
    |
502 |     Option<IUnknown>,
    |            ^^^^^^^^

error: internal compiler error: path with `Res::Err` but no error emitted
   --> C:\Users\Mechrevo\.cargo\registry\src\index.crates.io-1949cf8c6b5b557f\webview2-com-0.38.0\src\callback.rs:516:1
2
    |
516 |     Option<IUnknown>,
    |            ^^^^^^^^
    |
note: delayed at compiler\rustc_hir_analysis\src\hir_ty_lowering\mod.rs:2051:22 - disabled backtrace
   --> C:\Users\Mechrevo\.cargo\registry\src\index.crates.io-1949cf8c6b5b557f\webview2-com-0.38.0\src\callback.rs:516:1
2
    |
516 |     Option<IUnknown>,
    |            ^^^^^^^^

error: internal compiler error: path with `Res::Err` but no error emitted
   --> C:\Users\Mechrevo\.cargo\registry\src\index.crates.io-1949cf8c6b5b557f\webview2-com-0.38.0\src\callback.rs:522:5
    |
522 |     HRESULT,
    |     ^^^^^^^
    |
note: delayed at compiler\rustc_hir_analysis\src\hir_ty_lowering\mod.rs:2051:22 - disabled backtrace
   --> C:\Users\Mechrevo\.cargo\registry\src\index.crates.io-1949cf8c6b5b557f\webview2-com-0.38.0\src\callback.rs:522:5
    |
522 |     HRESULT,
    |     ^^^^^^^

error: internal compiler error: path with `Res::Err` but no error emitted
   --> C:\Users\Mechrevo\.cargo\registry\src\index.crates.io-1949cf8c6b5b557f\webview2-com-0.38.0\src\callback.rs:519:1
    |
519 | #[completed_callback]
    | ^^^^^^^^^^^^^^^^^^^^^
    |
note: delayed at compiler\rustc_hir_analysis\src\hir_ty_lowering\mod.rs:2051:22 - disabled backtrace
   --> C:\Users\Mechrevo\.cargo\registry\src\index.crates.io-1949cf8c6b5b557f\webview2-com-0.38.0\src\callback.rs:519:1
    |
519 | #[completed_callback]
    | ^^^^^^^^^^^^^^^^^^^^^
    = note: this error: internal compiler error originates in the attribute macro `completed_callback` (in Nightly buil
ds, run with -Z macro-backtrace for more info)

error: internal compiler error: path with `Res::Err` but no error emitted
   --> C:\Users\Mechrevo\.cargo\registry\src\index.crates.io-1949cf8c6b5b557f\webview2-com-0.38.0\src\callback.rs:528:5
    |
528 |     HRESULT,
    |     ^^^^^^^
    |
note: delayed at compiler\rustc_hir_analysis\src\hir_ty_lowering\mod.rs:2051:22 - disabled backtrace
   --> C:\Users\Mechrevo\.cargo\registry\src\index.crates.io-1949cf8c6b5b557f\webview2-com-0.38.0\src\callback.rs:528:5
    |
528 |     HRESULT,
    |     ^^^^^^^

error: internal compiler error: path with `Res::Err` but no error emitted
   --> C:\Users\Mechrevo\.cargo\registry\src\index.crates.io-1949cf8c6b5b557f\webview2-com-0.38.0\src\callback.rs:525:1
    |
525 | #[completed_callback]
    | ^^^^^^^^^^^^^^^^^^^^^
    |
note: delayed at compiler\rustc_hir_analysis\src\hir_ty_lowering\mod.rs:2051:22 - disabled backtrace
   --> C:\Users\Mechrevo\.cargo\registry\src\index.crates.io-1949cf8c6b5b557f\webview2-com-0.38.0\src\callback.rs:525:1
    |
525 | #[completed_callback]
    | ^^^^^^^^^^^^^^^^^^^^^
    = note: this error: internal compiler error originates in the attribute macro `completed_callback` (in Nightly buil
ds, run with -Z macro-backtrace for more info)

error: internal compiler error: path with `Res::Err` but no error emitted
   --> C:\Users\Mechrevo\.cargo\registry\src\index.crates.io-1949cf8c6b5b557f\webview2-com-0.38.0\src\callback.rs:542:1
2
    |
542 |     Option<IUnknown>,
    |            ^^^^^^^^
    |
note: delayed at compiler\rustc_hir_analysis\src\hir_ty_lowering\mod.rs:2051:22 - disabled backtrace
   --> C:\Users\Mechrevo\.cargo\registry\src\index.crates.io-1949cf8c6b5b557f\webview2-com-0.38.0\src\callback.rs:542:1
2
    |
542 |     Option<IUnknown>,
    |            ^^^^^^^^

error: internal compiler error: path with `Res::Err` but no error emitted
   --> C:\Users\Mechrevo\.cargo\registry\src\index.crates.io-1949cf8c6b5b557f\webview2-com-0.38.0\src\callback.rs:548:5
    |
548 |     HRESULT,
    |     ^^^^^^^
    |
note: delayed at compiler\rustc_hir_analysis\src\hir_ty_lowering\mod.rs:2051:22 - disabled backtrace
   --> C:\Users\Mechrevo\.cargo\registry\src\index.crates.io-1949cf8c6b5b557f\webview2-com-0.38.0\src\callback.rs:548:5
    |
548 |     HRESULT,
    |     ^^^^^^^

error: internal compiler error: path with `Res::Err` but no error emitted
   --> C:\Users\Mechrevo\.cargo\registry\src\index.crates.io-1949cf8c6b5b557f\webview2-com-0.38.0\src\callback.rs:549:1
2
    |
549 |     Option<IStream>,
    |            ^^^^^^^
    |
note: delayed at compiler\rustc_hir_analysis\src\hir_ty_lowering\mod.rs:2051:22 - disabled backtrace
   --> C:\Users\Mechrevo\.cargo\registry\src\index.crates.io-1949cf8c6b5b557f\webview2-com-0.38.0\src\callback.rs:549:1
2
    |
549 |     Option<IStream>,
    |            ^^^^^^^

error: internal compiler error: path with `Res::Err` but no error emitted
   --> C:\Users\Mechrevo\.cargo\registry\src\index.crates.io-1949cf8c6b5b557f\webview2-com-0.38.0\src\callback.rs:562:5
    |
562 |     HRESULT,
    |     ^^^^^^^
    |
note: delayed at compiler\rustc_hir_analysis\src\hir_ty_lowering\mod.rs:2051:22 - disabled backtrace
   --> C:\Users\Mechrevo\.cargo\registry\src\index.crates.io-1949cf8c6b5b557f\webview2-com-0.38.0\src\callback.rs:562:5
    |
562 |     HRESULT,
    |     ^^^^^^^

error: internal compiler error: path with `Res::Err` but no error emitted
   --> C:\Users\Mechrevo\.cargo\registry\src\index.crates.io-1949cf8c6b5b557f\webview2-com-0.38.0\src\callback.rs:559:1
    |
559 | #[completed_callback]
    | ^^^^^^^^^^^^^^^^^^^^^
    |
note: delayed at compiler\rustc_hir_analysis\src\hir_ty_lowering\mod.rs:2051:22 - disabled backtrace
   --> C:\Users\Mechrevo\.cargo\registry\src\index.crates.io-1949cf8c6b5b557f\webview2-com-0.38.0\src\callback.rs:559:1
    |
559 | #[completed_callback]
    | ^^^^^^^^^^^^^^^^^^^^^
    = note: this error: internal compiler error originates in the attribute macro `completed_callback` (in Nightly buil
ds, run with -Z macro-backtrace for more info)

error: internal compiler error: path with `Res::Err` but no error emitted
   --> C:\Users\Mechrevo\.cargo\registry\src\index.crates.io-1949cf8c6b5b557f\webview2-com-0.38.0\src\callback.rs:568:5
    |
568 |     HRESULT,
    |     ^^^^^^^
    |
note: delayed at compiler\rustc_hir_analysis\src\hir_ty_lowering\mod.rs:2051:22 - disabled backtrace
   --> C:\Users\Mechrevo\.cargo\registry\src\index.crates.io-1949cf8c6b5b557f\webview2-com-0.38.0\src\callback.rs:568:5
    |
568 |     HRESULT,
    |     ^^^^^^^

error: internal compiler error: path with `Res::Err` but no error emitted
   --> C:\Users\Mechrevo\.cargo\registry\src\index.crates.io-1949cf8c6b5b557f\webview2-com-0.38.0\src\callback.rs:565:1
    |
565 | #[completed_callback]
    | ^^^^^^^^^^^^^^^^^^^^^
    |
note: delayed at compiler\rustc_hir_analysis\src\hir_ty_lowering\mod.rs:2051:22 - disabled backtrace
   --> C:\Users\Mechrevo\.cargo\registry\src\index.crates.io-1949cf8c6b5b557f\webview2-com-0.38.0\src\callback.rs:565:1
    |
565 | #[completed_callback]
    | ^^^^^^^^^^^^^^^^^^^^^
    = note: this error: internal compiler error originates in the attribute macro `completed_callback` (in Nightly buil
ds, run with -Z macro-backtrace for more info)

error: internal compiler error: path with `Res::Err` but no error emitted
   --> C:\Users\Mechrevo\.cargo\registry\src\index.crates.io-1949cf8c6b5b557f\webview2-com-0.38.0\src\callback.rs:574:5
    |
574 |     HRESULT,
    |     ^^^^^^^
    |
note: delayed at compiler\rustc_hir_analysis\src\hir_ty_lowering\mod.rs:2051:22 - disabled backtrace
   --> C:\Users\Mechrevo\.cargo\registry\src\index.crates.io-1949cf8c6b5b557f\webview2-com-0.38.0\src\callback.rs:574:5
    |
574 |     HRESULT,
    |     ^^^^^^^

error: internal compiler error: path with `Res::Err` but no error emitted
   --> C:\Users\Mechrevo\.cargo\registry\src\index.crates.io-1949cf8c6b5b557f\webview2-com-0.38.0\src\callback.rs:581:5
    |
581 |     HRESULT,
    |     ^^^^^^^
    |
note: delayed at compiler\rustc_hir_analysis\src\hir_ty_lowering\mod.rs:2051:22 - disabled backtrace
   --> C:\Users\Mechrevo\.cargo\registry\src\index.crates.io-1949cf8c6b5b557f\webview2-com-0.38.0\src\callback.rs:581:5
    |
581 |     HRESULT,
    |     ^^^^^^^

error: internal compiler error: path with `Res::Err` but no error emitted
   --> C:\Users\Mechrevo\.cargo\registry\src\index.crates.io-1949cf8c6b5b557f\webview2-com-0.38.0\src\callback.rs:588:5
    |
588 |     HRESULT,
    |     ^^^^^^^
    |
note: delayed at compiler\rustc_hir_analysis\src\hir_ty_lowering\mod.rs:2051:22 - disabled backtrace
   --> C:\Users\Mechrevo\.cargo\registry\src\index.crates.io-1949cf8c6b5b557f\webview2-com-0.38.0\src\callback.rs:588:5
    |
588 |     HRESULT,
    |     ^^^^^^^

error: internal compiler error: path with `Res::Err` but no error emitted
   --> C:\Users\Mechrevo\.cargo\registry\src\index.crates.io-1949cf8c6b5b557f\webview2-com-0.38.0\src\callback.rs:596:1
2
    |
596 |     Option<IUnknown>,
    |            ^^^^^^^^
    |
note: delayed at compiler\rustc_hir_analysis\src\hir_ty_lowering\mod.rs:2051:22 - disabled backtrace
   --> C:\Users\Mechrevo\.cargo\registry\src\index.crates.io-1949cf8c6b5b557f\webview2-com-0.38.0\src\callback.rs:596:1
2
    |
596 |     Option<IUnknown>,
    |            ^^^^^^^^

error: internal compiler error: path with `Res::Err` but no error emitted
   --> C:\Users\Mechrevo\.cargo\registry\src\index.crates.io-1949cf8c6b5b557f\webview2-com-0.38.0\src\callback.rs:602:5
    |
602 |     HRESULT,
    |     ^^^^^^^
    |
note: delayed at compiler\rustc_hir_analysis\src\hir_ty_lowering\mod.rs:2051:22 - disabled backtrace
   --> C:\Users\Mechrevo\.cargo\registry\src\index.crates.io-1949cf8c6b5b557f\webview2-com-0.38.0\src\callback.rs:602:5
    |
602 |     HRESULT,
    |     ^^^^^^^

error: internal compiler error: path with `Res::Err` but no error emitted
   --> C:\Users\Mechrevo\.cargo\registry\src\index.crates.io-1949cf8c6b5b557f\webview2-com-0.38.0\src\callback.rs:624:1
2
    |
624 |     Option<IUnknown>,
    |            ^^^^^^^^
    |
note: delayed at compiler\rustc_hir_analysis\src\hir_ty_lowering\mod.rs:2051:22 - disabled backtrace
   --> C:\Users\Mechrevo\.cargo\registry\src\index.crates.io-1949cf8c6b5b557f\webview2-com-0.38.0\src\callback.rs:624:1
2
    |
624 |     Option<IUnknown>,
    |            ^^^^^^^^

error: internal compiler error: path with `Res::Err` but no error emitted
   --> C:\Users\Mechrevo\.cargo\registry\src\index.crates.io-1949cf8c6b5b557f\webview2-com-0.38.0\src\callback.rs:677:5
    |
677 |     HRESULT,
    |     ^^^^^^^
    |
note: delayed at compiler\rustc_hir_analysis\src\hir_ty_lowering\mod.rs:2051:22 - disabled backtrace
   --> C:\Users\Mechrevo\.cargo\registry\src\index.crates.io-1949cf8c6b5b557f\webview2-com-0.38.0\src\callback.rs:677:5
    |
677 |     HRESULT,
    |     ^^^^^^^

error: internal compiler error: path with `Res::Err` but no error emitted
   --> C:\Users\Mechrevo\.cargo\registry\src\index.crates.io-1949cf8c6b5b557f\webview2-com-0.38.0\src\options.rs:467:45
    |
467 | pub unsafe trait IFixedEnvironmentOptions4: IUnknown {
    |                                             ^^^^^^^^
    |
note: delayed at compiler\rustc_hir_analysis\src\hir_ty_lowering\mod.rs:2051:22 - disabled backtrace
   --> C:\Users\Mechrevo\.cargo\registry\src\index.crates.io-1949cf8c6b5b557f\webview2-com-0.38.0\src\options.rs:467:45
    |
467 | pub unsafe trait IFixedEnvironmentOptions4: IUnknown {
    |                                             ^^^^^^^^

error: internal compiler error: path with `Res::Err` but no error emitted
   --> C:\Users\Mechrevo\.cargo\registry\src\index.crates.io-1949cf8c6b5b557f\webview2-com-0.38.0\src\options.rs:472:10
    |
472 |     ) -> HRESULT;
    |          ^^^^^^^
    |
note: delayed at compiler\rustc_hir_analysis\src\hir_ty_lowering\mod.rs:2051:22 - disabled backtrace
   --> C:\Users\Mechrevo\.cargo\registry\src\index.crates.io-1949cf8c6b5b557f\webview2-com-0.38.0\src\options.rs:472:10
    |
472 |     ) -> HRESULT;
    |          ^^^^^^^

error: internal compiler error: path with `Res::Err` but no error emitted
   --> C:\Users\Mechrevo\.cargo\registry\src\index.crates.io-1949cf8c6b5b557f\webview2-com-0.38.0\src\options.rs:478:10
    |
478 |     ) -> HRESULT;
    |          ^^^^^^^
    |
note: delayed at compiler\rustc_hir_analysis\src\hir_ty_lowering\mod.rs:2051:22 - disabled backtrace
   --> C:\Users\Mechrevo\.cargo\registry\src\index.crates.io-1949cf8c6b5b557f\webview2-com-0.38.0\src\options.rs:478:10
    |
478 |     ) -> HRESULT;
    |          ^^^^^^^

error: internal compiler error: path with `Res::Err` but no error emitted
  --> C:\Users\Mechrevo\.cargo\registry\src\index.crates.io-1949cf8c6b5b557f\webview2-com-0.38.0\src\pwstr.rs:10:31
   |
10 | pub struct CoTaskMemPWSTR<'a>(PWSTR, PhantomData<&'a PWSTR>);
   |                               ^^^^^
   |
note: delayed at compiler\rustc_hir_analysis\src\hir_ty_lowering\mod.rs:2051:22 - disabled backtrace
  --> C:\Users\Mechrevo\.cargo\registry\src\index.crates.io-1949cf8c6b5b557f\webview2-com-0.38.0\src\pwstr.rs:10:31
   |
10 | pub struct CoTaskMemPWSTR<'a>(PWSTR, PhantomData<&'a PWSTR>);
   |                               ^^^^^

error: internal compiler error: path with `Res::Err` but no error emitted
  --> C:\Users\Mechrevo\.cargo\registry\src\index.crates.io-1949cf8c6b5b557f\webview2-com-0.38.0\src\pwstr.rs:10:54
   |
10 | pub struct CoTaskMemPWSTR<'a>(PWSTR, PhantomData<&'a PWSTR>);
   |                                                      ^^^^^
   |
note: delayed at compiler\rustc_hir_analysis\src\hir_ty_lowering\mod.rs:2051:22 - disabled backtrace
  --> C:\Users\Mechrevo\.cargo\registry\src\index.crates.io-1949cf8c6b5b557f\webview2-com-0.38.0\src\pwstr.rs:10:54
   |
10 | pub struct CoTaskMemPWSTR<'a>(PWSTR, PhantomData<&'a PWSTR>);
   |                                                      ^^^^^

error: internal compiler error: path with `Res::Err` but no error emitted
  --> C:\Users\Mechrevo\.cargo\registry\src\index.crates.io-1949cf8c6b5b557f\webview2-com-0.38.0\src\pwstr.rs:14:29
   |
14 | pub struct CoTaskMemRef<'a>(PCWSTR, PhantomData<&'a PCWSTR>);
   |                             ^^^^^^
   |
note: delayed at compiler\rustc_hir_analysis\src\hir_ty_lowering\mod.rs:2051:22 - disabled backtrace
  --> C:\Users\Mechrevo\.cargo\registry\src\index.crates.io-1949cf8c6b5b557f\webview2-com-0.38.0\src\pwstr.rs:14:29
   |
14 | pub struct CoTaskMemRef<'a>(PCWSTR, PhantomData<&'a PCWSTR>);
   |                             ^^^^^^

error: internal compiler error: path with `Res::Err` but no error emitted
  --> C:\Users\Mechrevo\.cargo\registry\src\index.crates.io-1949cf8c6b5b557f\webview2-com-0.38.0\src\pwstr.rs:14:53
   |
14 | pub struct CoTaskMemRef<'a>(PCWSTR, PhantomData<&'a PCWSTR>);
   |                                                     ^^^^^^
   |
note: delayed at compiler\rustc_hir_analysis\src\hir_ty_lowering\mod.rs:2051:22 - disabled backtrace
  --> C:\Users\Mechrevo\.cargo\registry\src\index.crates.io-1949cf8c6b5b557f\webview2-com-0.38.0\src\pwstr.rs:14:53
   |
14 | pub struct CoTaskMemRef<'a>(PCWSTR, PhantomData<&'a PCWSTR>);
   |                                                     ^^^^^^

error: internal compiler error: path with `Res::Err` but no error emitted
  --> C:\Users\Mechrevo\.cargo\registry\src\index.crates.io-1949cf8c6b5b557f\webview2-com-0.38.0\src\pwstr.rs:30:33
   |
30 | pub struct CoTaskMemMut<'a>(&'a PWSTR);
   |                                 ^^^^^
   |
note: delayed at compiler\rustc_hir_analysis\src\hir_ty_lowering\mod.rs:2051:22 - disabled backtrace
  --> C:\Users\Mechrevo\.cargo\registry\src\index.crates.io-1949cf8c6b5b557f\webview2-com-0.38.0\src\pwstr.rs:30:33
   |
30 | pub struct CoTaskMemMut<'a>(&'a PWSTR);
   |                                 ^^^^^

error: internal compiler error: path with `Res::Err` but no error emitted
  --> C:\Users\Mechrevo\.cargo\registry\src\index.crates.io-1949cf8c6b5b557f\webview2-com-0.38.0\src\lib.rs:24:18
   |
24 |     WindowsError(windows::core::Error),
   |                  ^^^^^^^^^^^^^^^^^^^^
   |
note: delayed at compiler\rustc_hir_analysis\src\hir_ty_lowering\mod.rs:2051:22 - disabled backtrace
  --> C:\Users\Mechrevo\.cargo\registry\src\index.crates.io-1949cf8c6b5b557f\webview2-com-0.38.0\src\lib.rs:24:18
   |
24 |     WindowsError(windows::core::Error),
   |                  ^^^^^^^^^^^^^^^^^^^^

error: internal compiler error: path with `Res::Err` but no error emitted
  --> C:\Users\Mechrevo\.cargo\registry\src\index.crates.io-1949cf8c6b5b557f\webview2-com-0.38.0\src\pwstr.rs:79:11
   |
79 | impl From<PWSTR> for CoTaskMemPWSTR<'_> {
   |           ^^^^^
   |
note: delayed at compiler\rustc_hir_analysis\src\hir_ty_lowering\mod.rs:2051:22 - disabled backtrace
  --> C:\Users\Mechrevo\.cargo\registry\src\index.crates.io-1949cf8c6b5b557f\webview2-com-0.38.0\src\pwstr.rs:79:11
   |
79 | impl From<PWSTR> for CoTaskMemPWSTR<'_> {
   |           ^^^^^

error: internal compiler error: path with `Res::Err` but no error emitted
  --> C:\Users\Mechrevo\.cargo\registry\src\index.crates.io-1949cf8c6b5b557f\webview2-com-0.38.0\src\lib.rs:38:11
   |
38 | impl From<windows::core::Error> for Error {
   |           ^^^^^^^^^^^^^^^^^^^^
   |
note: delayed at compiler\rustc_hir_analysis\src\hir_ty_lowering\mod.rs:2051:22 - disabled backtrace
  --> C:\Users\Mechrevo\.cargo\registry\src\index.crates.io-1949cf8c6b5b557f\webview2-com-0.38.0\src\lib.rs:38:11
   |
38 | impl From<windows::core::Error> for Error {
   |           ^^^^^^^^^^^^^^^^^^^^

error: internal compiler error: path with `Res::Err` but no error emitted
  --> C:\Users\Mechrevo\.cargo\registry\src\index.crates.io-1949cf8c6b5b557f\webview2-com-0.38.0\src\lib.rs:44:11
   |
44 | impl From<HRESULT> for Error {
   |           ^^^^^^^
   |
note: delayed at compiler\rustc_hir_analysis\src\hir_ty_lowering\mod.rs:2051:22 - disabled backtrace
  --> C:\Users\Mechrevo\.cargo\registry\src\index.crates.io-1949cf8c6b5b557f\webview2-com-0.38.0\src\lib.rs:44:11
   |
44 | impl From<HRESULT> for Error {
   |           ^^^^^^^

error: internal compiler error: path with `Res::Err` but no error emitted
  --> C:\Users\Mechrevo\.cargo\registry\src\index.crates.io-1949cf8c6b5b557f\webview2-com-0.38.0\src\callback.rs:86:1
   |
86 | #[event_callback]
   | ^^^^^^^^^^^^^^^^^
   |
note: delayed at compiler\rustc_hir_analysis\src\hir_ty_lowering\mod.rs:2051:22 - disabled backtrace
  --> C:\Users\Mechrevo\.cargo\registry\src\index.crates.io-1949cf8c6b5b557f\webview2-com-0.38.0\src\callback.rs:86:1
   |
86 | #[event_callback]
   | ^^^^^^^^^^^^^^^^^
   = note: this error: internal compiler error originates in the attribute macro `event_callback` (in Nightly builds, r
un with -Z macro-backtrace for more info)

error: internal compiler error: path with `Res::Err` but no error emitted
  --> C:\Users\Mechrevo\.cargo\registry\src\index.crates.io-1949cf8c6b5b557f\webview2-com-0.38.0\src\callback.rs:93:1
   |
93 | #[event_callback]
   | ^^^^^^^^^^^^^^^^^
   |
note: delayed at compiler\rustc_hir_analysis\src\hir_ty_lowering\mod.rs:2051:22 - disabled backtrace
  --> C:\Users\Mechrevo\.cargo\registry\src\index.crates.io-1949cf8c6b5b557f\webview2-com-0.38.0\src\callback.rs:93:1
   |
93 | #[event_callback]
   | ^^^^^^^^^^^^^^^^^
   = note: this error: internal compiler error originates in the attribute macro `event_callback` (in Nightly builds, r
un with -Z macro-backtrace for more info)

error: internal compiler error: path with `Res::Err` but no error emitted
   --> C:\Users\Mechrevo\.cargo\registry\src\index.crates.io-1949cf8c6b5b557f\webview2-com-0.38.0\src\callback.rs:100:1
    |
100 | #[event_callback]
    | ^^^^^^^^^^^^^^^^^
    |
note: delayed at compiler\rustc_hir_analysis\src\hir_ty_lowering\mod.rs:2051:22 - disabled backtrace
   --> C:\Users\Mechrevo\.cargo\registry\src\index.crates.io-1949cf8c6b5b557f\webview2-com-0.38.0\src\callback.rs:100:1
    |
100 | #[event_callback]
    | ^^^^^^^^^^^^^^^^^
    = note: this error: internal compiler error originates in the attribute macro `event_callback` (in Nightly builds, 
run with -Z macro-backtrace for more info)

error: internal compiler error: path with `Res::Err` but no error emitted
   --> C:\Users\Mechrevo\.cargo\registry\src\index.crates.io-1949cf8c6b5b557f\webview2-com-0.38.0\src\callback.rs:107:1
    |
107 | #[completed_callback]
    | ^^^^^^^^^^^^^^^^^^^^^
    |
note: delayed at compiler\rustc_hir_analysis\src\hir_ty_lowering\mod.rs:2051:22 - disabled backtrace
   --> C:\Users\Mechrevo\.cargo\registry\src\index.crates.io-1949cf8c6b5b557f\webview2-com-0.38.0\src\callback.rs:107:1
    |
107 | #[completed_callback]
    | ^^^^^^^^^^^^^^^^^^^^^
    = note: this error: internal compiler error originates in the attribute macro `completed_callback` (in Nightly buil
ds, run with -Z macro-backtrace for more info)

error: internal compiler error: path with `Res::Err` but no error emitted
   --> C:\Users\Mechrevo\.cargo\registry\src\index.crates.io-1949cf8c6b5b557f\webview2-com-0.38.0\src\callback.rs:114:1
    |
114 | #[completed_callback]
    | ^^^^^^^^^^^^^^^^^^^^^
    |
note: delayed at compiler\rustc_hir_analysis\src\hir_ty_lowering\mod.rs:2051:22 - disabled backtrace
   --> C:\Users\Mechrevo\.cargo\registry\src\index.crates.io-1949cf8c6b5b557f\webview2-com-0.38.0\src\callback.rs:114:1
    |
114 | #[completed_callback]
    | ^^^^^^^^^^^^^^^^^^^^^
    = note: this error: internal compiler error originates in the attribute macro `completed_callback` (in Nightly buil
ds, run with -Z macro-backtrace for more info)

error: internal compiler error: path with `Res::Err` but no error emitted
   --> C:\Users\Mechrevo\.cargo\registry\src\index.crates.io-1949cf8c6b5b557f\webview2-com-0.38.0\src\callback.rs:121:1
    |
121 | #[event_callback]
    | ^^^^^^^^^^^^^^^^^
    |
note: delayed at compiler\rustc_hir_analysis\src\hir_ty_lowering\mod.rs:2051:22 - disabled backtrace
   --> C:\Users\Mechrevo\.cargo\registry\src\index.crates.io-1949cf8c6b5b557f\webview2-com-0.38.0\src\callback.rs:121:1
    |
121 | #[event_callback]
    | ^^^^^^^^^^^^^^^^^
    = note: this error: internal compiler error originates in the attribute macro `event_callback` (in Nightly builds, 
run with -Z macro-backtrace for more info)

error: internal compiler error: path with `Res::Err` but no error emitted
   --> C:\Users\Mechrevo\.cargo\registry\src\index.crates.io-1949cf8c6b5b557f\webview2-com-0.38.0\src\callback.rs:128:1
    |
128 | #[completed_callback]
    | ^^^^^^^^^^^^^^^^^^^^^
    |
note: delayed at compiler\rustc_hir_analysis\src\hir_ty_lowering\mod.rs:2051:22 - disabled backtrace
   --> C:\Users\Mechrevo\.cargo\registry\src\index.crates.io-1949cf8c6b5b557f\webview2-com-0.38.0\src\callback.rs:128:1
    |
128 | #[completed_callback]
    | ^^^^^^^^^^^^^^^^^^^^^
    = note: this error: internal compiler error originates in the attribute macro `completed_callback` (in Nightly buil
ds, run with -Z macro-backtrace for more info)

error: internal compiler error: path with `Res::Err` but no error emitted
   --> C:\Users\Mechrevo\.cargo\registry\src\index.crates.io-1949cf8c6b5b557f\webview2-com-0.38.0\src\callback.rs:135:1
    |
135 | #[event_callback]
    | ^^^^^^^^^^^^^^^^^
    |
note: delayed at compiler\rustc_hir_analysis\src\hir_ty_lowering\mod.rs:2051:22 - disabled backtrace
   --> C:\Users\Mechrevo\.cargo\registry\src\index.crates.io-1949cf8c6b5b557f\webview2-com-0.38.0\src\callback.rs:135:1
    |
135 | #[event_callback]
    | ^^^^^^^^^^^^^^^^^
    = note: this error: internal compiler error originates in the attribute macro `event_callback` (in Nightly builds, 
run with -Z macro-backtrace for more info)

error: internal compiler error: path with `Res::Err` but no error emitted
   --> C:\Users\Mechrevo\.cargo\registry\src\index.crates.io-1949cf8c6b5b557f\webview2-com-0.38.0\src\callback.rs:142:1
    |
142 | #[event_callback]
    | ^^^^^^^^^^^^^^^^^
    |
note: delayed at compiler\rustc_hir_analysis\src\hir_ty_lowering\mod.rs:2051:22 - disabled backtrace
   --> C:\Users\Mechrevo\.cargo\registry\src\index.crates.io-1949cf8c6b5b557f\webview2-com-0.38.0\src\callback.rs:142:1
    |
142 | #[event_callback]
    | ^^^^^^^^^^^^^^^^^
    = note: this error: internal compiler error originates in the attribute macro `event_callback` (in Nightly builds, 
run with -Z macro-backtrace for more info)

error: internal compiler error: path with `Res::Err` but no error emitted
   --> C:\Users\Mechrevo\.cargo\registry\src\index.crates.io-1949cf8c6b5b557f\webview2-com-0.38.0\src\callback.rs:149:1
    |
149 | #[event_callback]
    | ^^^^^^^^^^^^^^^^^
    |
note: delayed at compiler\rustc_hir_analysis\src\hir_ty_lowering\mod.rs:2051:22 - disabled backtrace
   --> C:\Users\Mechrevo\.cargo\registry\src\index.crates.io-1949cf8c6b5b557f\webview2-com-0.38.0\src\callback.rs:149:1
    |
149 | #[event_callback]
    | ^^^^^^^^^^^^^^^^^
    = note: this error: internal compiler error originates in the attribute macro `event_callback` (in Nightly builds, 
run with -Z macro-backtrace for more info)

error: internal compiler error: path with `Res::Err` but no error emitted
   --> C:\Users\Mechrevo\.cargo\registry\src\index.crates.io-1949cf8c6b5b557f\webview2-com-0.38.0\src\callback.rs:156:1
    |
156 | #[event_callback]
    | ^^^^^^^^^^^^^^^^^
    |
note: delayed at compiler\rustc_hir_analysis\src\hir_ty_lowering\mod.rs:2051:22 - disabled backtrace
   --> C:\Users\Mechrevo\.cargo\registry\src\index.crates.io-1949cf8c6b5b557f\webview2-com-0.38.0\src\callback.rs:156:1
    |
156 | #[event_callback]
    | ^^^^^^^^^^^^^^^^^
    = note: this error: internal compiler error originates in the attribute macro `event_callback` (in Nightly builds, 
run with -Z macro-backtrace for more info)

error: internal compiler error: path with `Res::Err` but no error emitted
   --> C:\Users\Mechrevo\.cargo\registry\src\index.crates.io-1949cf8c6b5b557f\webview2-com-0.38.0\src\callback.rs:163:1
    |
163 | #[event_callback]
    | ^^^^^^^^^^^^^^^^^
    |
note: delayed at compiler\rustc_hir_analysis\src\hir_ty_lowering\mod.rs:2051:22 - disabled backtrace
   --> C:\Users\Mechrevo\.cargo\registry\src\index.crates.io-1949cf8c6b5b557f\webview2-com-0.38.0\src\callback.rs:163:1
    |
163 | #[event_callback]
    | ^^^^^^^^^^^^^^^^^
    = note: this error: internal compiler error originates in the attribute macro `event_callback` (in Nightly builds, 
run with -Z macro-backtrace for more info)

error: internal compiler error: path with `Res::Err` but no error emitted
   --> C:\Users\Mechrevo\.cargo\registry\src\index.crates.io-1949cf8c6b5b557f\webview2-com-0.38.0\src\callback.rs:170:1
    |
170 | #[event_callback]
    | ^^^^^^^^^^^^^^^^^
    |
note: delayed at compiler\rustc_hir_analysis\src\hir_ty_lowering\mod.rs:2051:22 - disabled backtrace
   --> C:\Users\Mechrevo\.cargo\registry\src\index.crates.io-1949cf8c6b5b557f\webview2-com-0.38.0\src\callback.rs:170:1
    |
170 | #[event_callback]
    | ^^^^^^^^^^^^^^^^^
    = note: this error: internal compiler error originates in the attribute macro `event_callback` (in Nightly builds, 
run with -Z macro-backtrace for more info)

error: internal compiler error: path with `Res::Err` but no error emitted
   --> C:\Users\Mechrevo\.cargo\registry\src\index.crates.io-1949cf8c6b5b557f\webview2-com-0.38.0\src\callback.rs:177:1
    |
177 | #[event_callback]
    | ^^^^^^^^^^^^^^^^^
    |
note: delayed at compiler\rustc_hir_analysis\src\hir_ty_lowering\mod.rs:2051:22 - disabled backtrace
   --> C:\Users\Mechrevo\.cargo\registry\src\index.crates.io-1949cf8c6b5b557f\webview2-com-0.38.0\src\callback.rs:177:1
    |
177 | #[event_callback]
    | ^^^^^^^^^^^^^^^^^
    = note: this error: internal compiler error originates in the attribute macro `event_callback` (in Nightly builds, 
run with -Z macro-backtrace for more info)

error: internal compiler error: path with `Res::Err` but no error emitted
   --> C:\Users\Mechrevo\.cargo\registry\src\index.crates.io-1949cf8c6b5b557f\webview2-com-0.38.0\src\callback.rs:184:1
    |
184 | #[event_callback]
    | ^^^^^^^^^^^^^^^^^
    |
note: delayed at compiler\rustc_hir_analysis\src\hir_ty_lowering\mod.rs:2051:22 - disabled backtrace
   --> C:\Users\Mechrevo\.cargo\registry\src\index.crates.io-1949cf8c6b5b557f\webview2-com-0.38.0\src\callback.rs:184:1
    |
184 | #[event_callback]
    | ^^^^^^^^^^^^^^^^^
    = note: this error: internal compiler error originates in the attribute macro `event_callback` (in Nightly builds, 
run with -Z macro-backtrace for more info)

error: internal compiler error: path with `Res::Err` but no error emitted
   --> C:\Users\Mechrevo\.cargo\registry\src\index.crates.io-1949cf8c6b5b557f\webview2-com-0.38.0\src\callback.rs:191:1
    |
191 | #[event_callback]
    | ^^^^^^^^^^^^^^^^^
    |
note: delayed at compiler\rustc_hir_analysis\src\hir_ty_lowering\mod.rs:2051:22 - disabled backtrace
   --> C:\Users\Mechrevo\.cargo\registry\src\index.crates.io-1949cf8c6b5b557f\webview2-com-0.38.0\src\callback.rs:191:1
    |
191 | #[event_callback]
    | ^^^^^^^^^^^^^^^^^
    = note: this error: internal compiler error originates in the attribute macro `event_callback` (in Nightly builds, 
run with -Z macro-backtrace for more info)

error: internal compiler error: path with `Res::Err` but no error emitted
   --> C:\Users\Mechrevo\.cargo\registry\src\index.crates.io-1949cf8c6b5b557f\webview2-com-0.38.0\src\callback.rs:198:1
    |
198 | #[event_callback]
    | ^^^^^^^^^^^^^^^^^
    |
note: delayed at compiler\rustc_hir_analysis\src\hir_ty_lowering\mod.rs:2051:22 - disabled backtrace
   --> C:\Users\Mechrevo\.cargo\registry\src\index.crates.io-1949cf8c6b5b557f\webview2-com-0.38.0\src\callback.rs:198:1
    |
198 | #[event_callback]
    | ^^^^^^^^^^^^^^^^^
    = note: this error: internal compiler error originates in the attribute macro `event_callback` (in Nightly builds, 
run with -Z macro-backtrace for more info)

error: internal compiler error: path with `Res::Err` but no error emitted
   --> C:\Users\Mechrevo\.cargo\registry\src\index.crates.io-1949cf8c6b5b557f\webview2-com-0.38.0\src\callback.rs:205:1
    |
205 | #[event_callback]
    | ^^^^^^^^^^^^^^^^^
    |
note: delayed at compiler\rustc_hir_analysis\src\hir_ty_lowering\mod.rs:2051:22 - disabled backtrace
   --> C:\Users\Mechrevo\.cargo\registry\src\index.crates.io-1949cf8c6b5b557f\webview2-com-0.38.0\src\callback.rs:205:1
    |
205 | #[event_callback]
    | ^^^^^^^^^^^^^^^^^
    = note: this error: internal compiler error originates in the attribute macro `event_callback` (in Nightly builds, 
run with -Z macro-backtrace for more info)

error: internal compiler error: path with `Res::Err` but no error emitted
   --> C:\Users\Mechrevo\.cargo\registry\src\index.crates.io-1949cf8c6b5b557f\webview2-com-0.38.0\src\callback.rs:212:1
    |
212 | #[event_callback]
    | ^^^^^^^^^^^^^^^^^
    |
note: delayed at compiler\rustc_hir_analysis\src\hir_ty_lowering\mod.rs:2051:22 - disabled backtrace
   --> C:\Users\Mechrevo\.cargo\registry\src\index.crates.io-1949cf8c6b5b557f\webview2-com-0.38.0\src\callback.rs:212:1
    |
212 | #[event_callback]
    | ^^^^^^^^^^^^^^^^^
    = note: this error: internal compiler error originates in the attribute macro `event_callback` (in Nightly builds, 
run with -Z macro-backtrace for more info)

error: internal compiler error: path with `Res::Err` but no error emitted
   --> C:\Users\Mechrevo\.cargo\registry\src\index.crates.io-1949cf8c6b5b557f\webview2-com-0.38.0\src\callback.rs:219:1
    |
219 | #[event_callback]
    | ^^^^^^^^^^^^^^^^^
    |
note: delayed at compiler\rustc_hir_analysis\src\hir_ty_lowering\mod.rs:2051:22 - disabled backtrace
   --> C:\Users\Mechrevo\.cargo\registry\src\index.crates.io-1949cf8c6b5b557f\webview2-com-0.38.0\src\callback.rs:219:1
    |
219 | #[event_callback]
    | ^^^^^^^^^^^^^^^^^
    = note: this error: internal compiler error originates in the attribute macro `event_callback` (in Nightly builds, 
run with -Z macro-backtrace for more info)

error: internal compiler error: path with `Res::Err` but no error emitted
   --> C:\Users\Mechrevo\.cargo\registry\src\index.crates.io-1949cf8c6b5b557f\webview2-com-0.38.0\src\callback.rs:226:1
    |
226 | #[event_callback]
    | ^^^^^^^^^^^^^^^^^
    |
note: delayed at compiler\rustc_hir_analysis\src\hir_ty_lowering\mod.rs:2051:22 - disabled backtrace
   --> C:\Users\Mechrevo\.cargo\registry\src\index.crates.io-1949cf8c6b5b557f\webview2-com-0.38.0\src\callback.rs:226:1
    |
226 | #[event_callback]
    | ^^^^^^^^^^^^^^^^^
    = note: this error: internal compiler error originates in the attribute macro `event_callback` (in Nightly builds, 
run with -Z macro-backtrace for more info)

error: internal compiler error: path with `Res::Err` but no error emitted
   --> C:\Users\Mechrevo\.cargo\registry\src\index.crates.io-1949cf8c6b5b557f\webview2-com-0.38.0\src\callback.rs:233:1
    |
233 | #[event_callback]
    | ^^^^^^^^^^^^^^^^^
    |
note: delayed at compiler\rustc_hir_analysis\src\hir_ty_lowering\mod.rs:2051:22 - disabled backtrace
   --> C:\Users\Mechrevo\.cargo\registry\src\index.crates.io-1949cf8c6b5b557f\webview2-com-0.38.0\src\callback.rs:233:1
    |
233 | #[event_callback]
    | ^^^^^^^^^^^^^^^^^
    = note: this error: internal compiler error originates in the attribute macro `event_callback` (in Nightly builds, 
run with -Z macro-backtrace for more info)

error: internal compiler error: path with `Res::Err` but no error emitted
   --> C:\Users\Mechrevo\.cargo\registry\src\index.crates.io-1949cf8c6b5b557f\webview2-com-0.38.0\src\callback.rs:240:1
    |
240 | #[completed_callback]
    | ^^^^^^^^^^^^^^^^^^^^^
    |
note: delayed at compiler\rustc_hir_analysis\src\hir_ty_lowering\mod.rs:2051:22 - disabled backtrace
   --> C:\Users\Mechrevo\.cargo\registry\src\index.crates.io-1949cf8c6b5b557f\webview2-com-0.38.0\src\callback.rs:240:1
    |
240 | #[completed_callback]
    | ^^^^^^^^^^^^^^^^^^^^^
    = note: this error: internal compiler error originates in the attribute macro `completed_callback` (in Nightly buil
ds, run with -Z macro-backtrace for more info)

error: internal compiler error: path with `Res::Err` but no error emitted
   --> C:\Users\Mechrevo\.cargo\registry\src\index.crates.io-1949cf8c6b5b557f\webview2-com-0.38.0\src\callback.rs:253:1
    |
253 | #[event_callback]
    | ^^^^^^^^^^^^^^^^^
    |
note: delayed at compiler\rustc_hir_analysis\src\hir_ty_lowering\mod.rs:2051:22 - disabled backtrace
   --> C:\Users\Mechrevo\.cargo\registry\src\index.crates.io-1949cf8c6b5b557f\webview2-com-0.38.0\src\callback.rs:253:1
    |
253 | #[event_callback]
    | ^^^^^^^^^^^^^^^^^
    = note: this error: internal compiler error originates in the attribute macro `event_callback` (in Nightly builds, 
run with -Z macro-backtrace for more info)

error: internal compiler error: path with `Res::Err` but no error emitted
   --> C:\Users\Mechrevo\.cargo\registry\src\index.crates.io-1949cf8c6b5b557f\webview2-com-0.38.0\src\callback.rs:272:1
    |
272 | #[completed_callback]
    | ^^^^^^^^^^^^^^^^^^^^^
    |
note: delayed at compiler\rustc_hir_analysis\src\hir_ty_lowering\mod.rs:2051:22 - disabled backtrace
   --> C:\Users\Mechrevo\.cargo\registry\src\index.crates.io-1949cf8c6b5b557f\webview2-com-0.38.0\src\callback.rs:272:1
    |
272 | #[completed_callback]
    | ^^^^^^^^^^^^^^^^^^^^^
    = note: this error: internal compiler error originates in the attribute macro `completed_callback` (in Nightly buil
ds, run with -Z macro-backtrace for more info)

error: internal compiler error: path with `Res::Err` but no error emitted
   --> C:\Users\Mechrevo\.cargo\registry\src\index.crates.io-1949cf8c6b5b557f\webview2-com-0.38.0\src\callback.rs:279:1
    |
279 | #[completed_callback]
    | ^^^^^^^^^^^^^^^^^^^^^
    |
note: delayed at compiler\rustc_hir_analysis\src\hir_ty_lowering\mod.rs:2051:22 - disabled backtrace
   --> C:\Users\Mechrevo\.cargo\registry\src\index.crates.io-1949cf8c6b5b557f\webview2-com-0.38.0\src\callback.rs:279:1
    |
279 | #[completed_callback]
    | ^^^^^^^^^^^^^^^^^^^^^
    = note: this error: internal compiler error originates in the attribute macro `completed_callback` (in Nightly buil
ds, run with -Z macro-backtrace for more info)

error: internal compiler error: path with `Res::Err` but no error emitted
   --> C:\Users\Mechrevo\.cargo\registry\src\index.crates.io-1949cf8c6b5b557f\webview2-com-0.38.0\src\callback.rs:282:1
    |
282 | #[completed_callback]
    | ^^^^^^^^^^^^^^^^^^^^^
    |
note: delayed at compiler\rustc_hir_analysis\src\hir_ty_lowering\mod.rs:2051:22 - disabled backtrace
   --> C:\Users\Mechrevo\.cargo\registry\src\index.crates.io-1949cf8c6b5b557f\webview2-com-0.38.0\src\callback.rs:282:1
    |
282 | #[completed_callback]
    | ^^^^^^^^^^^^^^^^^^^^^
    = note: this error: internal compiler error originates in the attribute macro `completed_callback` (in Nightly buil
ds, run with -Z macro-backtrace for more info)

error: internal compiler error: path with `Res::Err` but no error emitted
   --> C:\Users\Mechrevo\.cargo\registry\src\index.crates.io-1949cf8c6b5b557f\webview2-com-0.38.0\src\callback.rs:289:1
    |
289 | #[completed_callback]
    | ^^^^^^^^^^^^^^^^^^^^^
    |
note: delayed at compiler\rustc_hir_analysis\src\hir_ty_lowering\mod.rs:2051:22 - disabled backtrace
   --> C:\Users\Mechrevo\.cargo\registry\src\index.crates.io-1949cf8c6b5b557f\webview2-com-0.38.0\src\callback.rs:289:1
    |
289 | #[completed_callback]
    | ^^^^^^^^^^^^^^^^^^^^^
    = note: this error: internal compiler error originates in the attribute macro `completed_callback` (in Nightly buil
ds, run with -Z macro-backtrace for more info)

error: internal compiler error: path with `Res::Err` but no error emitted
   --> C:\Users\Mechrevo\.cargo\registry\src\index.crates.io-1949cf8c6b5b557f\webview2-com-0.38.0\src\callback.rs:296:1
    |
296 | #[completed_callback]
    | ^^^^^^^^^^^^^^^^^^^^^
    |
note: delayed at compiler\rustc_hir_analysis\src\hir_ty_lowering\mod.rs:2051:22 - disabled backtrace
   --> C:\Users\Mechrevo\.cargo\registry\src\index.crates.io-1949cf8c6b5b557f\webview2-com-0.38.0\src\callback.rs:296:1
    |
296 | #[completed_callback]
    | ^^^^^^^^^^^^^^^^^^^^^
    = note: this error: internal compiler error originates in the attribute macro `completed_callback` (in Nightly buil
ds, run with -Z macro-backtrace for more info)

error: internal compiler error: path with `Res::Err` but no error emitted
   --> C:\Users\Mechrevo\.cargo\registry\src\index.crates.io-1949cf8c6b5b557f\webview2-com-0.38.0\src\callback.rs:306:1
    |
306 | #[event_callback]
    | ^^^^^^^^^^^^^^^^^
    |
note: delayed at compiler\rustc_hir_analysis\src\hir_ty_lowering\mod.rs:2051:22 - disabled backtrace
   --> C:\Users\Mechrevo\.cargo\registry\src\index.crates.io-1949cf8c6b5b557f\webview2-com-0.38.0\src\callback.rs:306:1
    |
306 | #[event_callback]
    | ^^^^^^^^^^^^^^^^^
    = note: this error: internal compiler error originates in the attribute macro `event_callback` (in Nightly builds, 
run with -Z macro-backtrace for more info)

error: internal compiler error: path with `Res::Err` but no error emitted
   --> C:\Users\Mechrevo\.cargo\registry\src\index.crates.io-1949cf8c6b5b557f\webview2-com-0.38.0\src\callback.rs:313:1
    |
313 | #[completed_callback]
    | ^^^^^^^^^^^^^^^^^^^^^
    |
note: delayed at compiler\rustc_hir_analysis\src\hir_ty_lowering\mod.rs:2051:22 - disabled backtrace
   --> C:\Users\Mechrevo\.cargo\registry\src\index.crates.io-1949cf8c6b5b557f\webview2-com-0.38.0\src\callback.rs:313:1
    |
313 | #[completed_callback]
    | ^^^^^^^^^^^^^^^^^^^^^
    = note: this error: internal compiler error originates in the attribute macro `completed_callback` (in Nightly buil
ds, run with -Z macro-backtrace for more info)

error: internal compiler error: path with `Res::Err` but no error emitted
   --> C:\Users\Mechrevo\.cargo\registry\src\index.crates.io-1949cf8c6b5b557f\webview2-com-0.38.0\src\callback.rs:320:1
    |
320 | #[event_callback]
    | ^^^^^^^^^^^^^^^^^
    |
note: delayed at compiler\rustc_hir_analysis\src\hir_ty_lowering\mod.rs:2051:22 - disabled backtrace
   --> C:\Users\Mechrevo\.cargo\registry\src\index.crates.io-1949cf8c6b5b557f\webview2-com-0.38.0\src\callback.rs:320:1
    |
320 | #[event_callback]
    | ^^^^^^^^^^^^^^^^^
    = note: this error: internal compiler error originates in the attribute macro `event_callback` (in Nightly builds, 
run with -Z macro-backtrace for more info)

error: internal compiler error: path with `Res::Err` but no error emitted
   --> C:\Users\Mechrevo\.cargo\registry\src\index.crates.io-1949cf8c6b5b557f\webview2-com-0.38.0\src\callback.rs:327:1
    |
327 | #[event_callback]
    | ^^^^^^^^^^^^^^^^^
    |
note: delayed at compiler\rustc_hir_analysis\src\hir_ty_lowering\mod.rs:2051:22 - disabled backtrace
   --> C:\Users\Mechrevo\.cargo\registry\src\index.crates.io-1949cf8c6b5b557f\webview2-com-0.38.0\src\callback.rs:327:1
    |
327 | #[event_callback]
    | ^^^^^^^^^^^^^^^^^
    = note: this error: internal compiler error originates in the attribute macro `event_callback` (in Nightly builds, 
run with -Z macro-backtrace for more info)

error: internal compiler error: path with `Res::Err` but no error emitted
   --> C:\Users\Mechrevo\.cargo\registry\src\index.crates.io-1949cf8c6b5b557f\webview2-com-0.38.0\src\callback.rs:334:1
    |
334 | #[event_callback]
    | ^^^^^^^^^^^^^^^^^
    |
note: delayed at compiler\rustc_hir_analysis\src\hir_ty_lowering\mod.rs:2051:22 - disabled backtrace
   --> C:\Users\Mechrevo\.cargo\registry\src\index.crates.io-1949cf8c6b5b557f\webview2-com-0.38.0\src\callback.rs:334:1
    |
334 | #[event_callback]
    | ^^^^^^^^^^^^^^^^^
    = note: this error: internal compiler error originates in the attribute macro `event_callback` (in Nightly builds, 
run with -Z macro-backtrace for more info)

error: internal compiler error: path with `Res::Err` but no error emitted
   --> C:\Users\Mechrevo\.cargo\registry\src\index.crates.io-1949cf8c6b5b557f\webview2-com-0.38.0\src\callback.rs:341:1
    |
341 | #[event_callback]
    | ^^^^^^^^^^^^^^^^^
    |
note: delayed at compiler\rustc_hir_analysis\src\hir_ty_lowering\mod.rs:2051:22 - disabled backtrace
   --> C:\Users\Mechrevo\.cargo\registry\src\index.crates.io-1949cf8c6b5b557f\webview2-com-0.38.0\src\callback.rs:341:1
    |
341 | #[event_callback]
    | ^^^^^^^^^^^^^^^^^
    = note: this error: internal compiler error originates in the attribute macro `event_callback` (in Nightly builds, 
run with -Z macro-backtrace for more info)

error: internal compiler error: path with `Res::Err` but no error emitted
   --> C:\Users\Mechrevo\.cargo\registry\src\index.crates.io-1949cf8c6b5b557f\webview2-com-0.38.0\src\callback.rs:348:1
    |
348 | #[event_callback]
    | ^^^^^^^^^^^^^^^^^
    |
note: delayed at compiler\rustc_hir_analysis\src\hir_ty_lowering\mod.rs:2051:22 - disabled backtrace
   --> C:\Users\Mechrevo\.cargo\registry\src\index.crates.io-1949cf8c6b5b557f\webview2-com-0.38.0\src\callback.rs:348:1
    |
348 | #[event_callback]
    | ^^^^^^^^^^^^^^^^^
    = note: this error: internal compiler error originates in the attribute macro `event_callback` (in Nightly builds, 
run with -Z macro-backtrace for more info)

error: internal compiler error: path with `Res::Err` but no error emitted
   --> C:\Users\Mechrevo\.cargo\registry\src\index.crates.io-1949cf8c6b5b557f\webview2-com-0.38.0\src\callback.rs:355:1
    |
355 | #[completed_callback]
    | ^^^^^^^^^^^^^^^^^^^^^
    |
note: delayed at compiler\rustc_hir_analysis\src\hir_ty_lowering\mod.rs:2051:22 - disabled backtrace
   --> C:\Users\Mechrevo\.cargo\registry\src\index.crates.io-1949cf8c6b5b557f\webview2-com-0.38.0\src\callback.rs:355:1
    |
355 | #[completed_callback]
    | ^^^^^^^^^^^^^^^^^^^^^
    = note: this error: internal compiler error originates in the attribute macro `completed_callback` (in Nightly buil
ds, run with -Z macro-backtrace for more info)

error: internal compiler error: path with `Res::Err` but no error emitted
   --> C:\Users\Mechrevo\.cargo\registry\src\index.crates.io-1949cf8c6b5b557f\webview2-com-0.38.0\src\callback.rs:362:1
    |
362 | #[event_callback]
    | ^^^^^^^^^^^^^^^^^
    |
note: delayed at compiler\rustc_hir_analysis\src\hir_ty_lowering\mod.rs:2051:22 - disabled backtrace
   --> C:\Users\Mechrevo\.cargo\registry\src\index.crates.io-1949cf8c6b5b557f\webview2-com-0.38.0\src\callback.rs:362:1
    |
362 | #[event_callback]
    | ^^^^^^^^^^^^^^^^^
    = note: this error: internal compiler error originates in the attribute macro `event_callback` (in Nightly builds, 
run with -Z macro-backtrace for more info)

error: internal compiler error: path with `Res::Err` but no error emitted
   --> C:\Users\Mechrevo\.cargo\registry\src\index.crates.io-1949cf8c6b5b557f\webview2-com-0.38.0\src\callback.rs:369:1
    |
369 | #[event_callback]
    | ^^^^^^^^^^^^^^^^^
    |
note: delayed at compiler\rustc_hir_analysis\src\hir_ty_lowering\mod.rs:2051:22 - disabled backtrace
   --> C:\Users\Mechrevo\.cargo\registry\src\index.crates.io-1949cf8c6b5b557f\webview2-com-0.38.0\src\callback.rs:369:1
    |
369 | #[event_callback]
    | ^^^^^^^^^^^^^^^^^
    = note: this error: internal compiler error originates in the attribute macro `event_callback` (in Nightly builds, 
run with -Z macro-backtrace for more info)

error: internal compiler error: path with `Res::Err` but no error emitted
   --> C:\Users\Mechrevo\.cargo\registry\src\index.crates.io-1949cf8c6b5b557f\webview2-com-0.38.0\src\callback.rs:376:1
    |
376 | #[event_callback]
    | ^^^^^^^^^^^^^^^^^
    |
note: delayed at compiler\rustc_hir_analysis\src\hir_ty_lowering\mod.rs:2051:22 - disabled backtrace
   --> C:\Users\Mechrevo\.cargo\registry\src\index.crates.io-1949cf8c6b5b557f\webview2-com-0.38.0\src\callback.rs:376:1
    |
376 | #[event_callback]
    | ^^^^^^^^^^^^^^^^^
    = note: this error: internal compiler error originates in the attribute macro `event_callback` (in Nightly builds, 
run with -Z macro-backtrace for more info)

error: internal compiler error: path with `Res::Err` but no error emitted
   --> C:\Users\Mechrevo\.cargo\registry\src\index.crates.io-1949cf8c6b5b557f\webview2-com-0.38.0\src\callback.rs:383:1
    |
383 | #[event_callback]
    | ^^^^^^^^^^^^^^^^^
    |
note: delayed at compiler\rustc_hir_analysis\src\hir_ty_lowering\mod.rs:2051:22 - disabled backtrace
   --> C:\Users\Mechrevo\.cargo\registry\src\index.crates.io-1949cf8c6b5b557f\webview2-com-0.38.0\src\callback.rs:383:1
    |
383 | #[event_callback]
    | ^^^^^^^^^^^^^^^^^
    = note: this error: internal compiler error originates in the attribute macro `event_callback` (in Nightly builds, 
run with -Z macro-backtrace for more info)

error: internal compiler error: path with `Res::Err` but no error emitted
   --> C:\Users\Mechrevo\.cargo\registry\src\index.crates.io-1949cf8c6b5b557f\webview2-com-0.38.0\src\callback.rs:390:1
    |
390 | #[event_callback]
    | ^^^^^^^^^^^^^^^^^
    |
note: delayed at compiler\rustc_hir_analysis\src\hir_ty_lowering\mod.rs:2051:22 - disabled backtrace
   --> C:\Users\Mechrevo\.cargo\registry\src\index.crates.io-1949cf8c6b5b557f\webview2-com-0.38.0\src\callback.rs:390:1
    |
390 | #[event_callback]
    | ^^^^^^^^^^^^^^^^^
    = note: this error: internal compiler error originates in the attribute macro `event_callback` (in Nightly builds, 
run with -Z macro-backtrace for more info)

error: internal compiler error: path with `Res::Err` but no error emitted
   --> C:\Users\Mechrevo\.cargo\registry\src\index.crates.io-1949cf8c6b5b557f\webview2-com-0.38.0\src\callback.rs:397:1
    |
397 | #[event_callback]
    | ^^^^^^^^^^^^^^^^^
    |
note: delayed at compiler\rustc_hir_analysis\src\hir_ty_lowering\mod.rs:2051:22 - disabled backtrace
   --> C:\Users\Mechrevo\.cargo\registry\src\index.crates.io-1949cf8c6b5b557f\webview2-com-0.38.0\src\callback.rs:397:1
    |
397 | #[event_callback]
    | ^^^^^^^^^^^^^^^^^
    = note: this error: internal compiler error originates in the attribute macro `event_callback` (in Nightly builds, 
run with -Z macro-backtrace for more info)

error: internal compiler error: path with `Res::Err` but no error emitted
   --> C:\Users\Mechrevo\.cargo\registry\src\index.crates.io-1949cf8c6b5b557f\webview2-com-0.38.0\src\callback.rs:404:1
    |
404 | #[event_callback]
    | ^^^^^^^^^^^^^^^^^
    |
note: delayed at compiler\rustc_hir_analysis\src\hir_ty_lowering\mod.rs:2051:22 - disabled backtrace
   --> C:\Users\Mechrevo\.cargo\registry\src\index.crates.io-1949cf8c6b5b557f\webview2-com-0.38.0\src\callback.rs:404:1
    |
404 | #[event_callback]
    | ^^^^^^^^^^^^^^^^^
    = note: this error: internal compiler error originates in the attribute macro `event_callback` (in Nightly builds, 
run with -Z macro-backtrace for more info)

error: internal compiler error: path with `Res::Err` but no error emitted
   --> C:\Users\Mechrevo\.cargo\registry\src\index.crates.io-1949cf8c6b5b557f\webview2-com-0.38.0\src\callback.rs:411:1
    |
411 | #[event_callback]
    | ^^^^^^^^^^^^^^^^^
    |
note: delayed at compiler\rustc_hir_analysis\src\hir_ty_lowering\mod.rs:2051:22 - disabled backtrace
   --> C:\Users\Mechrevo\.cargo\registry\src\index.crates.io-1949cf8c6b5b557f\webview2-com-0.38.0\src\callback.rs:411:1
    |
411 | #[event_callback]
    | ^^^^^^^^^^^^^^^^^
    = note: this error: internal compiler error originates in the attribute macro `event_callback` (in Nightly builds, 
run with -Z macro-backtrace for more info)

error: internal compiler error: path with `Res::Err` but no error emitted
   --> C:\Users\Mechrevo\.cargo\registry\src\index.crates.io-1949cf8c6b5b557f\webview2-com-0.38.0\src\callback.rs:418:1
    |
418 | #[event_callback]
    | ^^^^^^^^^^^^^^^^^
    |
note: delayed at compiler\rustc_hir_analysis\src\hir_ty_lowering\mod.rs:2051:22 - disabled backtrace
   --> C:\Users\Mechrevo\.cargo\registry\src\index.crates.io-1949cf8c6b5b557f\webview2-com-0.38.0\src\callback.rs:418:1
    |
418 | #[event_callback]
    | ^^^^^^^^^^^^^^^^^
    = note: this error: internal compiler error originates in the attribute macro `event_callback` (in Nightly builds, 
run with -Z macro-backtrace for more info)

error: internal compiler error: path with `Res::Err` but no error emitted
   --> C:\Users\Mechrevo\.cargo\registry\src\index.crates.io-1949cf8c6b5b557f\webview2-com-0.38.0\src\callback.rs:425:1
    |
425 | #[event_callback]
    | ^^^^^^^^^^^^^^^^^
    |
note: delayed at compiler\rustc_hir_analysis\src\hir_ty_lowering\mod.rs:2051:22 - disabled backtrace
   --> C:\Users\Mechrevo\.cargo\registry\src\index.crates.io-1949cf8c6b5b557f\webview2-com-0.38.0\src\callback.rs:425:1
    |
425 | #[event_callback]
    | ^^^^^^^^^^^^^^^^^
    = note: this error: internal compiler error originates in the attribute macro `event_callback` (in Nightly builds, 
run with -Z macro-backtrace for more info)

error: internal compiler error: path with `Res::Err` but no error emitted
   --> C:\Users\Mechrevo\.cargo\registry\src\index.crates.io-1949cf8c6b5b557f\webview2-com-0.38.0\src\callback.rs:432:1
    |
432 | #[event_callback]
    | ^^^^^^^^^^^^^^^^^
    |
note: delayed at compiler\rustc_hir_analysis\src\hir_ty_lowering\mod.rs:2051:22 - disabled backtrace
   --> C:\Users\Mechrevo\.cargo\registry\src\index.crates.io-1949cf8c6b5b557f\webview2-com-0.38.0\src\callback.rs:432:1
    |
432 | #[event_callback]
    | ^^^^^^^^^^^^^^^^^
    = note: this error: internal compiler error originates in the attribute macro `event_callback` (in Nightly builds, 
run with -Z macro-backtrace for more info)

error: internal compiler error: path with `Res::Err` but no error emitted
   --> C:\Users\Mechrevo\.cargo\registry\src\index.crates.io-1949cf8c6b5b557f\webview2-com-0.38.0\src\callback.rs:439:1
    |
439 | #[event_callback]
    | ^^^^^^^^^^^^^^^^^
    |
note: delayed at compiler\rustc_hir_analysis\src\hir_ty_lowering\mod.rs:2051:22 - disabled backtrace
   --> C:\Users\Mechrevo\.cargo\registry\src\index.crates.io-1949cf8c6b5b557f\webview2-com-0.38.0\src\callback.rs:439:1
    |
439 | #[event_callback]
    | ^^^^^^^^^^^^^^^^^
    = note: this error: internal compiler error originates in the attribute macro `event_callback` (in Nightly builds, 
run with -Z macro-backtrace for more info)

error: internal compiler error: path with `Res::Err` but no error emitted
   --> C:\Users\Mechrevo\.cargo\registry\src\index.crates.io-1949cf8c6b5b557f\webview2-com-0.38.0\src\callback.rs:446:1
    |
446 | #[event_callback]
    | ^^^^^^^^^^^^^^^^^
    |
note: delayed at compiler\rustc_hir_analysis\src\hir_ty_lowering\mod.rs:2051:22 - disabled backtrace
   --> C:\Users\Mechrevo\.cargo\registry\src\index.crates.io-1949cf8c6b5b557f\webview2-com-0.38.0\src\callback.rs:446:1
    |
446 | #[event_callback]
    | ^^^^^^^^^^^^^^^^^
    = note: this error: internal compiler error originates in the attribute macro `event_callback` (in Nightly builds, 
run with -Z macro-backtrace for more info)

error: internal compiler error: path with `Res::Err` but no error emitted
   --> C:\Users\Mechrevo\.cargo\registry\src\index.crates.io-1949cf8c6b5b557f\webview2-com-0.38.0\src\callback.rs:453:1
    |
453 | #[completed_callback]
    | ^^^^^^^^^^^^^^^^^^^^^
    |
note: delayed at compiler\rustc_hir_analysis\src\hir_ty_lowering\mod.rs:2051:22 - disabled backtrace
   --> C:\Users\Mechrevo\.cargo\registry\src\index.crates.io-1949cf8c6b5b557f\webview2-com-0.38.0\src\callback.rs:453:1
    |
453 | #[completed_callback]
    | ^^^^^^^^^^^^^^^^^^^^^
    = note: this error: internal compiler error originates in the attribute macro `completed_callback` (in Nightly buil
ds, run with -Z macro-backtrace for more info)

error: internal compiler error: path with `Res::Err` but no error emitted
   --> C:\Users\Mechrevo\.cargo\registry\src\index.crates.io-1949cf8c6b5b557f\webview2-com-0.38.0\src\callback.rs:460:1
    |
460 | #[event_callback]
    | ^^^^^^^^^^^^^^^^^
    |
note: delayed at compiler\rustc_hir_analysis\src\hir_ty_lowering\mod.rs:2051:22 - disabled backtrace
   --> C:\Users\Mechrevo\.cargo\registry\src\index.crates.io-1949cf8c6b5b557f\webview2-com-0.38.0\src\callback.rs:460:1
    |
460 | #[event_callback]
    | ^^^^^^^^^^^^^^^^^
    = note: this error: internal compiler error originates in the attribute macro `event_callback` (in Nightly builds, 
run with -Z macro-backtrace for more info)

error: internal compiler error: path with `Res::Err` but no error emitted
   --> C:\Users\Mechrevo\.cargo\registry\src\index.crates.io-1949cf8c6b5b557f\webview2-com-0.38.0\src\callback.rs:467:1
    |
467 | #[event_callback]
    | ^^^^^^^^^^^^^^^^^
    |
note: delayed at compiler\rustc_hir_analysis\src\hir_ty_lowering\mod.rs:2051:22 - disabled backtrace
   --> C:\Users\Mechrevo\.cargo\registry\src\index.crates.io-1949cf8c6b5b557f\webview2-com-0.38.0\src\callback.rs:467:1
    |
467 | #[event_callback]
    | ^^^^^^^^^^^^^^^^^
    = note: this error: internal compiler error originates in the attribute macro `event_callback` (in Nightly builds, 
run with -Z macro-backtrace for more info)

error: internal compiler error: path with `Res::Err` but no error emitted
   --> C:\Users\Mechrevo\.cargo\registry\src\index.crates.io-1949cf8c6b5b557f\webview2-com-0.38.0\src\callback.rs:474:1
    |
474 | #[completed_callback]
    | ^^^^^^^^^^^^^^^^^^^^^
    |
note: delayed at compiler\rustc_hir_analysis\src\hir_ty_lowering\mod.rs:2051:22 - disabled backtrace
   --> C:\Users\Mechrevo\.cargo\registry\src\index.crates.io-1949cf8c6b5b557f\webview2-com-0.38.0\src\callback.rs:474:1
    |
474 | #[completed_callback]
    | ^^^^^^^^^^^^^^^^^^^^^
    = note: this error: internal compiler error originates in the attribute macro `completed_callback` (in Nightly buil
ds, run with -Z macro-backtrace for more info)

error: internal compiler error: path with `Res::Err` but no error emitted
   --> C:\Users\Mechrevo\.cargo\registry\src\index.crates.io-1949cf8c6b5b557f\webview2-com-0.38.0\src\callback.rs:481:1
    |
481 | #[completed_callback]
    | ^^^^^^^^^^^^^^^^^^^^^
    |
note: delayed at compiler\rustc_hir_analysis\src\hir_ty_lowering\mod.rs:2051:22 - disabled backtrace
   --> C:\Users\Mechrevo\.cargo\registry\src\index.crates.io-1949cf8c6b5b557f\webview2-com-0.38.0\src\callback.rs:481:1
    |
481 | #[completed_callback]
    | ^^^^^^^^^^^^^^^^^^^^^
    = note: this error: internal compiler error originates in the attribute macro `completed_callback` (in Nightly buil
ds, run with -Z macro-backtrace for more info)

error: internal compiler error: path with `Res::Err` but no error emitted
   --> C:\Users\Mechrevo\.cargo\registry\src\index.crates.io-1949cf8c6b5b557f\webview2-com-0.38.0\src\callback.rs:484:1
    |
484 | #[event_callback]
    | ^^^^^^^^^^^^^^^^^
    |
note: delayed at compiler\rustc_hir_analysis\src\hir_ty_lowering\mod.rs:2051:22 - disabled backtrace
   --> C:\Users\Mechrevo\.cargo\registry\src\index.crates.io-1949cf8c6b5b557f\webview2-com-0.38.0\src\callback.rs:484:1
    |
484 | #[event_callback]
    | ^^^^^^^^^^^^^^^^^
    = note: this error: internal compiler error originates in the attribute macro `event_callback` (in Nightly builds, 
run with -Z macro-backtrace for more info)

error: internal compiler error: path with `Res::Err` but no error emitted
   --> C:\Users\Mechrevo\.cargo\registry\src\index.crates.io-1949cf8c6b5b557f\webview2-com-0.38.0\src\callback.rs:491:1
    |
491 | #[event_callback]
    | ^^^^^^^^^^^^^^^^^
    |
note: delayed at compiler\rustc_hir_analysis\src\hir_ty_lowering\mod.rs:2051:22 - disabled backtrace
   --> C:\Users\Mechrevo\.cargo\registry\src\index.crates.io-1949cf8c6b5b557f\webview2-com-0.38.0\src\callback.rs:491:1
    |
491 | #[event_callback]
    | ^^^^^^^^^^^^^^^^^
    = note: this error: internal compiler error originates in the attribute macro `event_callback` (in Nightly builds, 
run with -Z macro-backtrace for more info)

error: internal compiler error: path with `Res::Err` but no error emitted
   --> C:\Users\Mechrevo\.cargo\registry\src\index.crates.io-1949cf8c6b5b557f\webview2-com-0.38.0\src\callback.rs:498:1
    |
498 | #[event_callback]
    | ^^^^^^^^^^^^^^^^^
    |
note: delayed at compiler\rustc_hir_analysis\src\hir_ty_lowering\mod.rs:2051:22 - disabled backtrace
   --> C:\Users\Mechrevo\.cargo\registry\src\index.crates.io-1949cf8c6b5b557f\webview2-com-0.38.0\src\callback.rs:498:1
    |
498 | #[event_callback]
    | ^^^^^^^^^^^^^^^^^
    = note: this error: internal compiler error originates in the attribute macro `event_callback` (in Nightly builds, 
run with -Z macro-backtrace for more info)

error: internal compiler error: path with `Res::Err` but no error emitted
   --> C:\Users\Mechrevo\.cargo\registry\src\index.crates.io-1949cf8c6b5b557f\webview2-com-0.38.0\src\callback.rs:505:1
    |
505 | #[event_callback]
    | ^^^^^^^^^^^^^^^^^
    |
note: delayed at compiler\rustc_hir_analysis\src\hir_ty_lowering\mod.rs:2051:22 - disabled backtrace
   --> C:\Users\Mechrevo\.cargo\registry\src\index.crates.io-1949cf8c6b5b557f\webview2-com-0.38.0\src\callback.rs:505:1
    |
505 | #[event_callback]
    | ^^^^^^^^^^^^^^^^^
    = note: this error: internal compiler error originates in the attribute macro `event_callback` (in Nightly builds, 
run with -Z macro-backtrace for more info)

error: internal compiler error: path with `Res::Err` but no error emitted
   --> C:\Users\Mechrevo\.cargo\registry\src\index.crates.io-1949cf8c6b5b557f\webview2-com-0.38.0\src\callback.rs:512:1
    |
512 | #[event_callback]
    | ^^^^^^^^^^^^^^^^^
    |
note: delayed at compiler\rustc_hir_analysis\src\hir_ty_lowering\mod.rs:2051:22 - disabled backtrace
   --> C:\Users\Mechrevo\.cargo\registry\src\index.crates.io-1949cf8c6b5b557f\webview2-com-0.38.0\src\callback.rs:512:1
    |
512 | #[event_callback]
    | ^^^^^^^^^^^^^^^^^
    = note: this error: internal compiler error originates in the attribute macro `event_callback` (in Nightly builds, 
run with -Z macro-backtrace for more info)

error: internal compiler error: path with `Res::Err` but no error emitted
   --> C:\Users\Mechrevo\.cargo\registry\src\index.crates.io-1949cf8c6b5b557f\webview2-com-0.38.0\src\callback.rs:531:1
    |
531 | #[event_callback]
    | ^^^^^^^^^^^^^^^^^
    |
note: delayed at compiler\rustc_hir_analysis\src\hir_ty_lowering\mod.rs:2051:22 - disabled backtrace
   --> C:\Users\Mechrevo\.cargo\registry\src\index.crates.io-1949cf8c6b5b557f\webview2-com-0.38.0\src\callback.rs:531:1
    |
531 | #[event_callback]
    | ^^^^^^^^^^^^^^^^^
    = note: this error: internal compiler error originates in the attribute macro `event_callback` (in Nightly builds, 
run with -Z macro-backtrace for more info)

error: internal compiler error: path with `Res::Err` but no error emitted
   --> C:\Users\Mechrevo\.cargo\registry\src\index.crates.io-1949cf8c6b5b557f\webview2-com-0.38.0\src\callback.rs:538:1
    |
538 | #[event_callback]
    | ^^^^^^^^^^^^^^^^^
    |
note: delayed at compiler\rustc_hir_analysis\src\hir_ty_lowering\mod.rs:2051:22 - disabled backtrace
   --> C:\Users\Mechrevo\.cargo\registry\src\index.crates.io-1949cf8c6b5b557f\webview2-com-0.38.0\src\callback.rs:538:1
    |
538 | #[event_callback]
    | ^^^^^^^^^^^^^^^^^
    = note: this error: internal compiler error originates in the attribute macro `event_callback` (in Nightly builds, 
run with -Z macro-backtrace for more info)

error: internal compiler error: path with `Res::Err` but no error emitted
   --> C:\Users\Mechrevo\.cargo\registry\src\index.crates.io-1949cf8c6b5b557f\webview2-com-0.38.0\src\callback.rs:545:1
    |
545 | #[completed_callback]
    | ^^^^^^^^^^^^^^^^^^^^^
    |
note: delayed at compiler\rustc_hir_analysis\src\hir_ty_lowering\mod.rs:2051:22 - disabled backtrace
   --> C:\Users\Mechrevo\.cargo\registry\src\index.crates.io-1949cf8c6b5b557f\webview2-com-0.38.0\src\callback.rs:545:1
    |
545 | #[completed_callback]
    | ^^^^^^^^^^^^^^^^^^^^^
    = note: this error: internal compiler error originates in the attribute macro `completed_callback` (in Nightly buil
ds, run with -Z macro-backtrace for more info)

error: internal compiler error: path with `Res::Err` but no error emitted
   --> C:\Users\Mechrevo\.cargo\registry\src\index.crates.io-1949cf8c6b5b557f\webview2-com-0.38.0\src\callback.rs:552:1
    |
552 | #[event_callback]
    | ^^^^^^^^^^^^^^^^^
    |
note: delayed at compiler\rustc_hir_analysis\src\hir_ty_lowering\mod.rs:2051:22 - disabled backtrace
   --> C:\Users\Mechrevo\.cargo\registry\src\index.crates.io-1949cf8c6b5b557f\webview2-com-0.38.0\src\callback.rs:552:1
    |
552 | #[event_callback]
    | ^^^^^^^^^^^^^^^^^
    = note: this error: internal compiler error originates in the attribute macro `event_callback` (in Nightly builds, 
run with -Z macro-backtrace for more info)

error: internal compiler error: path with `Res::Err` but no error emitted
   --> C:\Users\Mechrevo\.cargo\registry\src\index.crates.io-1949cf8c6b5b557f\webview2-com-0.38.0\src\callback.rs:571:1
    |
571 | #[completed_callback]
    | ^^^^^^^^^^^^^^^^^^^^^
    |
note: delayed at compiler\rustc_hir_analysis\src\hir_ty_lowering\mod.rs:2051:22 - disabled backtrace
   --> C:\Users\Mechrevo\.cargo\registry\src\index.crates.io-1949cf8c6b5b557f\webview2-com-0.38.0\src\callback.rs:571:1
    |
571 | #[completed_callback]
    | ^^^^^^^^^^^^^^^^^^^^^
    = note: this error: internal compiler error originates in the attribute macro `completed_callback` (in Nightly buil
ds, run with -Z macro-backtrace for more info)

error: internal compiler error: path with `Res::Err` but no error emitted
   --> C:\Users\Mechrevo\.cargo\registry\src\index.crates.io-1949cf8c6b5b557f\webview2-com-0.38.0\src\callback.rs:578:1
    |
578 | #[completed_callback]
    | ^^^^^^^^^^^^^^^^^^^^^
    |
note: delayed at compiler\rustc_hir_analysis\src\hir_ty_lowering\mod.rs:2051:22 - disabled backtrace
   --> C:\Users\Mechrevo\.cargo\registry\src\index.crates.io-1949cf8c6b5b557f\webview2-com-0.38.0\src\callback.rs:578:1
    |
578 | #[completed_callback]
    | ^^^^^^^^^^^^^^^^^^^^^
    = note: this error: internal compiler error originates in the attribute macro `completed_callback` (in Nightly buil
ds, run with -Z macro-backtrace for more info)

error: internal compiler error: path with `Res::Err` but no error emitted
   --> C:\Users\Mechrevo\.cargo\registry\src\index.crates.io-1949cf8c6b5b557f\webview2-com-0.38.0\src\callback.rs:585:1
    |
585 | #[completed_callback]
    | ^^^^^^^^^^^^^^^^^^^^^
    |
note: delayed at compiler\rustc_hir_analysis\src\hir_ty_lowering\mod.rs:2051:22 - disabled backtrace
   --> C:\Users\Mechrevo\.cargo\registry\src\index.crates.io-1949cf8c6b5b557f\webview2-com-0.38.0\src\callback.rs:585:1
    |
585 | #[completed_callback]
    | ^^^^^^^^^^^^^^^^^^^^^
    = note: this error: internal compiler error originates in the attribute macro `completed_callback` (in Nightly buil
ds, run with -Z macro-backtrace for more info)

error: internal compiler error: path with `Res::Err` but no error emitted
   --> C:\Users\Mechrevo\.cargo\registry\src\index.crates.io-1949cf8c6b5b557f\webview2-com-0.38.0\src\callback.rs:592:1
    |
592 | #[event_callback]
    | ^^^^^^^^^^^^^^^^^
    |
note: delayed at compiler\rustc_hir_analysis\src\hir_ty_lowering\mod.rs:2051:22 - disabled backtrace
   --> C:\Users\Mechrevo\.cargo\registry\src\index.crates.io-1949cf8c6b5b557f\webview2-com-0.38.0\src\callback.rs:592:1
    |
592 | #[event_callback]
    | ^^^^^^^^^^^^^^^^^
    = note: this error: internal compiler error originates in the attribute macro `event_callback` (in Nightly builds, 
run with -Z macro-backtrace for more info)

error: internal compiler error: path with `Res::Err` but no error emitted
   --> C:\Users\Mechrevo\.cargo\registry\src\index.crates.io-1949cf8c6b5b557f\webview2-com-0.38.0\src\callback.rs:599:1
    |
599 | #[completed_callback]
    | ^^^^^^^^^^^^^^^^^^^^^
    |
note: delayed at compiler\rustc_hir_analysis\src\hir_ty_lowering\mod.rs:2051:22 - disabled backtrace
   --> C:\Users\Mechrevo\.cargo\registry\src\index.crates.io-1949cf8c6b5b557f\webview2-com-0.38.0\src\callback.rs:599:1
    |
599 | #[completed_callback]
    | ^^^^^^^^^^^^^^^^^^^^^
    = note: this error: internal compiler error originates in the attribute macro `completed_callback` (in Nightly buil
ds, run with -Z macro-backtrace for more info)

error: internal compiler error: path with `Res::Err` but no error emitted
   --> C:\Users\Mechrevo\.cargo\registry\src\index.crates.io-1949cf8c6b5b557f\webview2-com-0.38.0\src\callback.rs:606:1
    |
606 | #[event_callback]
    | ^^^^^^^^^^^^^^^^^
    |
note: delayed at compiler\rustc_hir_analysis\src\hir_ty_lowering\mod.rs:2051:22 - disabled backtrace
   --> C:\Users\Mechrevo\.cargo\registry\src\index.crates.io-1949cf8c6b5b557f\webview2-com-0.38.0\src\callback.rs:606:1
    |
606 | #[event_callback]
    | ^^^^^^^^^^^^^^^^^
    = note: this error: internal compiler error originates in the attribute macro `event_callback` (in Nightly builds, 
run with -Z macro-backtrace for more info)

error: internal compiler error: path with `Res::Err` but no error emitted
   --> C:\Users\Mechrevo\.cargo\registry\src\index.crates.io-1949cf8c6b5b557f\webview2-com-0.38.0\src\callback.rs:613:1
    |
613 | #[event_callback]
    | ^^^^^^^^^^^^^^^^^
    |
note: delayed at compiler\rustc_hir_analysis\src\hir_ty_lowering\mod.rs:2051:22 - disabled backtrace
   --> C:\Users\Mechrevo\.cargo\registry\src\index.crates.io-1949cf8c6b5b557f\webview2-com-0.38.0\src\callback.rs:613:1
    |
613 | #[event_callback]
    | ^^^^^^^^^^^^^^^^^
    = note: this error: internal compiler error originates in the attribute macro `event_callback` (in Nightly builds, 
run with -Z macro-backtrace for more info)

error: internal compiler error: path with `Res::Err` but no error emitted
   --> C:\Users\Mechrevo\.cargo\registry\src\index.crates.io-1949cf8c6b5b557f\webview2-com-0.38.0\src\callback.rs:620:1
    |
620 | #[event_callback]
    | ^^^^^^^^^^^^^^^^^
    |
note: delayed at compiler\rustc_hir_analysis\src\hir_ty_lowering\mod.rs:2051:22 - disabled backtrace
   --> C:\Users\Mechrevo\.cargo\registry\src\index.crates.io-1949cf8c6b5b557f\webview2-com-0.38.0\src\callback.rs:620:1
    |
620 | #[event_callback]
    | ^^^^^^^^^^^^^^^^^
    = note: this error: internal compiler error originates in the attribute macro `event_callback` (in Nightly builds, 
run with -Z macro-backtrace for more info)

error: internal compiler error: path with `Res::Err` but no error emitted
   --> C:\Users\Mechrevo\.cargo\registry\src\index.crates.io-1949cf8c6b5b557f\webview2-com-0.38.0\src\callback.rs:627:1
    |
627 | #[event_callback]
    | ^^^^^^^^^^^^^^^^^
    |
note: delayed at compiler\rustc_hir_analysis\src\hir_ty_lowering\mod.rs:2051:22 - disabled backtrace
   --> C:\Users\Mechrevo\.cargo\registry\src\index.crates.io-1949cf8c6b5b557f\webview2-com-0.38.0\src\callback.rs:627:1
    |
627 | #[event_callback]
    | ^^^^^^^^^^^^^^^^^
    = note: this error: internal compiler error originates in the attribute macro `event_callback` (in Nightly builds, 
run with -Z macro-backtrace for more info)

error: internal compiler error: path with `Res::Err` but no error emitted
   --> C:\Users\Mechrevo\.cargo\registry\src\index.crates.io-1949cf8c6b5b557f\webview2-com-0.38.0\src\callback.rs:634:1
    |
634 | #[event_callback]
    | ^^^^^^^^^^^^^^^^^
    |
note: delayed at compiler\rustc_hir_analysis\src\hir_ty_lowering\mod.rs:2051:22 - disabled backtrace
   --> C:\Users\Mechrevo\.cargo\registry\src\index.crates.io-1949cf8c6b5b557f\webview2-com-0.38.0\src\callback.rs:634:1
    |
634 | #[event_callback]
    | ^^^^^^^^^^^^^^^^^
    = note: this error: internal compiler error originates in the attribute macro `event_callback` (in Nightly builds, 
run with -Z macro-backtrace for more info)

error: internal compiler error: path with `Res::Err` but no error emitted
   --> C:\Users\Mechrevo\.cargo\registry\src\index.crates.io-1949cf8c6b5b557f\webview2-com-0.38.0\src\callback.rs:641:1
    |
641 | #[event_callback]
    | ^^^^^^^^^^^^^^^^^
    |
note: delayed at compiler\rustc_hir_analysis\src\hir_ty_lowering\mod.rs:2051:22 - disabled backtrace
   --> C:\Users\Mechrevo\.cargo\registry\src\index.crates.io-1949cf8c6b5b557f\webview2-com-0.38.0\src\callback.rs:641:1
    |
641 | #[event_callback]
    | ^^^^^^^^^^^^^^^^^
    = note: this error: internal compiler error originates in the attribute macro `event_callback` (in Nightly builds, 
run with -Z macro-backtrace for more info)

error: internal compiler error: path with `Res::Err` but no error emitted
   --> C:\Users\Mechrevo\.cargo\registry\src\index.crates.io-1949cf8c6b5b557f\webview2-com-0.38.0\src\callback.rs:648:1
    |
648 | #[event_callback]
    | ^^^^^^^^^^^^^^^^^
    |
note: delayed at compiler\rustc_hir_analysis\src\hir_ty_lowering\mod.rs:2051:22 - disabled backtrace
   --> C:\Users\Mechrevo\.cargo\registry\src\index.crates.io-1949cf8c6b5b557f\webview2-com-0.38.0\src\callback.rs:648:1
    |
648 | #[event_callback]
    | ^^^^^^^^^^^^^^^^^
    = note: this error: internal compiler error originates in the attribute macro `event_callback` (in Nightly builds, 
run with -Z macro-backtrace for more info)

error: internal compiler error: path with `Res::Err` but no error emitted
   --> C:\Users\Mechrevo\.cargo\registry\src\index.crates.io-1949cf8c6b5b557f\webview2-com-0.38.0\src\callback.rs:655:1
    |
655 | #[event_callback]
    | ^^^^^^^^^^^^^^^^^
    |
note: delayed at compiler\rustc_hir_analysis\src\hir_ty_lowering\mod.rs:2051:22 - disabled backtrace
   --> C:\Users\Mechrevo\.cargo\registry\src\index.crates.io-1949cf8c6b5b557f\webview2-com-0.38.0\src\callback.rs:655:1
    |
655 | #[event_callback]
    | ^^^^^^^^^^^^^^^^^
    = note: this error: internal compiler error originates in the attribute macro `event_callback` (in Nightly builds, 
run with -Z macro-backtrace for more info)

error: internal compiler error: path with `Res::Err` but no error emitted
   --> C:\Users\Mechrevo\.cargo\registry\src\index.crates.io-1949cf8c6b5b557f\webview2-com-0.38.0\src\callback.rs:674:1
    |
674 | #[completed_callback]
    | ^^^^^^^^^^^^^^^^^^^^^
    |
note: delayed at compiler\rustc_hir_analysis\src\hir_ty_lowering\mod.rs:2051:22 - disabled backtrace
   --> C:\Users\Mechrevo\.cargo\registry\src\index.crates.io-1949cf8c6b5b557f\webview2-com-0.38.0\src\callback.rs:674:1
    |
674 | #[completed_callback]
    | ^^^^^^^^^^^^^^^^^^^^^
    = note: this error: internal compiler error originates in the attribute macro `completed_callback` (in Nightly buil
ds, run with -Z macro-backtrace for more info)

error: internal compiler error: path with `Res::Err` but no error emitted
   --> C:\Users\Mechrevo\.cargo\registry\src\index.crates.io-1949cf8c6b5b557f\webview2-com-0.38.0\src\options.rs:365:55
    |
365 |     fn AdditionalBrowserArguments(&self, result: *mut PWSTR) -> Result<()> {
    |                                                       ^^^^^
    |
note: delayed at compiler\rustc_hir_analysis\src\hir_ty_lowering\mod.rs:2051:22 - disabled backtrace
   --> C:\Users\Mechrevo\.cargo\registry\src\index.crates.io-1949cf8c6b5b557f\webview2-com-0.38.0\src\options.rs:365:55
    |
365 |     fn AdditionalBrowserArguments(&self, result: *mut PWSTR) -> Result<()> {
    |                                                       ^^^^^

error: internal compiler error: path with `Res::Err` but no error emitted
   --> C:\Users\Mechrevo\.cargo\registry\src\index.crates.io-1949cf8c6b5b557f\webview2-com-0.38.0\src\options.rs:365:65
    |
365 |     fn AdditionalBrowserArguments(&self, result: *mut PWSTR) -> Result<()> {
    |                                                                 ^^^^^^^^^^
    |
note: delayed at compiler\rustc_hir_analysis\src\hir_ty_lowering\mod.rs:2051:22 - disabled backtrace
   --> C:\Users\Mechrevo\.cargo\registry\src\index.crates.io-1949cf8c6b5b557f\webview2-com-0.38.0\src\options.rs:365:65
    |
365 |     fn AdditionalBrowserArguments(&self, result: *mut PWSTR) -> Result<()> {
    |                                                                 ^^^^^^^^^^

error: internal compiler error: path with `Res::Err` but no error emitted
   --> C:\Users\Mechrevo\.cargo\registry\src\index.crates.io-1949cf8c6b5b557f\webview2-com-0.38.0\src\options.rs:374:53
    |
374 |     fn SetAdditionalBrowserArguments(&self, value: &PCWSTR) -> Result<()> {
    |                                                     ^^^^^^
    |
note: delayed at compiler\rustc_hir_analysis\src\hir_ty_lowering\mod.rs:2051:22 - disabled backtrace
   --> C:\Users\Mechrevo\.cargo\registry\src\index.crates.io-1949cf8c6b5b557f\webview2-com-0.38.0\src\options.rs:374:53
    |
374 |     fn SetAdditionalBrowserArguments(&self, value: &PCWSTR) -> Result<()> {
    |                                                     ^^^^^^

error: internal compiler error: path with `Res::Err` but no error emitted
   --> C:\Users\Mechrevo\.cargo\registry\src\index.crates.io-1949cf8c6b5b557f\webview2-com-0.38.0\src\options.rs:374:64
    |
374 |     fn SetAdditionalBrowserArguments(&self, value: &PCWSTR) -> Result<()> {
    |                                                                ^^^^^^^^^^
    |
note: delayed at compiler\rustc_hir_analysis\src\hir_ty_lowering\mod.rs:2051:22 - disabled backtrace
   --> C:\Users\Mechrevo\.cargo\registry\src\index.crates.io-1949cf8c6b5b557f\webview2-com-0.38.0\src\options.rs:374:64
    |
374 |     fn SetAdditionalBrowserArguments(&self, value: &PCWSTR) -> Result<()> {
    |                                                                ^^^^^^^^^^

error: internal compiler error: path with `Res::Err` but no error emitted
   --> C:\Users\Mechrevo\.cargo\registry\src\index.crates.io-1949cf8c6b5b557f\webview2-com-0.38.0\src\options.rs:379:37
    |
379 |     fn Language(&self, result: *mut PWSTR) -> Result<()> {
    |                                     ^^^^^
    |
note: delayed at compiler\rustc_hir_analysis\src\hir_ty_lowering\mod.rs:2051:22 - disabled backtrace
   --> C:\Users\Mechrevo\.cargo\registry\src\index.crates.io-1949cf8c6b5b557f\webview2-com-0.38.0\src\options.rs:379:37
    |
379 |     fn Language(&self, result: *mut PWSTR) -> Result<()> {
    |                                     ^^^^^

error: internal compiler error: path with `Res::Err` but no error emitted
   --> C:\Users\Mechrevo\.cargo\registry\src\index.crates.io-1949cf8c6b5b557f\webview2-com-0.38.0\src\options.rs:379:47
    |
379 |     fn Language(&self, result: *mut PWSTR) -> Result<()> {
    |                                               ^^^^^^^^^^
    |
note: delayed at compiler\rustc_hir_analysis\src\hir_ty_lowering\mod.rs:2051:22 - disabled backtrace
   --> C:\Users\Mechrevo\.cargo\registry\src\index.crates.io-1949cf8c6b5b557f\webview2-com-0.38.0\src\options.rs:379:47
    |
379 |     fn Language(&self, result: *mut PWSTR) -> Result<()> {
    |                                               ^^^^^^^^^^

error: internal compiler error: path with `Res::Err` but no error emitted
   --> C:\Users\Mechrevo\.cargo\registry\src\index.crates.io-1949cf8c6b5b557f\webview2-com-0.38.0\src\options.rs:388:35
    |
388 |     fn SetLanguage(&self, value: &PCWSTR) -> Result<()> {
    |                                   ^^^^^^
    |
note: delayed at compiler\rustc_hir_analysis\src\hir_ty_lowering\mod.rs:2051:22 - disabled backtrace
   --> C:\Users\Mechrevo\.cargo\registry\src\index.crates.io-1949cf8c6b5b557f\webview2-com-0.38.0\src\options.rs:388:35
    |
388 |     fn SetLanguage(&self, value: &PCWSTR) -> Result<()> {
    |                                   ^^^^^^

error: internal compiler error: path with `Res::Err` but no error emitted
   --> C:\Users\Mechrevo\.cargo\registry\src\index.crates.io-1949cf8c6b5b557f\webview2-com-0.38.0\src\options.rs:388:46
    |
388 |     fn SetLanguage(&self, value: &PCWSTR) -> Result<()> {
    |                                              ^^^^^^^^^^
    |
note: delayed at compiler\rustc_hir_analysis\src\hir_ty_lowering\mod.rs:2051:22 - disabled backtrace
   --> C:\Users\Mechrevo\.cargo\registry\src\index.crates.io-1949cf8c6b5b557f\webview2-com-0.38.0\src\options.rs:388:46
    |
388 |     fn SetLanguage(&self, value: &PCWSTR) -> Result<()> {
    |                                              ^^^^^^^^^^

error: internal compiler error: path with `Res::Err` but no error emitted
   --> C:\Users\Mechrevo\.cargo\registry\src\index.crates.io-1949cf8c6b5b557f\webview2-com-0.38.0\src\options.rs:393:59
    |
393 |     fn TargetCompatibleBrowserVersion(&self, result: *mut PWSTR) -> Result<()> {
    |                                                           ^^^^^
    |
note: delayed at compiler\rustc_hir_analysis\src\hir_ty_lowering\mod.rs:2051:22 - disabled backtrace
   --> C:\Users\Mechrevo\.cargo\registry\src\index.crates.io-1949cf8c6b5b557f\webview2-com-0.38.0\src\options.rs:393:59
    |
393 |     fn TargetCompatibleBrowserVersion(&self, result: *mut PWSTR) -> Result<()> {
    |                                                           ^^^^^

error: internal compiler error: path with `Res::Err` but no error emitted
   --> C:\Users\Mechrevo\.cargo\registry\src\index.crates.io-1949cf8c6b5b557f\webview2-com-0.38.0\src\options.rs:393:69
    |
393 |     fn TargetCompatibleBrowserVersion(&self, result: *mut PWSTR) -> Result<()> {
    |                                                                     ^^^^^^^^^^
    |
note: delayed at compiler\rustc_hir_analysis\src\hir_ty_lowering\mod.rs:2051:22 - disabled backtrace
   --> C:\Users\Mechrevo\.cargo\registry\src\index.crates.io-1949cf8c6b5b557f\webview2-com-0.38.0\src\options.rs:393:69
    |
393 |     fn TargetCompatibleBrowserVersion(&self, result: *mut PWSTR) -> Result<()> {
    |                                                                     ^^^^^^^^^^

error: internal compiler error: path with `Res::Err` but no error emitted
   --> C:\Users\Mechrevo\.cargo\registry\src\index.crates.io-1949cf8c6b5b557f\webview2-com-0.38.0\src\options.rs:402:57
    |
402 |     fn SetTargetCompatibleBrowserVersion(&self, value: &PCWSTR) -> Result<()> {
    |                                                         ^^^^^^
    |
note: delayed at compiler\rustc_hir_analysis\src\hir_ty_lowering\mod.rs:2051:22 - disabled backtrace
   --> C:\Users\Mechrevo\.cargo\registry\src\index.crates.io-1949cf8c6b5b557f\webview2-com-0.38.0\src\options.rs:402:57
    |
402 |     fn SetTargetCompatibleBrowserVersion(&self, value: &PCWSTR) -> Result<()> {
    |                                                         ^^^^^^

error: internal compiler error: path with `Res::Err` but no error emitted
   --> C:\Users\Mechrevo\.cargo\registry\src\index.crates.io-1949cf8c6b5b557f\webview2-com-0.38.0\src\options.rs:402:68
    |
402 |     fn SetTargetCompatibleBrowserVersion(&self, value: &PCWSTR) -> Result<()> {
    |                                                                    ^^^^^^^^^^
    |
note: delayed at compiler\rustc_hir_analysis\src\hir_ty_lowering\mod.rs:2051:22 - disabled backtrace
   --> C:\Users\Mechrevo\.cargo\registry\src\index.crates.io-1949cf8c6b5b557f\webview2-com-0.38.0\src\options.rs:402:68
    |
402 |     fn SetTargetCompatibleBrowserVersion(&self, value: &PCWSTR) -> Result<()> {
    |                                                                    ^^^^^^^^^^

error: internal compiler error: path with `Res::Err` but no error emitted
   --> C:\Users\Mechrevo\.cargo\registry\src\index.crates.io-1949cf8c6b5b557f\webview2-com-0.38.0\src\options.rs:407:67
    |
407 |     fn AllowSingleSignOnUsingOSPrimaryAccount(&self, result: *mut BOOL) -> Result<()> {
    |                                                                   ^^^^
    |
note: delayed at compiler\rustc_hir_analysis\src\hir_ty_lowering\mod.rs:2051:22 - disabled backtrace
   --> C:\Users\Mechrevo\.cargo\registry\src\index.crates.io-1949cf8c6b5b557f\webview2-com-0.38.0\src\options.rs:407:67
    |
407 |     fn AllowSingleSignOnUsingOSPrimaryAccount(&self, result: *mut BOOL) -> Result<()> {
    |                                                                   ^^^^

error: internal compiler error: path with `Res::Err` but no error emitted
   --> C:\Users\Mechrevo\.cargo\registry\src\index.crates.io-1949cf8c6b5b557f\webview2-com-0.38.0\src\options.rs:407:76
    |
407 |     fn AllowSingleSignOnUsingOSPrimaryAccount(&self, result: *mut BOOL) -> Result<()> {
    |                                                                            ^^^^^^^^^^
    |
note: delayed at compiler\rustc_hir_analysis\src\hir_ty_lowering\mod.rs:2051:22 - disabled backtrace
   --> C:\Users\Mechrevo\.cargo\registry\src\index.crates.io-1949cf8c6b5b557f\webview2-com-0.38.0\src\options.rs:407:76
    |
407 |     fn AllowSingleSignOnUsingOSPrimaryAccount(&self, result: *mut BOOL) -> Result<()> {
    |                                                                            ^^^^^^^^^^

error: internal compiler error: path with `Res::Err` but no error emitted
   --> C:\Users\Mechrevo\.cargo\registry\src\index.crates.io-1949cf8c6b5b557f\webview2-com-0.38.0\src\options.rs:416:64
    |
416 |     fn SetAllowSingleSignOnUsingOSPrimaryAccount(&self, value: BOOL) -> Result<()> {
    |                                                                ^^^^
    |
note: delayed at compiler\rustc_hir_analysis\src\hir_ty_lowering\mod.rs:2051:22 - disabled backtrace
   --> C:\Users\Mechrevo\.cargo\registry\src\index.crates.io-1949cf8c6b5b557f\webview2-com-0.38.0\src\options.rs:416:64
    |
416 |     fn SetAllowSingleSignOnUsingOSPrimaryAccount(&self, value: BOOL) -> Result<()> {
    |                                                                ^^^^

error: internal compiler error: path with `Res::Err` but no error emitted
   --> C:\Users\Mechrevo\.cargo\registry\src\index.crates.io-1949cf8c6b5b557f\webview2-com-0.38.0\src\options.rs:416:73
    |
416 |     fn SetAllowSingleSignOnUsingOSPrimaryAccount(&self, value: BOOL) -> Result<()> {
    |                                                                         ^^^^^^^^^^
    |
note: delayed at compiler\rustc_hir_analysis\src\hir_ty_lowering\mod.rs:2051:22 - disabled backtrace
   --> C:\Users\Mechrevo\.cargo\registry\src\index.crates.io-1949cf8c6b5b557f\webview2-com-0.38.0\src\options.rs:416:73
    |
416 |     fn SetAllowSingleSignOnUsingOSPrimaryAccount(&self, value: BOOL) -> Result<()> {
    |                                                                         ^^^^^^^^^^

error: internal compiler error: path with `Res::Err` but no error emitted
   --> C:\Users\Mechrevo\.cargo\registry\src\index.crates.io-1949cf8c6b5b557f\webview2-com-0.38.0\src\options.rs:426:58
    |
426 |     fn ExclusiveUserDataFolderAccess(&self, result: *mut BOOL) -> Result<()> {
    |                                                          ^^^^
    |
note: delayed at compiler\rustc_hir_analysis\src\hir_ty_lowering\mod.rs:2051:22 - disabled backtrace
   --> C:\Users\Mechrevo\.cargo\registry\src\index.crates.io-1949cf8c6b5b557f\webview2-com-0.38.0\src\options.rs:426:58
    |
426 |     fn ExclusiveUserDataFolderAccess(&self, result: *mut BOOL) -> Result<()> {
    |                                                          ^^^^

error: internal compiler error: path with `Res::Err` but no error emitted
   --> C:\Users\Mechrevo\.cargo\registry\src\index.crates.io-1949cf8c6b5b557f\webview2-com-0.38.0\src\options.rs:426:67
    |
426 |     fn ExclusiveUserDataFolderAccess(&self, result: *mut BOOL) -> Result<()> {
    |                                                                   ^^^^^^^^^^
    |
note: delayed at compiler\rustc_hir_analysis\src\hir_ty_lowering\mod.rs:2051:22 - disabled backtrace
   --> C:\Users\Mechrevo\.cargo\registry\src\index.crates.io-1949cf8c6b5b557f\webview2-com-0.38.0\src\options.rs:426:67
    |
426 |     fn ExclusiveUserDataFolderAccess(&self, result: *mut BOOL) -> Result<()> {
    |                                                                   ^^^^^^^^^^

error: internal compiler error: path with `Res::Err` but no error emitted
   --> C:\Users\Mechrevo\.cargo\registry\src\index.crates.io-1949cf8c6b5b557f\webview2-com-0.38.0\src\options.rs:435:55
    |
435 |     fn SetExclusiveUserDataFolderAccess(&self, value: BOOL) -> Result<()> {
    |                                                       ^^^^
    |
note: delayed at compiler\rustc_hir_analysis\src\hir_ty_lowering\mod.rs:2051:22 - disabled backtrace
   --> C:\Users\Mechrevo\.cargo\registry\src\index.crates.io-1949cf8c6b5b557f\webview2-com-0.38.0\src\options.rs:435:55
    |
435 |     fn SetExclusiveUserDataFolderAccess(&self, value: BOOL) -> Result<()> {
    |                                                       ^^^^

error: internal compiler error: path with `Res::Err` but no error emitted
   --> C:\Users\Mechrevo\.cargo\registry\src\index.crates.io-1949cf8c6b5b557f\webview2-com-0.38.0\src\options.rs:435:64
    |
435 |     fn SetExclusiveUserDataFolderAccess(&self, value: BOOL) -> Result<()> {
    |                                                                ^^^^^^^^^^
    |
note: delayed at compiler\rustc_hir_analysis\src\hir_ty_lowering\mod.rs:2051:22 - disabled backtrace
   --> C:\Users\Mechrevo\.cargo\registry\src\index.crates.io-1949cf8c6b5b557f\webview2-com-0.38.0\src\options.rs:435:64
    |
435 |     fn SetExclusiveUserDataFolderAccess(&self, value: BOOL) -> Result<()> {
    |                                                                ^^^^^^^^^^

error: internal compiler error: path with `Res::Err` but no error emitted
   --> C:\Users\Mechrevo\.cargo\registry\src\index.crates.io-1949cf8c6b5b557f\webview2-com-0.38.0\src\options.rs:445:58
    |
445 |     fn IsCustomCrashReportingEnabled(&self, result: *mut BOOL) -> Result<()> {
    |                                                          ^^^^
    |
note: delayed at compiler\rustc_hir_analysis\src\hir_ty_lowering\mod.rs:2051:22 - disabled backtrace
   --> C:\Users\Mechrevo\.cargo\registry\src\index.crates.io-1949cf8c6b5b557f\webview2-com-0.38.0\src\options.rs:445:58
    |
445 |     fn IsCustomCrashReportingEnabled(&self, result: *mut BOOL) -> Result<()> {
    |                                                          ^^^^

error: internal compiler error: path with `Res::Err` but no error emitted
   --> C:\Users\Mechrevo\.cargo\registry\src\index.crates.io-1949cf8c6b5b557f\webview2-com-0.38.0\src\options.rs:445:67
    |
445 |     fn IsCustomCrashReportingEnabled(&self, result: *mut BOOL) -> Result<()> {
    |                                                                   ^^^^^^^^^^
    |
note: delayed at compiler\rustc_hir_analysis\src\hir_ty_lowering\mod.rs:2051:22 - disabled backtrace
   --> C:\Users\Mechrevo\.cargo\registry\src\index.crates.io-1949cf8c6b5b557f\webview2-com-0.38.0\src\options.rs:445:67
    |
445 |     fn IsCustomCrashReportingEnabled(&self, result: *mut BOOL) -> Result<()> {
    |                                                                   ^^^^^^^^^^

error: internal compiler error: path with `Res::Err` but no error emitted
   --> C:\Users\Mechrevo\.cargo\registry\src\index.crates.io-1949cf8c6b5b557f\webview2-com-0.38.0\src\options.rs:454:55
    |
454 |     fn SetIsCustomCrashReportingEnabled(&self, value: BOOL) -> Result<()> {
    |                                                       ^^^^
    |
note: delayed at compiler\rustc_hir_analysis\src\hir_ty_lowering\mod.rs:2051:22 - disabled backtrace
   --> C:\Users\Mechrevo\.cargo\registry\src\index.crates.io-1949cf8c6b5b557f\webview2-com-0.38.0\src\options.rs:454:55
    |
454 |     fn SetIsCustomCrashReportingEnabled(&self, value: BOOL) -> Result<()> {
    |                                                       ^^^^

error: internal compiler error: path with `Res::Err` but no error emitted
   --> C:\Users\Mechrevo\.cargo\registry\src\index.crates.io-1949cf8c6b5b557f\webview2-com-0.38.0\src\options.rs:454:64
    |
454 |     fn SetIsCustomCrashReportingEnabled(&self, value: BOOL) -> Result<()> {
    |                                                                ^^^^^^^^^^
    |
note: delayed at compiler\rustc_hir_analysis\src\hir_ty_lowering\mod.rs:2051:22 - disabled backtrace
   --> C:\Users\Mechrevo\.cargo\registry\src\index.crates.io-1949cf8c6b5b557f\webview2-com-0.38.0\src\options.rs:454:64
    |
454 |     fn SetIsCustomCrashReportingEnabled(&self, value: BOOL) -> Result<()> {
    |                                                                ^^^^^^^^^^

error: internal compiler error: path with `Res::Err` but no error emitted
   --> C:\Users\Mechrevo\.cargo\registry\src\index.crates.io-1949cf8c6b5b557f\webview2-com-0.38.0\src\options.rs:488:10
    |
488 |     ) -> HRESULT {
    |          ^^^^^^^
    |
note: delayed at compiler\rustc_hir_analysis\src\hir_ty_lowering\mod.rs:2051:22 - disabled backtrace
   --> C:\Users\Mechrevo\.cargo\registry\src\index.crates.io-1949cf8c6b5b557f\webview2-com-0.38.0\src\options.rs:488:10
    |
488 |     ) -> HRESULT {
    |          ^^^^^^^

error: internal compiler error: path with `Res::Err` but no error emitted
   --> C:\Users\Mechrevo\.cargo\registry\src\index.crates.io-1949cf8c6b5b557f\webview2-com-0.38.0\src\options.rs:520:10
    |
520 |     ) -> HRESULT {
    |          ^^^^^^^
    |
note: delayed at compiler\rustc_hir_analysis\src\hir_ty_lowering\mod.rs:2051:22 - disabled backtrace
   --> C:\Users\Mechrevo\.cargo\registry\src\index.crates.io-1949cf8c6b5b557f\webview2-com-0.38.0\src\options.rs:520:10
    |
520 |     ) -> HRESULT {
    |          ^^^^^^^

error: internal compiler error: path with `Res::Err` but no error emitted
   --> C:\Users\Mechrevo\.cargo\registry\src\index.crates.io-1949cf8c6b5b557f\webview2-com-0.38.0\src\options.rs:540:52
    |
540 |     fn EnableTrackingPrevention(&self, value: *mut BOOL) -> windows_core::Result<()> {
    |                                                    ^^^^
    |
note: delayed at compiler\rustc_hir_analysis\src\hir_ty_lowering\mod.rs:2051:22 - disabled backtrace
   --> C:\Users\Mechrevo\.cargo\registry\src\index.crates.io-1949cf8c6b5b557f\webview2-com-0.38.0\src\options.rs:540:52
    |
540 |     fn EnableTrackingPrevention(&self, value: *mut BOOL) -> windows_core::Result<()> {
    |                                                    ^^^^

error: internal compiler error: path with `Res::Err` but no error emitted
   --> C:\Users\Mechrevo\.cargo\registry\src\index.crates.io-1949cf8c6b5b557f\webview2-com-0.38.0\src\options.rs:548:50
    |
548 |     fn SetEnableTrackingPrevention(&self, value: BOOL) -> windows_core::Result<()> {
    |                                                  ^^^^
    |
note: delayed at compiler\rustc_hir_analysis\src\hir_ty_lowering\mod.rs:2051:22 - disabled backtrace
   --> C:\Users\Mechrevo\.cargo\registry\src\index.crates.io-1949cf8c6b5b557f\webview2-com-0.38.0\src\options.rs:548:50
    |
548 |     fn SetEnableTrackingPrevention(&self, value: BOOL) -> windows_core::Result<()> {
    |                                                  ^^^^

error: internal compiler error: path with `Res::Err` but no error emitted
   --> C:\Users\Mechrevo\.cargo\registry\src\index.crates.io-1949cf8c6b5b557f\webview2-com-0.38.0\src\options.rs:558:55
    |
558 |     fn AreBrowserExtensionsEnabled(&self, value: *mut BOOL) -> windows_core::Result<()> {
    |                                                       ^^^^
    |
note: delayed at compiler\rustc_hir_analysis\src\hir_ty_lowering\mod.rs:2051:22 - disabled backtrace
   --> C:\Users\Mechrevo\.cargo\registry\src\index.crates.io-1949cf8c6b5b557f\webview2-com-0.38.0\src\options.rs:558:55
    |
558 |     fn AreBrowserExtensionsEnabled(&self, value: *mut BOOL) -> windows_core::Result<()> {
    |                                                       ^^^^

error: internal compiler error: path with `Res::Err` but no error emitted
   --> C:\Users\Mechrevo\.cargo\registry\src\index.crates.io-1949cf8c6b5b557f\webview2-com-0.38.0\src\options.rs:566:53
    |
566 |     fn SetAreBrowserExtensionsEnabled(&self, value: BOOL) -> windows_core::Result<()> {
    |                                                     ^^^^
    |
note: delayed at compiler\rustc_hir_analysis\src\hir_ty_lowering\mod.rs:2051:22 - disabled backtrace
   --> C:\Users\Mechrevo\.cargo\registry\src\index.crates.io-1949cf8c6b5b557f\webview2-com-0.38.0\src\options.rs:566:53
    |
566 |     fn SetAreBrowserExtensionsEnabled(&self, value: BOOL) -> windows_core::Result<()> {
    |                                                     ^^^^

error: internal compiler error: path with `Res::Err` but no error emitted
   --> C:\Users\Mechrevo\.cargo\registry\src\index.crates.io-1949cf8c6b5b557f\webview2-com-0.38.0\src\options.rs:729:39
    |
729 |     fn SchemeName(&self, result: *mut PWSTR) -> Result<()> {
    |                                       ^^^^^
    |
note: delayed at compiler\rustc_hir_analysis\src\hir_ty_lowering\mod.rs:2051:22 - disabled backtrace
   --> C:\Users\Mechrevo\.cargo\registry\src\index.crates.io-1949cf8c6b5b557f\webview2-com-0.38.0\src\options.rs:729:39
    |
729 |     fn SchemeName(&self, result: *mut PWSTR) -> Result<()> {
    |                                       ^^^^^

error: internal compiler error: path with `Res::Err` but no error emitted
   --> C:\Users\Mechrevo\.cargo\registry\src\index.crates.io-1949cf8c6b5b557f\webview2-com-0.38.0\src\options.rs:729:49
    |
729 |     fn SchemeName(&self, result: *mut PWSTR) -> Result<()> {
    |                                                 ^^^^^^^^^^
    |
note: delayed at compiler\rustc_hir_analysis\src\hir_ty_lowering\mod.rs:2051:22 - disabled backtrace
   --> C:\Users\Mechrevo\.cargo\registry\src\index.crates.io-1949cf8c6b5b557f\webview2-com-0.38.0\src\options.rs:729:49
    |
729 |     fn SchemeName(&self, result: *mut PWSTR) -> Result<()> {
    |                                                 ^^^^^^^^^^

error: internal compiler error: path with `Res::Err` but no error emitted
   --> C:\Users\Mechrevo\.cargo\registry\src\index.crates.io-1949cf8c6b5b557f\webview2-com-0.38.0\src\options.rs:738:42
    |
738 |     fn TreatAsSecure(&self, result: *mut BOOL) -> Result<()> {
    |                                          ^^^^
    |
note: delayed at compiler\rustc_hir_analysis\src\hir_ty_lowering\mod.rs:2051:22 - disabled backtrace
   --> C:\Users\Mechrevo\.cargo\registry\src\index.crates.io-1949cf8c6b5b557f\webview2-com-0.38.0\src\options.rs:738:42
    |
738 |     fn TreatAsSecure(&self, result: *mut BOOL) -> Result<()> {
    |                                          ^^^^

error: internal compiler error: path with `Res::Err` but no error emitted
   --> C:\Users\Mechrevo\.cargo\registry\src\index.crates.io-1949cf8c6b5b557f\webview2-com-0.38.0\src\options.rs:738:51
    |
738 |     fn TreatAsSecure(&self, result: *mut BOOL) -> Result<()> {
    |                                                   ^^^^^^^^^^
    |
note: delayed at compiler\rustc_hir_analysis\src\hir_ty_lowering\mod.rs:2051:22 - disabled backtrace
   --> C:\Users\Mechrevo\.cargo\registry\src\index.crates.io-1949cf8c6b5b557f\webview2-com-0.38.0\src\options.rs:738:51
    |
738 |     fn TreatAsSecure(&self, result: *mut BOOL) -> Result<()> {
    |                                                   ^^^^^^^^^^

error: internal compiler error: path with `Res::Err` but no error emitted
   --> C:\Users\Mechrevo\.cargo\registry\src\index.crates.io-1949cf8c6b5b557f\webview2-com-0.38.0\src\options.rs:747:39
    |
747 |     fn SetTreatAsSecure(&self, value: BOOL) -> Result<()> {
    |                                       ^^^^
    |
note: delayed at compiler\rustc_hir_analysis\src\hir_ty_lowering\mod.rs:2051:22 - disabled backtrace
   --> C:\Users\Mechrevo\.cargo\registry\src\index.crates.io-1949cf8c6b5b557f\webview2-com-0.38.0\src\options.rs:747:39
    |
747 |     fn SetTreatAsSecure(&self, value: BOOL) -> Result<()> {
    |                                       ^^^^

error: internal compiler error: path with `Res::Err` but no error emitted
   --> C:\Users\Mechrevo\.cargo\registry\src\index.crates.io-1949cf8c6b5b557f\webview2-com-0.38.0\src\options.rs:747:48
    |
747 |     fn SetTreatAsSecure(&self, value: BOOL) -> Result<()> {
    |                                                ^^^^^^^^^^
    |
note: delayed at compiler\rustc_hir_analysis\src\hir_ty_lowering\mod.rs:2051:22 - disabled backtrace
   --> C:\Users\Mechrevo\.cargo\registry\src\index.crates.io-1949cf8c6b5b557f\webview2-com-0.38.0\src\options.rs:747:48
    |
747 |     fn SetTreatAsSecure(&self, value: BOOL) -> Result<()> {
    |                                                ^^^^^^^^^^

error: internal compiler error: path with `Res::Err` but no error emitted
   --> C:\Users\Mechrevo\.cargo\registry\src\index.crates.io-1949cf8c6b5b557f\webview2-com-0.38.0\src\options.rs:754:69
    |
754 |     fn GetAllowedOrigins(&self, count: *mut u32, results: *mut *mut PWSTR) -> Result<()> {
    |                                                                     ^^^^^
    |
note: delayed at compiler\rustc_hir_analysis\src\hir_ty_lowering\mod.rs:2051:22 - disabled backtrace
   --> C:\Users\Mechrevo\.cargo\registry\src\index.crates.io-1949cf8c6b5b557f\webview2-com-0.38.0\src\options.rs:754:69
    |
754 |     fn GetAllowedOrigins(&self, count: *mut u32, results: *mut *mut PWSTR) -> Result<()> {
    |                                                                     ^^^^^

error: internal compiler error: path with `Res::Err` but no error emitted
   --> C:\Users\Mechrevo\.cargo\registry\src\index.crates.io-1949cf8c6b5b557f\webview2-com-0.38.0\src\options.rs:754:79
    |
754 |     fn GetAllowedOrigins(&self, count: *mut u32, results: *mut *mut PWSTR) -> Result<()> {
    |                                                                               ^^^^^^^^^^
    |
note: delayed at compiler\rustc_hir_analysis\src\hir_ty_lowering\mod.rs:2051:22 - disabled backtrace
   --> C:\Users\Mechrevo\.cargo\registry\src\index.crates.io-1949cf8c6b5b557f\webview2-com-0.38.0\src\options.rs:754:79
    |
754 |     fn GetAllowedOrigins(&self, count: *mut u32, results: *mut *mut PWSTR) -> Result<()> {
    |                                                                               ^^^^^^^^^^

error: internal compiler error: path with `Res::Err` but no error emitted
   --> C:\Users\Mechrevo\.cargo\registry\src\index.crates.io-1949cf8c6b5b557f\webview2-com-0.38.0\src\options.rs:775:60
    |
775 |     fn SetAllowedOrigins(&self, count: u32, values: *const PCWSTR) -> Result<()> {
    |                                                            ^^^^^^
    |
note: delayed at compiler\rustc_hir_analysis\src\hir_ty_lowering\mod.rs:2051:22 - disabled backtrace
   --> C:\Users\Mechrevo\.cargo\registry\src\index.crates.io-1949cf8c6b5b557f\webview2-com-0.38.0\src\options.rs:775:60
    |
775 |     fn SetAllowedOrigins(&self, count: u32, values: *const PCWSTR) -> Result<()> {
    |                                                            ^^^^^^

error: internal compiler error: path with `Res::Err` but no error emitted
   --> C:\Users\Mechrevo\.cargo\registry\src\index.crates.io-1949cf8c6b5b557f\webview2-com-0.38.0\src\options.rs:775:71
    |
775 |     fn SetAllowedOrigins(&self, count: u32, values: *const PCWSTR) -> Result<()> {
    |                                                                       ^^^^^^^^^^
    |
note: delayed at compiler\rustc_hir_analysis\src\hir_ty_lowering\mod.rs:2051:22 - disabled backtrace
   --> C:\Users\Mechrevo\.cargo\registry\src\index.crates.io-1949cf8c6b5b557f\webview2-com-0.38.0\src\options.rs:775:71
    |
775 |     fn SetAllowedOrigins(&self, count: u32, values: *const PCWSTR) -> Result<()> {
    |                                                                       ^^^^^^^^^^

error: internal compiler error: path with `Res::Err` but no error emitted
   --> C:\Users\Mechrevo\.cargo\registry\src\index.crates.io-1949cf8c6b5b557f\webview2-com-0.38.0\src\options.rs:789:50
    |
789 |     fn HasAuthorityComponent(&self, result: *mut BOOL) -> Result<()> {
    |                                                  ^^^^
    |
note: delayed at compiler\rustc_hir_analysis\src\hir_ty_lowering\mod.rs:2051:22 - disabled backtrace
   --> C:\Users\Mechrevo\.cargo\registry\src\index.crates.io-1949cf8c6b5b557f\webview2-com-0.38.0\src\options.rs:789:50
    |
789 |     fn HasAuthorityComponent(&self, result: *mut BOOL) -> Result<()> {
    |                                                  ^^^^

error: internal compiler error: path with `Res::Err` but no error emitted
   --> C:\Users\Mechrevo\.cargo\registry\src\index.crates.io-1949cf8c6b5b557f\webview2-com-0.38.0\src\options.rs:789:59
    |
789 |     fn HasAuthorityComponent(&self, result: *mut BOOL) -> Result<()> {
    |                                                           ^^^^^^^^^^
    |
note: delayed at compiler\rustc_hir_analysis\src\hir_ty_lowering\mod.rs:2051:22 - disabled backtrace
   --> C:\Users\Mechrevo\.cargo\registry\src\index.crates.io-1949cf8c6b5b557f\webview2-com-0.38.0\src\options.rs:789:59
    |
789 |     fn HasAuthorityComponent(&self, result: *mut BOOL) -> Result<()> {
    |                                                           ^^^^^^^^^^

error: internal compiler error: path with `Res::Err` but no error emitted
   --> C:\Users\Mechrevo\.cargo\registry\src\index.crates.io-1949cf8c6b5b557f\webview2-com-0.38.0\src\options.rs:798:47
    |
798 |     fn SetHasAuthorityComponent(&self, value: BOOL) -> Result<()> {
    |                                               ^^^^
    |
note: delayed at compiler\rustc_hir_analysis\src\hir_ty_lowering\mod.rs:2051:22 - disabled backtrace
   --> C:\Users\Mechrevo\.cargo\registry\src\index.crates.io-1949cf8c6b5b557f\webview2-com-0.38.0\src\options.rs:798:47
    |
798 |     fn SetHasAuthorityComponent(&self, value: BOOL) -> Result<()> {
    |                                               ^^^^

error: internal compiler error: path with `Res::Err` but no error emitted
   --> C:\Users\Mechrevo\.cargo\registry\src\index.crates.io-1949cf8c6b5b557f\webview2-com-0.38.0\src\options.rs:798:56
    |
798 |     fn SetHasAuthorityComponent(&self, value: BOOL) -> Result<()> {
    |                                                        ^^^^^^^^^^
    |
note: delayed at compiler\rustc_hir_analysis\src\hir_ty_lowering\mod.rs:2051:22 - disabled backtrace
   --> C:\Users\Mechrevo\.cargo\registry\src\index.crates.io-1949cf8c6b5b557f\webview2-com-0.38.0\src\options.rs:798:56
    |
798 |     fn SetHasAuthorityComponent(&self, value: BOOL) -> Result<()> {
    |                                                        ^^^^^^^^^^

error: internal compiler error: path with `Res::Err` but no error emitted
  --> C:\Users\Mechrevo\.cargo\registry\src\index.crates.io-1949cf8c6b5b557f\webview2-com-0.38.0\src\callback.rs:29:23
   |
29 |     fn convert(input: HRESULT) -> windows::core::Result<()> {
   |                       ^^^^^^^
   |
note: delayed at compiler\rustc_hir_analysis\src\hir_ty_lowering\mod.rs:2051:22 - disabled backtrace
  --> C:\Users\Mechrevo\.cargo\registry\src\index.crates.io-1949cf8c6b5b557f\webview2-com-0.38.0\src\callback.rs:29:23
   |
29 |     fn convert(input: HRESULT) -> windows::core::Result<()> {
   |                       ^^^^^^^

error: internal compiler error: path with `Res::Err` but no error emitted
  --> C:\Users\Mechrevo\.cargo\registry\src\index.crates.io-1949cf8c6b5b557f\webview2-com-0.38.0\src\callback.rs:29:35
   |
29 |     fn convert(input: HRESULT) -> windows::core::Result<()> {
   |                                   ^^^^^^^^^^^^^^^^^^^^^^^^^
   |
note: delayed at compiler\rustc_hir_analysis\src\hir_ty_lowering\mod.rs:2051:22 - disabled backtrace
  --> C:\Users\Mechrevo\.cargo\registry\src\index.crates.io-1949cf8c6b5b557f\webview2-com-0.38.0\src\callback.rs:29:35
   |
29 |     fn convert(input: HRESULT) -> windows::core::Result<()> {
   |                                   ^^^^^^^^^^^^^^^^^^^^^^^^^

error: internal compiler error: path with `Res::Err` but no error emitted
  --> C:\Users\Mechrevo\.cargo\registry\src\index.crates.io-1949cf8c6b5b557f\webview2-com-0.38.0\src\callback.rs:41:23
   |
41 |     fn convert(input: BOOL) -> bool {
   |                       ^^^^
   |
note: delayed at compiler\rustc_hir_analysis\src\hir_ty_lowering\mod.rs:2051:22 - disabled backtrace
  --> C:\Users\Mechrevo\.cargo\registry\src\index.crates.io-1949cf8c6b5b557f\webview2-com-0.38.0\src\callback.rs:41:23
   |
41 |     fn convert(input: BOOL) -> bool {
   |                       ^^^^

error: internal compiler error: path with `Res::Err` but no error emitted
  --> C:\Users\Mechrevo\.cargo\registry\src\index.crates.io-1949cf8c6b5b557f\webview2-com-0.38.0\src\callback.rs:53:24
   |
53 |     fn convert(input: &PCWSTR) -> String {
   |                        ^^^^^^
   |
note: delayed at compiler\rustc_hir_analysis\src\hir_ty_lowering\mod.rs:2051:22 - disabled backtrace
  --> C:\Users\Mechrevo\.cargo\registry\src\index.crates.io-1949cf8c6b5b557f\webview2-com-0.38.0\src\callback.rs:53:24
   |
53 |     fn convert(input: &PCWSTR) -> String {
   |                        ^^^^^^

error: internal compiler error: path with `Res::Err` but no error emitted
  --> C:\Users\Mechrevo\.cargo\registry\src\index.crates.io-1949cf8c6b5b557f\webview2-com-0.38.0\src\callback.rs:65:23
   |
65 |     fn convert(input: Ref<'a, I>) -> <Self as ClosureArg>::Output {
   |                       ^^^^^^^^^^
   |
note: delayed at compiler\rustc_hir_analysis\src\hir_ty_lowering\mod.rs:2051:22 - disabled backtrace
  --> C:\Users\Mechrevo\.cargo\registry\src\index.crates.io-1949cf8c6b5b557f\webview2-com-0.38.0\src\callback.rs:65:23
   |
65 |     fn convert(input: Ref<'a, I>) -> <Self as ClosureArg>::Output {
   |                       ^^^^^^^^^^

error: internal compiler error: path with `Res::Err` but no error emitted
  --> C:\Users\Mechrevo\.cargo\registry\src\index.crates.io-1949cf8c6b5b557f\webview2-com-0.38.0\src\pwstr.rs:17:33
   |
17 |     pub fn as_pcwstr(&self) -> &PCWSTR {
   |                                 ^^^^^^
   |
note: delayed at compiler\rustc_hir_analysis\src\hir_ty_lowering\mod.rs:2051:22 - disabled backtrace
  --> C:\Users\Mechrevo\.cargo\registry\src\index.crates.io-1949cf8c6b5b557f\webview2-com-0.38.0\src\pwstr.rs:17:33
   |
17 |     pub fn as_pcwstr(&self) -> &PCWSTR {
   |                                 ^^^^^^

error: internal compiler error: path with `Res::Err` but no error emitted
  --> C:\Users\Mechrevo\.cargo\registry\src\index.crates.io-1949cf8c6b5b557f\webview2-com-0.38.0\src\pwstr.rs:33:39
   |
33 |     pub fn as_pwstr(&mut self) -> &'a PWSTR {
   |                                       ^^^^^
   |
note: delayed at compiler\rustc_hir_analysis\src\hir_ty_lowering\mod.rs:2051:22 - disabled backtrace
  --> C:\Users\Mechrevo\.cargo\registry\src\index.crates.io-1949cf8c6b5b557f\webview2-com-0.38.0\src\pwstr.rs:33:39
   |
33 |     pub fn as_pwstr(&mut self) -> &'a PWSTR {
   |                                       ^^^^^

error: internal compiler error: path with `Res::Err` but no error emitted
  --> C:\Users\Mechrevo\.cargo\registry\src\index.crates.io-1949cf8c6b5b557f\webview2-com-0.38.0\src\pwstr.rs:56:31
   |
56 |     pub fn take(&mut self) -> PWSTR {
   |                               ^^^^^
   |
note: delayed at compiler\rustc_hir_analysis\src\hir_ty_lowering\mod.rs:2051:22 - disabled backtrace
  --> C:\Users\Mechrevo\.cargo\registry\src\index.crates.io-1949cf8c6b5b557f\webview2-com-0.38.0\src\pwstr.rs:56:31
   |
56 |     pub fn take(&mut self) -> PWSTR {
   |                               ^^^^^

error: internal compiler error: path with `Res::Err` but no error emitted
  --> C:\Users\Mechrevo\.cargo\registry\src\index.crates.io-1949cf8c6b5b557f\webview2-com-0.38.0\src\pwstr.rs:80:20
   |
80 |     fn from(value: PWSTR) -> Self {
   |                    ^^^^^
   |
note: delayed at compiler\rustc_hir_analysis\src\hir_ty_lowering\mod.rs:2051:22 - disabled backtrace
  --> C:\Users\Mechrevo\.cargo\registry\src\index.crates.io-1949cf8c6b5b557f\webview2-com-0.38.0\src\pwstr.rs:80:20
   |
80 |     fn from(value: PWSTR) -> Self {
   |                    ^^^^^

error: internal compiler error: path with `Res::Err` but no error emitted
   --> C:\Users\Mechrevo\.cargo\registry\src\index.crates.io-1949cf8c6b5b557f\webview2-com-0.38.0\src\pwstr.rs:117:36
    |
117 | pub fn string_from_pcwstr(source: &PCWSTR) -> String {
    |                                    ^^^^^^
    |
note: delayed at compiler\rustc_hir_analysis\src\hir_ty_lowering\mod.rs:2051:22 - disabled backtrace
   --> C:\Users\Mechrevo\.cargo\registry\src\index.crates.io-1949cf8c6b5b557f\webview2-com-0.38.0\src\pwstr.rs:117:36
    |
117 | pub fn string_from_pcwstr(source: &PCWSTR) -> String {
    |                                    ^^^^^^

error: internal compiler error: path with `Res::Err` but no error emitted
   --> C:\Users\Mechrevo\.cargo\registry\src\index.crates.io-1949cf8c6b5b557f\webview2-com-0.38.0\src\pwstr.rs:136:27
    |
136 | pub fn take_pwstr(source: PWSTR) -> String {
    |                           ^^^^^
    |
note: delayed at compiler\rustc_hir_analysis\src\hir_ty_lowering\mod.rs:2051:22 - disabled backtrace
   --> C:\Users\Mechrevo\.cargo\registry\src\index.crates.io-1949cf8c6b5b557f\webview2-com-0.38.0\src\pwstr.rs:136:27
    |
136 | pub fn take_pwstr(source: PWSTR) -> String {
    |                           ^^^^^

error: internal compiler error: path with `Res::Err` but no error emitted
   --> C:\Users\Mechrevo\.cargo\registry\src\index.crates.io-1949cf8c6b5b557f\webview2-com-0.38.0\src\pwstr.rs:141:40
    |
141 | pub fn pwstr_from_str(source: &str) -> PWSTR {
    |                                        ^^^^^
    |
note: delayed at compiler\rustc_hir_analysis\src\hir_ty_lowering\mod.rs:2051:22 - disabled backtrace
   --> C:\Users\Mechrevo\.cargo\registry\src\index.crates.io-1949cf8c6b5b557f\webview2-com-0.38.0\src\pwstr.rs:141:40
    |
141 | pub fn pwstr_from_str(source: &str) -> PWSTR {
    |                                        ^^^^^

note: we would appreciate a bug report: https://github.com/rust-lang/rust/issues/new?labels=C-bug%2C+I-ICE%2C+T-compile
r&template=ice.md

note: rustc 1.91.1 (ed61e7d7e 2025-11-07) running on x86_64-pc-windows-msvc

note: compiler flags: --crate-type lib -C opt-level=z -C linker-plugin-lto -C codegen-units=1 -C strip=symbols

note: some of the compiler flags provided by cargo are hidden

query stack during panic:
end of query stack
error: could not compile `webview2-com` (lib)

Caused by:
  process didn't exit successfully: `C:\Users\Mechrevo\.rustup\toolchains\stable-x86_64-pc-windows-msvc\bin\rustc.exe -
-crate-name webview2_com --edition=2021 C:\Users\Mechrevo\.cargo\registry\src\index.crates.io-1949cf8c6b5b557f\webview2
-com-0.38.0\src\lib.rs --error-format=json --json=diagnostic-rendered-ansi,artifacts,future-incompat --crate-type lib -
-emit=dep-info,metadata,link -C opt-level=z -C linker-plugin-lto -C codegen-units=1 --check-cfg cfg(docsrs,test) --chec
k-cfg "cfg(feature, values())" -C metadata=289dd0fdfe90590e -C extra-filename=-5fbd89545c7625cb --out-dir D:\AI\alou-pa
y\aloupay\alou-desktop\src-tauri\target\release\deps -C strip=symbols -L dependency=D:\AI\alou-pay\aloupay\alou-desktop
\src-tauri\target\release\deps --extern webview2_com_macros=D:\AI\alou-pay\aloupay\alou-desktop\src-tauri\target\releas
e\deps\webview2_com_macros-020c6fccd7d099b4.dll --extern webview2_com_sys=D:\AI\alou-pay\aloupay\alou-desktop\src-tauri
\target\release\deps\libwebview2_com_sys-1a84a5fab1ecffce.rmeta --extern windows=D:\AI\alou-pay\aloupay\alou-desktop\sr
c-tauri\target\release\deps\libwindows-476f57a1135c82aa.rmeta --extern windows_core=D:\AI\alou-pay\aloupay\alou-desktop
\src-tauri\target\release\deps\libwindows_core-19f6505ffefc25be.rmeta --extern windows_implement=D:\AI\alou-pay\aloupay
\alou-desktop\src-tauri\target\release\deps\windows_implement-b8c60d9e500ebc71.dll --extern windows_interface=D:\AI\alo
u-pay\aloupay\alou-desktop\src-tauri\target\release\deps\windows_interface-18f235b5ff2765cd.dll --cap-lints allow -L na
tive=D:\AI\alou-pay\aloupay\alou-desktop\src-tauri\target\release\build\webview2-com-sys-b62a0ed28b34426e\out\x64` (exi
t code: 101)
failed to build app: failed to build app
       Error failed to build app: failed to build app
